{"stats":{"minecraft:crafted":{"minecraft:smooth_stone":3,"quark:birch_chest":12,"expanded_combat:iron_bow":2,"globalxp:xp_block":1,"expanded_combat:diamond_dancer_s_sword":2,"minecraft:oak_pressure_plate":2,"minecraft:bookshelf":19,"quark:deepslate_furnace":1,"minecraft:iron_bars":16,"minecraft:glass":3,"minecraft:quartz_block":188,"minecraft:diamond_helmet":3,"minecraft:diamond_leggings":2,"minecraft:glass_bottle":123,"expanded_combat:diamond_bow":2,"minecraft:emerald":770,"minecraft:cooked_porkchop":3,"minecraft:diamond_axe":1,"quark:blackstone_furnace":1,"minecraft:fletching_table":1,"minecraft:hay_block":2,"minecraft:campfire":13,"minecraft:stone_slab":6,"quark:oak_chest":16,"usefulbackpacks:backpack_large":3,"minecraft:iron_pickaxe":5,"minecraft:gold_ingot":920,"minecraft:light_gray_dye":1,"minecraft:netherite_ingot":11,"minecraft:golden_carrot":62,"hangglider:glider_framework":1,"minecraft:experience_bottle":71,"minecraft:light_gray_wool":1,"spartanweaponry:diamond_battleaxe":1,"hangglider:glider_wing":2,"minecraft:andesite_wall":8,"minecraft:warped_trapdoor":8,"minecraft:ladder":4,"minecraft:ender_pearl":12,"minecraft:diamond_boots":2,"quark:andesite_bricks_slab":14,"minecraft:wheat":108,"minecraft:crossbow":17,"minecraft:netherite_pickaxe":1,"minecraft:polished_blackstone_brick_slab":30,"spartanweaponry:diamond_heavy_crossbow":15,"minecraft:enchanted_book":15,"spartanweaponry:netherite_longbow":1,"minecraft:iron_shovel":3,"minecraft:iron_leggings":3,"minecraft:white_bed":1,"minecraft:grindstone":1,"minecraft:oak_planks":7640,"minecraft:cobblestone_slab":30,"quark:andesite_pillar":16,"hangglider:hang_glider":1,"usefulbackpacks:backpack_small":3,"minecraft:cobblestone_stairs":8,"minecraft:stone":16,"minecraft:warped_planks":112,"spartanweaponry:bolt":272,"minecraft:hopper":4,"minecraft:bow":22,"minecraft:iron_boots":2,"minecraft:netherite_upgrade_smithing_template":16,"minecraft:stone_hoe":1,"minecraft:oak_fence":42,"minecraft:golden_boots":2,"expanded_combat:netherite_dancer_s_sword":1,"minecraft:smoker":4,"minecraft:oak_slab":12,"minecraft:item_frame":22,"quark:andesite_bricks_wall":10,"minecraft:crafting_table":11,"minecraft:iron_helmet":2,"minecraft:baked_potato":160,"minecraft:birch_pressure_plate":64,"minecraft:gold_block":60,"minecraft:brewing_stand":1,"minecraft:birch_planks":904,"spartanweaponry:iron_longbow":6,"minecraft:book":1,"minecraft:iron_chestplate":4,"minecraft:paper":3,"minecraft:diamond_pickaxe":3,"minecraft:charcoal":12,"minecraft:shield":1,"minecraft:stick":15734,"minecraft:iron_ingot":134,"minecraft:polished_blackstone_brick_stairs":2,"minecraft:cherry_planks":296,"artifacts:eternal_steak":2,"minecraft:oak_door":3,"minecraft:redstone":6,"expanded_combat:diamond_katana":1,"onlyhammers:diamond_hammer":3,"minecraft:furnace":17,"minecraft:blast_furnace":1,"quark:polished_blackstone_brick_vertical_slab":16,"minecraft:polished_andesite_slab":18,"minecraft:diamond_block":6,"minecraft:oak_trapdoor":14,"minecraft:flint_and_steel":2,"minecraft:iron_axe":1,"spartanweaponry:diamond_longbow":59,"usefulbackpacks:backpack_medium":3,"minecraft:netherite_scrap":0,"minecraft:cooked_beef":31,"minecraft:diamond_sword":6,"minecraft:iron_trapdoor":3,"spartanweaponry:pole":1,"minecraft:iron_sword":2,"spartanweaponry:handle":4,"minecraft:bucket":12,"minecraft:air":0,"minecraft:bread":71,"minecraft:oak_boat":1,"minecraft:white_wool":23,"minecraft:gold_nugget":498,"expanded_combat:gold_stick":8,"quark:warped_chest":7,"minecraft:stonecutter":1,"minecraft:anvil":2,"spartanweaponry:iron_heavy_crossbow":5,"minecraft:torch":56,"minecraft:blackstone_slab":6,"minecraft:lapis_lazuli":3,"minecraft:diamond_chestplate":2},"minecraft:dropped":{"expanded_combat:diamond_dancer_s_sword":1,"minecraft:clay":4,"minecraft:acacia_wood":4,"minecraft:lapis_lazuli":64,"minecraft:glass_bottle":2,"minecraft:diamond":328,"minecraft:crafting_table":2,"alexsmobs:kangaroo_meat":2,"minecraft:crossbow":19,"minecraft:glow_berries":2,"minecraft:warped_roots":8,"minecraft:fletching_table":1,"minecraft:cracked_stone_bricks":14,"minecraft:leather_helmet":1,"minecraft:item_frame":1,"minecraft:light_weighted_pressure_plate":1,"minecraft:dirt":534,"minecraft:grass":1,"minecraft:stone_button":4,"quark:andesite_bricks_slab":1,"minecraft:yellow_dye":1,"minecraft:chain":15,"minecraft:gold_nugget":137,"minecraft:sugar":1,"minecraft:iron_pickaxe":2,"onlyhammers:diamond_hammer":1,"spartanweaponry:iron_dagger":14,"artifacts:cowboy_hat":1,"minecraft:bone":27,"minecraft:oak_door":4,"minecraft:dark_oak_door":1,"minecraft:polished_blackstone_wall":9,"usefulbackpacks:backpack_large":1,"minecraft:stone_axe":1,"minecraft:cooked_chicken":3,"minecraft:ancient_debris":1,"minecraft:iron_nugget":7,"artifacts:power_glove":1,"minecraft:cobbled_deepslate":31,"alexsmobs:animal_dictionary":3,"minecraft:birch_sapling":78,"minecraft:wheat":3,"minecraft:obsidian":1,"minecraft:rotten_flesh":8520,"minecraft:oak_planks":5,"minecraft:glowstone_dust":18,"minecraft:blaze_powder":2,"minecraft:nether_brick_fence":1,"minecraft:azure_bluet":1,"minecraft:salmon":2,"minecraft:deepslate_tiles":118,"minecraft:red_candle":4,"spartanweaponry:iron_longsword":15,"minecraft:leather_boots":1,"minecraft:hopper":2,"minecraft:ladder":5,"minecraft:leather_leggings":1,"spartanweaponry:iron_rapier":19,"minecraft:lectern":6,"minecraft:egg":1,"minecraft:golden_boots":1,"minecraft:iron_ingot":42,"minecraft:wheat_seeds":150,"minecraft:cobbled_deepslate_stairs":3,"minecraft:polished_blackstone":8,"minecraft:smooth_quartz_stairs":1,"minecraft:netherite_chestplate":1,"minecraft:oak_fence":8,"quark:polished_blackstone_brick_vertical_slab":2,"minecraft:yellow_terracotta":6,"minecraft:feather":15,"minecraft:cobblestone":611,"minecraft:deepslate_tile_slab":14,"minecraft:coal":8,"minecraft:polished_blackstone_stairs":9,"minecraft:polished_andesite":66,"minecraft:lava_bucket":1,"minecraft:stripped_crimson_stem":2,"minecraft:iron_trapdoor":3,"minecraft:wooden_axe":1,"minecraft:potion":3,"minecraft:white_banner":2,"minecraft:smooth_stone":2,"minecraft:paper":2,"minecraft:iron_shovel":3,"minecraft:string":148,"minecraft:trapped_chest":1,"minecraft:acacia_planks":2,"minecraft:furnace":1,"minecraft:moss_carpet":6,"minecraft:zombie_spawn_egg":44,"minecraft:soul_torch":2,"minecraft:green_terracotta":35,"minecraft:stone_sword":8,"minecraft:cobblestone_wall":10,"minecraft:deepslate":41,"minecraft:stone_shovel":28,"minecraft:chicken":4,"minecraft:clay_ball":57,"minecraft:spruce_fence":1,"minecraft:shears":2,"minecraft:potato":488,"minecraft:cobblestone_slab":21,"minecraft:shroomlight":1,"minecraft:stone":7,"minecraft:flower_pot":4,"minecraft:spruce_trapdoor":8,"minecraft:diamond_pickaxe":5,"minecraft:yellow_bed":2,"artifacts:eternal_steak":5,"minecraft:spider_eye":24,"minecraft:redstone_torch":1,"minecraft:stone_pressure_plate":5,"minecraft:barrel":2,"minecraft:stone_bricks":58,"minecraft:bow":28,"minecraft:magma_block":29,"spartanweaponry:diamond_longbow":68,"minecraft:nether_brick_stairs":2,"minecraft:warped_stem":5,"alexsmobs:straddlite":1,"minecraft:brown_mushroom":2,"minecraft:candle":2,"minecraft:moss_block":14,"minecraft:birch_planks":22,"minecraft:diamond_axe":2,"minecraft:oak_log":86,"minecraft:baked_potato":301,"minecraft:golden_pickaxe":1,"minecraft:lime_terracotta":78,"minecraft:lantern":7,"minecraft:deepslate_tile_wall":9,"minecraft:leather":25,"minecraft:polished_blackstone_brick_wall":4,"spartanweaponry:wooden_longbow":1,"alexsmobs:bison_fur":7,"minecraft:flint":3,"minecraft:cod":1,"minecraft:cobblestone_stairs":2,"artifacts:night_vision_goggles":2,"minecraft:cyan_terracotta":3,"minecraft:cracked_polished_blackstone_bricks":11,"minecraft:crimson_trapdoor":2,"minecraft:dispenser":1,"minecraft:polished_blackstone_brick_stairs":2,"minecraft:cornflower":1,"minecraft:amethyst_shard":38,"spartanweaponry:iron_katana":18,"minecraft:polished_blackstone_bricks":18,"minecraft:gravel":16,"minecraft:chiseled_polished_blackstone":1,"minecraft:blackstone":943,"spartanweaponry:iron_heavy_crossbow":7,"spartanweaponry:diamond_heavy_crossbow":13,"minecraft:pointed_dripstone":2,"minecraft:cherry_sapling":364,"artifacts:villager_hat":10,"spartanweaponry:iron_saber":22,"spartanweaponry:iron_longbow":7,"minecraft:carrot":130,"minecraft:poppy":35,"minecraft:leather_chestplate":1,"minecraft:gunpowder":2,"minecraft:azalea":4,"minecraft:chest":1,"minecraft:blackstone_slab":1,"minecraft:basalt":83,"minecraft:iron_bars":8,"minecraft:arrow":127,"minecraft:scaffolding":3,"minecraft:netherrack":854,"minecraft:bread":99,"minecraft:stone_hoe":1,"minecraft:water_bucket":1,"expanded_combat:netherite_dancer_s_sword":2,"minecraft:oak_slab":1,"expanded_combat:diamond_bow":1,"minecraft:mossy_cobblestone":2,"minecraft:diamond_leggings":1,"minecraft:poisonous_potato":16,"minecraft:golden_axe":2,"onlyhammers:netherite_hammer":2,"minecraft:nether_brick_wall":1,"minecraft:tropical_fish":1,"minecraft:spruce_stairs":2,"minecraft:grass_block":1,"minecraft:stick":34,"minecraft:deepslate_brick_stairs":3,"spartanweaponry:iron_flanged_mace":11,"quark:clear_shard":11,"spartanweaponry:iron_battleaxe":10,"minecraft:melon_slice":2,"minecraft:smooth_quartz":1,"minecraft:brown_wool":1,"minecraft:iron_door":4,"spartanweaponry:iron_greatsword":15,"minecraft:iron_leggings":3,"minecraft:polished_blackstone_brick_slab":4,"minecraft:polished_andesite_stairs":14,"minecraft:iron_axe":1,"minecraft:pink_petals":4,"minecraft:bucket":1,"minecraft:dandelion":3,"minecraft:smooth_basalt":4,"minecraft:redstone":13,"spartanweaponry:iron_battle_hammer":25,"minecraft:nether_brick_slab":6,"alexsmobs:maggot":6,"minecraft:oak_trapdoor":4,"minecraft:coarse_dirt":7,"minecraft:raw_copper":6,"minecraft:tuff":22,"minecraft:raw_iron":1,"minecraft:light_gray_wool":1,"quark:orange_shard":4,"minecraft:light_gray_candle":11,"minecraft:netherite_leggings":1,"minecraft:flint_and_steel":1,"minecraft:deepslate_bricks":51,"spartanweaponry:iron_warhammer":14,"minecraft:iron_chestplate":2,"minecraft:andesite":3,"minecraft:mossy_stone_bricks":5,"minecraft:golden_leggings":1,"minecraft:oak_sapling":711,"minecraft:slime_ball":9,"quark:purple_shard":5,"minecraft:stone_pickaxe":15,"minecraft:raw_gold":1,"minecraft:magma_cream":1,"minecraft:cracked_deepslate_bricks":24,"minecraft:calcite":72},"minecraft:broken":{"minecraft:diamond_helmet":1,"minecraft:diamond_pickaxe":3,"minecraft:iron_pickaxe":2,"minecraft:iron_helmet":1,"minecraft:iron_shovel":1,"onlyhammers:diamond_hammer":1,"minecraft:leather_leggings":1,"minecraft:golden_shovel":1,"minecraft:flint_and_steel":2,"minecraft:golden_pickaxe":1},"minecraft:killed":{"guardvillagers:guard":1,"minecraft:cave_spider":959,"minecraft:skeleton":67,"minecraft:chicken":4,"alexsmobs:straddler":33,"alexsmobs:laviathan":2,"minecraft:cat":1,"minecraft:magma_cube":65,"minecraft:iron_golem":30,"minecraft:donkey":1,"minecraft:zombie":2371,"alexsmobs:maned_wolf":1,"minecraft:glow_squid":4,"minecraft:cow":8,"alexsmobs:raccoon":3,"quark:toretoise":4,"creeperoverhaul:snowy_creeper":1,"alexsmobs:rocky_roller":1,"alexsmobs:catfish":1,"endermanoverhaul:cave_enderman":2,"quark:wraith":2,"minecraft:enderman":4,"alexsmobs:hummingbird":1,"minecraft:witch":3,"minecraft:zombified_piglin":12,"minecraft:spider":24,"quark:forgotten":1,"minecraft:silverfish":4,"minecraft:piglin_brute":76,"alexsmobs:kangaroo":1,"artifacts:mimic":2,"minecraft:piglin":51,"minecraft:pig":4,"alexsmobs:grizzly_bear":3,"quark:stoneling":1,"minecraft:zombie_villager":3,"alexsmobs:stradpole":11,"minecraft:creeper":19,"alexsmobs:crimson_mosquito":1,"alexsmobs:warped_toad":2,"minecraft:sheep":5,"minecraft:trader_llama":4,"minecraft:ghast":7,"alexsmobs:fly":3,"minecraft:blaze":66,"alexsmobs:bone_serpent":2,"minecraft:vex":4,"minecraft:slime":17,"minecraft:phantom":15,"alexsmobs:bison":2,"minecraft:drowned":1,"quark:foxhound":3,"minecraft:hoglin":10,"alexsmobs:crow":1,"minecraft:wither_skeleton":60,"minecraft:villager":11},"minecraft:used":{"minecraft:moss_block":2,"expanded_combat:diamond_dancer_s_sword":2317,"quark:andesite_bricks_wall":6,"minecraft:polished_blackstone":26,"minecraft:chest":1,"minecraft:ladder":5,"minecraft:spruce_slab":1,"minecraft:poppy":1,"minecraft:stone":123,"minecraft:rotten_flesh":6,"spartanweaponry:netherite_longbow":147,"minecraft:snowball":1,"spartanweaponry:diamond_battleaxe":598,"minecraft:lava_bucket":137,"minecraft:grass_block":2,"minecraft:quartz_block":197,"minecraft:birch_sapling":17,"minecraft:stone_brick_stairs":1,"minecraft:bow":5,"minecraft:furnace":19,"minecraft:oak_sapling":283,"minecraft:egg":1,"minecraft:potato":63,"spartanweaponry:iron_greatsword":9,"minecraft:mossy_stone_bricks":3,"minecraft:infested_stone":20,"minecraft:blackstone":707,"artifacts:eternal_steak":451,"quark:warped_chest":5,"minecraft:golden_apple":3,"minecraft:sand":9,"minecraft:blast_furnace":1,"minecraft:gray_concrete":3,"quark:andesite_bricks_slab":19,"minecraft:deepslate_tiles":3,"minecraft:birch_slab":2,"minecraft:lectern":123,"minecraft:oak_pressure_plate":2,"minecraft:polished_andesite_slab":24,"minecraft:diamond_sword":483,"minecraft:fire_charge":3,"globalxp:xp_block":1,"minecraft:birch_log":82,"minecraft:oak_boat":5,"minecraft:oak_trapdoor":21,"minecraft:polished_blackstone_brick_slab":41,"minecraft:enchanting_table":4,"minecraft:stone_sword":21,"minecraft:netherrack":3571,"minecraft:polished_blackstone_wall":1,"minecraft:torch":174,"expanded_combat:netherite_dancer_s_sword":1456,"minecraft:brewing_stand":5,"minecraft:warped_wart_block":6,"minecraft:anvil":2,"minecraft:wheat":15,"quark:andesite_pillar":15,"minecraft:nether_quartz_ore":5,"minecraft:twisting_vines":1,"minecraft:stone_stairs":5,"minecraft:nether_brick_slab":2,"minecraft:golden_shovel":43,"minecraft:nether_brick_stairs":2,"minecraft:shroomlight":1,"minecraft:rooted_dirt":6,"minecraft:iron_axe":55,"minecraft:slime_block":15,"minecraft:smooth_basalt":34,"minecraft:diamond_chestplate":1,"minecraft:basalt":69,"minecraft:cobbled_deepslate":252,"minecraft:wheat_seeds":50,"minecraft:water_bucket":456,"minecraft:warped_stem":1,"minecraft:birch_planks":1,"minecraft:fletching_table":14,"minecraft:gold_ore":1,"minecraft:deepslate_bricks":7,"minecraft:cracked_stone_bricks":4,"minecraft:polished_blackstone_bricks":1088,"minecraft:gilded_blackstone":1,"minecraft:salmon":2,"minecraft:lime_terracotta":26,"minecraft:tnt":1,"minecraft:crafting_table":28,"minecraft:oak_slab":32,"minecraft:red_bed":9,"minecraft:white_bed":10,"minecraft:campfire":13,"minecraft:cod":11,"minecraft:oak_log":9,"minecraft:diamond_pickaxe":10315,"expanded_combat:diamond_bow":454,"minecraft:warped_trapdoor":11,"minecraft:diamond_shovel":2580,"minecraft:iron_pickaxe":541,"minecraft:cobblestone":3570,"minecraft:potion":1,"minecraft:cooked_porkchop":3,"quark:oak_chest":28,"minecraft:dandelion":3,"minecraft:candle":2,"minecraft:iron_shovel":414,"minecraft:oak_sign":3,"minecraft:shield":12,"minecraft:iron_sword":3,"minecraft:zombie_spawn_egg":28,"minecraft:green_terracotta":36,"minecraft:mutton":1,"endrem:cursed_eye":1,"minecraft:nether_bricks":30,"minecraft:carrot":2,"minecraft:tuff":3,"minecraft:obsidian":16,"expanded_combat:diamond_katana":626,"minecraft:cyan_terracotta":47,"minecraft:coal_ore":3,"quark:deepslate_furnace":2,"minecraft:lantern":6,"minecraft:stone_bricks":9,"minecraft:item_frame":14,"minecraft:deepslate_diamond_ore":1,"minecraft:red_carpet":2,"minecraft:magma_block":52,"minecraft:scaffolding":2,"minecraft:gray_bed":2,"minecraft:gold_block":4,"minecraft:golden_boots":5,"minecraft:diamond_boots":6,"spartanweaponry:diamond_heavy_crossbow":126,"minecraft:stone_pickaxe":47,"minecraft:oak_planks":424,"minecraft:ender_pearl":1,"minecraft:sugar_cane":6,"minecraft:diamond_axe":158,"minecraft:yellow_terracotta":5,"alexscaves:cave_book":1,"minecraft:black_banner":2,"minecraft:cave_spider_spawn_egg":35,"minecraft:blackstone_wall":1,"minecraft:deepslate_lapis_ore":5,"quark:blackstone_furnace":1,"minecraft:melon_slice":3,"minecraft:bread":51,"quark:gold_bars":3,"onlyhammers:netherite_hammer":57176,"minecraft:deepslate":107,"minecraft:gravel":97,"quark:soul_bead":2,"minecraft:blackstone_slab":14,"minecraft:grindstone":3,"spartanweaponry:diamond_longbow":6,"minecraft:andesite":64,"minecraft:coarse_dirt":6,"minecraft:bone_meal":3,"minecraft:oak_fence":26,"minecraft:golden_pickaxe":448,"minecraft:cobweb":5,"minecraft:experience_bottle":73,"quark:polished_blackstone_brick_vertical_slab":33,"quark:birch_chest":29,"minecraft:flint_and_steel":123,"minecraft:stone_hoe":5,"minecraft:oak_door":2,"minecraft:dirt":1261,"minecraft:hopper":10,"minecraft:diamond_helmet":1,"minecraft:cobblestone_wall":1,"minecraft:golden_chestplate":1,"spartanweaponry:iron_longbow":1,"minecraft:andesite_wall":6,"minecraft:bookshelf":19,"onlyhammers:diamond_hammer":31903,"spartanweaponry:iron_rapier":2,"minecraft:polished_blackstone_brick_stairs":422,"minecraft:iron_boots":1,"minecraft:golden_carrot":54,"spartanweaponry:iron_battle_hammer":1,"minecraft:netherite_pickaxe":553,"minecraft:infested_cobblestone":12,"minecraft:stone_pressure_plate":2,"minecraft:cooked_beef":31,"minecraft:iron_ore":4,"minecraft:cobblestone_stairs":10,"minecraft:red_nether_bricks":1,"minecraft:stonecutter":9,"minecraft:cobblestone_slab":88,"spartanweaponry:netherite_heavy_crossbow":13,"minecraft:smoker":9,"minecraft:warped_planks":9,"minecraft:apple":29,"minecraft:cracked_polished_blackstone_bricks":8,"minecraft:stone_axe":9,"minecraft:pink_petals":1,"ironfurnaces:emerald_furnace":6,"minecraft:bucket":597,"minecraft:yellow_bed":4,"minecraft:smooth_stone":1},"minecraft:mined":{"minecraft:white_bed":10,"minecraft:red_nether_bricks":6,"minecraft:cherry_log":86,"minecraft:obsidian":19,"minecraft:chiseled_polished_blackstone":8,"minecraft:deepslate_tile_wall":13,"minecraft:coal_block":24,"minecraft:deepslate_bricks":66,"minecraft:deepslate_tile_stairs":27,"minecraft:oxeye_daisy":1,"minecraft:oak_wall_sign":3,"minecraft:hopper":7,"minecraft:nether_wart":40,"minecraft:chiseled_stone_bricks":1,"minecraft:red_stained_glass_pane":2,"minecraft:spawner":11,"minecraft:polished_blackstone_bricks":701,"minecraft:tall_seagrass":1,"minecraft:magma_block":738,"minecraft:mossy_cobblestone_stairs":1,"minecraft:cobbled_deepslate":35,"minecraft:barrel":1,"minecraft:fire":94,"minecraft:deepslate_lapis_ore":51,"minecraft:fletching_table":11,"minecraft:nether_brick_stairs":2,"minecraft:enchanting_table":4,"minecraft:deepslate_brick_stairs":3,"minecraft:iron_block":1,"minecraft:red_bed":8,"quark:nether_brick_chest":6,"minecraft:crimson_nylium":6,"minecraft:smoker":5,"minecraft:soul_fire":8,"minecraft:deepslate_tile_slab":21,"quark:gold_bars":3,"minecraft:torch":17,"minecraft:blast_furnace":2,"minecraft:polished_andesite_stairs":16,"minecraft:melon":1,"minecraft:dead_bush":1,"minecraft:white_stained_glass_pane":16,"minecraft:nether_brick_slab":2,"minecraft:smooth_quartz_slab":2,"minecraft:sugar_cane":34,"minecraft:birch_sapling":1,"minecraft:chain":17,"quark:cherry_bookshelf":16,"minecraft:wheat":5,"minecraft:stone_brick_stairs":2,"quark:birch_chest":17,"minecraft:grass":617,"minecraft:smooth_quartz":2,"minecraft:smooth_basalt":122,"quark:andesite_pillar":3,"minecraft:stonecutter":9,"minecraft:deepslate":2293,"minecraft:yellow_terracotta":11,"minecraft:deepslate_tiles":247,"minecraft:mossy_cobblestone":3,"minecraft:nether_brick_wall":2,"minecraft:nether_bricks":43,"minecraft:birch_fence_gate":1,"minecraft:spruce_fence":1,"minecraft:red_mushroom":1,"minecraft:moss_block":5,"minecraft:cartography_table":1,"minecraft:black_stained_glass_pane":4,"minecraft:red_sandstone":216,"minecraft:acacia_wood":2,"minecraft:andesite":8838,"minecraft:green_terracotta":76,"minecraft:mossy_stone_brick_stairs":1,"minecraft:potatoes":19,"minecraft:vine":1,"minecraft:cobblestone_slab":67,"minecraft:warped_stem":1,"minecraft:bamboo":6,"minecraft:smooth_quartz_stairs":1,"minecraft:warped_trapdoor":4,"minecraft:bone_block":21,"minecraft:oak_slab":18,"minecraft:gray_concrete":8,"minecraft:soul_sand":12,"quark:oak_chest":11,"minecraft:observer":1,"minecraft:polished_blackstone_brick_wall":6,"minecraft:emerald_ore":4,"minecraft:dropper":1,"minecraft:warped_roots":1,"minecraft:campfire":3,"minecraft:copper_ore":149,"minecraft:tall_grass":349,"minecraft:deepslate_gold_ore":51,"minecraft:cracked_deepslate_bricks":27,"minecraft:warped_wart_block":7,"minecraft:red_terracotta":57,"minecraft:coarse_dirt":15,"minecraft:cobblestone_wall":6,"minecraft:purple_stained_glass":3,"globalxp:xp_block":1,"quark:deepslate_furnace":2,"minecraft:gravel":338,"minecraft:cobweb":30,"minecraft:acacia_planks":2,"minecraft:polished_blackstone":46,"minecraft:stone_bricks":91,"minecraft:gold_ore":11,"minecraft:fern":2,"quark:andesite_bricks_slab":6,"minecraft:farmland":10,"quark:cherry_chest":2,"minecraft:cobbled_deepslate_stairs":3,"minecraft:cobblestone_stairs":9,"minecraft:orange_stained_glass":2,"minecraft:brewing_stand":4,"minecraft:spruce_trapdoor":10,"minecraft:cave_vines_plant":3,"minecraft:grass_block":725,"minecraft:cracked_polished_blackstone_bricks":72,"minecraft:soul_soil":2,"minecraft:polished_blackstone_brick_slab":14,"minecraft:gilded_blackstone":3,"minecraft:mossy_cobblestone_slab":1,"minecraft:glowstone":15,"minecraft:iron_ore":188,"minecraft:azure_bluet":1,"minecraft:flowering_azalea_leaves":2,"minecraft:iron_bars":8,"quark:warped_chest":1,"minecraft:azalea_leaves":1,"minecraft:azalea":1,"minecraft:deepslate_redstone_ore":7,"minecraft:quartz_block":18,"minecraft:blackstone":3842,"minecraft:polished_blackstone_wall":10,"minecraft:cyan_terracotta":37,"minecraft:twisting_vines_plant":3,"minecraft:clay":33,"minecraft:calcite":150,"minecraft:poppy":2,"minecraft:chest":2,"minecraft:cobblestone":626,"minecraft:nether_quartz_ore":942,"ironfurnaces:emerald_furnace":6,"minecraft:slime_block":20,"minecraft:grindstone":3,"minecraft:oak_planks":117,"minecraft:iron_door":6,"minecraft:wall_torch":32,"minecraft:deepslate_copper_ore":1,"minecraft:pink_petals":1,"minecraft:stone_stairs":5,"minecraft:light_weighted_pressure_plate":2,"minecraft:red_candle":1,"minecraft:light_gray_candle":11,"minecraft:warped_nylium":93,"minecraft:mossy_stone_brick_wall":1,"minecraft:warped_planks":6,"minecraft:birch_log":333,"minecraft:oak_log":2007,"minecraft:lime_terracotta":128,"minecraft:sand":442,"minecraft:dirt":1706,"quark:hollow_oak_log":1,"minecraft:dispenser":1,"minecraft:netherrack":53326,"minecraft:ancient_debris":73,"minecraft:oak_leaves":8,"alexscaves:spelunkery_table":1,"minecraft:nether_gold_ore":274,"minecraft:tuff":34,"minecraft:candle":1,"minecraft:blackstone_wall":6,"minecraft:deepslate_diamond_ore":154,"minecraft:ladder":4,"minecraft:stone_button":1,"minecraft:polished_andesite_slab":11,"minecraft:birch_slab":2,"minecraft:rooted_dirt":55,"minecraft:hay_block":11,"minecraft:oak_trapdoor":15,"minecraft:furnace":5,"minecraft:carrots":14,"minecraft:nether_sprouts":1,"minecraft:gold_block":104,"minecraft:nether_brick_fence":1,"minecraft:bookshelf":4,"minecraft:deepslate_iron_ore":79,"minecraft:lantern":7,"minecraft:stone":11852,"minecraft:redstone_wall_torch":1,"minecraft:scaffolding":2,"minecraft:flowering_azalea":2,"minecraft:infested_stone_bricks":1,"minecraft:basalt":3244,"minecraft:oak_fence":25,"minecraft:crafting_table":20,"minecraft:blackstone_slab":9,"minecraft:lectern":129,"minecraft:andesite_wall":9,"minecraft:lapis_ore":17,"minecraft:polished_blackstone_brick_stairs":134,"minecraft:spruce_stairs":1,"minecraft:birch_planks":1,"minecraft:polished_blackstone_stairs":10,"minecraft:redstone_torch":1,"minecraft:black_wall_banner":2,"minecraft:gray_bed":2,"minecraft:yellow_bed":3,"minecraft:black_wool":1,"minecraft:coal_ore":242,"minecraft:cracked_stone_bricks":22,"minecraft:polished_andesite":78,"minecraft:mossy_stone_bricks":15,"quark:polished_blackstone_brick_vertical_slab":18},"minecraft:picked_up":{"quark:diamond_heart":1,"minecraft:iron_chestplate":1,"minecraft:lead":2,"minecraft:oak_stairs":1,"minecraft:enchanted_book":22,"minecraft:golden_shovel":1,"alexsmobs:bone_serpent_tooth":1,"minecraft:infested_stone":20,"minecraft:brewing_stand":4,"expanded_combat:diamond_katana":1,"minecraft:polished_blackstone_brick_stairs":125,"minecraft:string":239,"minecraft:red_nether_bricks":1,"minecraft:shroomlight":2,"minecraft:gold_nugget":845,"minecraft:cobbled_deepslate":300,"quark:andesite_pillar":3,"minecraft:melon_slice":5,"minecraft:coal_block":24,"minecraft:dark_oak_door":1,"minecraft:polished_blackstone_brick_slab":46,"minecraft:polished_blackstone_stairs":9,"spartanweaponry:diamond_heavy_crossbow":1,"minecraft:golden_axe":2,"minecraft:cherry_log":77,"minecraft:warped_planks":6,"minecraft:golden_chestplate":2,"minecraft:green_terracotta":76,"minecraft:zombie_spawn_egg":88,"minecraft:stone_sword":6,"quark:clear_shard":11,"minecraft:tropical_fish":9,"artifacts:villager_hat":11,"expanded_combat:netherite_dancer_s_sword":2,"minecraft:blackstone_wall":2,"minecraft:iron_block":1,"minecraft:cyan_terracotta":18,"minecraft:blaze_rod":20,"minecraft:iron_bars":3,"minecraft:snowball":1,"minecraft:birch_log":328,"minecraft:magma_block":132,"spartanweaponry:iron_warhammer":4,"minecraft:feather":19,"spartanweaponry:handle":3,"minecraft:iron_door":7,"minecraft:birch_slab":2,"spartanweaponry:iron_battleaxe":7,"minecraft:brown_wool":1,"artifacts:thorn_pendant":1,"minecraft:smoker":5,"quark:warped_chest":1,"alexsmobs:bison_fur":1,"minecraft:flint":25,"minecraft:gray_concrete":3,"minecraft:lantern":15,"spartanweaponry:iron_rapier":10,"minecraft:twisting_vines":1,"minecraft:stonecutter":11,"spartanweaponry:iron_greatsword":4,"quark:soul_bead":2,"minecraft:glowstone_dust":49,"minecraft:moss_block":17,"spartanweaponry:iron_saber":7,"minecraft:chiseled_polished_blackstone":1,"minecraft:warped_wart_block":6,"minecraft:lime_terracotta":105,"minecraft:stripped_crimson_stem":2,"minecraft:birch_fence_gate":1,"spartanweaponry:wooden_longbow":1,"minecraft:trapped_chest":1,"minecraft:barrel":3,"alexsmobs:animal_dictionary":3,"onlyhammers:netherite_hammer":2,"spartanweaponry:pole":1,"minecraft:polished_andesite":66,"minecraft:dispenser":1,"minecraft:deepslate":148,"quark:andesite_bricks_slab":8,"spartanweaponry:iron_heavy_crossbow":2,"minecraft:golden_horse_armor":3,"minecraft:bread":16,"alexsmobs:maggot":8,"minecraft:rooted_dirt":55,"minecraft:diamond_pickaxe":6,"minecraft:crafting_table":20,"minecraft:coarse_dirt":17,"minecraft:nether_wart":41,"minecraft:clay_ball":194,"minecraft:golden_pickaxe":1,"minecraft:leather_leggings":1,"quark:nether_brick_chest":6,"minecraft:infested_cobblestone":12,"minecraft:crimson_trapdoor":2,"minecraft:red_bed":10,"artifacts:power_glove":2,"minecraft:flint_and_steel":2,"minecraft:iron_shovel":1,"minecraft:polished_blackstone_wall":10,"minecraft:cracked_stone_bricks":20,"minecraft:cartography_table":1,"minecraft:deepslate_diamond_ore":1,"minecraft:beef":32,"minecraft:poppy":37,"minecraft:spruce_slab":1,"minecraft:chest":2,"minecraft:birch_sapling":98,"globalxp:xp_block":1,"minecraft:egg":2,"minecraft:stone":133,"minecraft:oak_door":5,"alexsmobs:straddlite":5,"minecraft:spruce_fence":1,"minecraft:carrot":429,"minecraft:redstone":44,"artifacts:everlasting_beef":1,"minecraft:stone_shovel":4,"minecraft:deepslate_bricks":58,"minecraft:hay_block":12,"minecraft:cracked_deepslate_bricks":24,"minecraft:yellow_terracotta":11,"minecraft:gold_ingot":37,"artifacts:pocket_piston":1,"minecraft:polished_blackstone":14,"minecraft:glow_berries":10,"minecraft:mutton":6,"minecraft:white_wool":4,"alexsmobs:kangaroo_meat":2,"minecraft:bone_block":39,"minecraft:oxeye_daisy":1,"minecraft:yellow_dye":1,"minecraft:blackstone_slab":8,"spartanweaponry:iron_longsword":7,"minecraft:acacia_wood":4,"minecraft:oak_log":1974,"minecraft:ancient_debris":72,"minecraft:white_banner":2,"minecraft:apple":71,"minecraft:stone_bricks":66,"minecraft:warped_stem":6,"minecraft:stone_pickaxe":6,"minecraft:iron_ore":4,"minecraft:glass_bottle":3,"minecraft:gray_bed":3,"spartanweaponry:iron_dagger":5,"minecraft:iron_sword":1,"minecraft:flowering_azalea":2,"minecraft:polished_andesite_stairs":14,"minecraft:smooth_basalt":94,"minecraft:gravel":97,"minecraft:leather_helmet":1,"spartanweaponry:iron_battle_hammer":8,"minecraft:coal_ore":3,"minecraft:slime_ball":46,"quark:polished_blackstone_brick_vertical_slab":19,"minecraft:rib_armor_trim_smithing_template":1,"minecraft:diamond_axe":2,"minecraft:polished_blackstone_brick_wall":4,"minecraft:warped_roots":8,"minecraft:baked_potato":168,"minecraft:hopper":6,"minecraft:ender_pearl":4,"minecraft:wheat":94,"minecraft:nether_brick_fence":1,"minecraft:potion":6,"minecraft:gilded_blackstone":1,"minecraft:stone_brick_stairs":1,"spartanweaponry:iron_katana":12,"minecraft:raw_copper":60,"minecraft:deepslate_lapis_ore":5,"minecraft:iron_leggings":2,"minecraft:red_candle":4,"minecraft:experience_bottle":2,"spartanweaponry:bolt":3,"minecraft:oak_sign":3,"minecraft:deepslate_tiles":119,"alexsmobs:blood_sac":1,"minecraft:smooth_stone":3,"minecraft:light_weighted_pressure_plate":1,"minecraft:ender_eye":1,"minecraft:redstone_torch":2,"minecraft:cobblestone_slab":81,"minecraft:calcite":70,"minecraft:azalea":4,"minecraft:smooth_quartz":1,"minecraft:deepslate_tile_wall":9,"spartanweaponry:iron_flanged_mace":5,"minecraft:smooth_quartz_stairs":1,"minecraft:iron_boots":1,"minecraft:furnace":9,"minecraft:stick":593,"minecraft:oak_fence":26,"minecraft:torch":96,"minecraft:spruce_stairs":2,"minecraft:porkchop":7,"minecraft:andesite_wall":6,"minecraft:quartz_block":18,"minecraft:rotten_flesh":2217,"minecraft:deepslate_brick_stairs":3,"minecraft:obsidian":16,"minecraft:cod":1,"minecraft:blaze_powder":2,"minecraft:cobblestone":4404,"quark:andesite_bricks_wall":3,"spartanweaponry:diamond_longbow":13,"minecraft:enchanting_table":4,"minecraft:pink_petals":5,"minecraft:leather_chestplate":1,"minecraft:magma_cream":45,"minecraft:andesite":146,"minecraft:potato":1380,"minecraft:tuff":33,"minecraft:warped_trapdoor":4,"minecraft:wither_skeleton_skull":2,"alexsmobs:rocky_shell":1,"minecraft:lapis_lazuli":372,"minecraft:dirt":2026,"minecraft:leather_boots":1,"minecraft:bone":197,"minecraft:acacia_planks":2,"minecraft:bow":7,"minecraft:wheat_seeds":284,"quark:purple_shard":5,"minecraft:raw_gold":124,"minecraft:grindstone":4,"minecraft:mossy_stone_bricks":8,"minecraft:fletching_table":15,"minecraft:bamboo":12,"minecraft:oak_planks":405,"minecraft:ghast_tear":2,"minecraft:poisonous_potato":19,"minecraft:sand":444,"minecraft:nether_brick_stairs":4,"minecraft:grass_block":3,"minecraft:mossy_cobblestone":2,"quark:gold_bars":3,"minecraft:sugar":3,"minecraft:clay":4,"minecraft:diamond":595,"minecraft:slime_block":24,"minecraft:cracked_polished_blackstone_bricks":19,"minecraft:crossbow":2,"minecraft:grass":1,"minecraft:bone_meal":3,"minecraft:emerald":139,"minecraft:oak_sapling":1029,"minecraft:netherrack":6460,"minecraft:charcoal":6,"minecraft:azure_bluet":1,"artifacts:night_vision_goggles":2,"minecraft:chicken":6,"minecraft:ladder":6,"minecraft:brown_mushroom":2,"quark:orange_shard":4,"minecraft:gold_block":108,"minecraft:chain":15,"minecraft:oak_trapdoor":14,"minecraft:stone_stairs":5,"minecraft:moss_carpet":9,"minecraft:iron_axe":1,"minecraft:item_frame":3,"minecraft:blackstone":3224,"minecraft:candle":4,"spartanweaponry:iron_longbow":1,"onlyhammers:diamond_hammer":1,"minecraft:oak_boat":6,"minecraft:light_gray_wool":1,"minecraft:lectern":129,"minecraft:sugar_cane":91,"minecraft:spruce_trapdoor":8,"minecraft:phantom_membrane":5,"minecraft:raw_iron":408,"expanded_combat:diamond_dancer_s_sword":3,"minecraft:polished_blackstone_bricks":548,"quark:deepslate_furnace":2,"minecraft:stone_button":4,"quark:birch_chest":17,"minecraft:stone_pressure_plate":7,"minecraft:dark_oak_planks":32,"minecraft:arrow":201,"artifacts:cowboy_hat":1,"minecraft:nether_bricks":31,"alexscaves:spelunkery_table":1,"minecraft:saddle":2,"minecraft:black_banner":2,"minecraft:nether_brick_wall":1,"minecraft:basalt":843,"artifacts:eternal_steak":4,"minecraft:glow_ink_sac":19,"minecraft:salmon":4,"minecraft:leather":65,"minecraft:cobblestone_wall":11,"minecraft:yellow_bed":7,"minecraft:cobbled_deepslate_stairs":3,"minecraft:gunpowder":41,"minecraft:cobblestone_stairs":6,"minecraft:deepslate_tile_slab":14,"quark:forgotten_hat":1,"minecraft:red_carpet":2,"minecraft:rabbit_hide":15,"minecraft:iron_ingot":144,"minecraft:cooked_chicken":3,"minecraft:polished_andesite_slab":7,"minecraft:soul_sand":10,"minecraft:book":69,"minecraft:scaffolding":5,"minecraft:oak_slab":23,"minecraft:nether_quartz_ore":5,"minecraft:quartz":1153,"minecraft:dandelion":6,"minecraft:lava_bucket":1,"minecraft:soul_torch":6,"minecraft:blast_furnace":2,"minecraft:white_bed":12,"minecraft:nether_brick_slab":8,"minecraft:gold_ore":1,"quark:oak_chest":13,"minecraft:spider_eye":106,"usefulbackpacks:backpack_large":1,"minecraft:light_gray_candle":11,"minecraft:iron_helmet":1,"minecraft:cherry_sapling":372,"ironfurnaces:emerald_furnace":6,"minecraft:black_wool":1,"minecraft:coal":735,"minecraft:wooden_axe":1},"minecraft:custom":{"minecraft:interact_with_crafting_table":238,"minecraft:open_barrel":219,"minecraft:eat_cake_slice":1,"minecraft:leave_game":44,"minecraft:time_since_death":1191403,"minecraft:damage_blocked_by_shield":829,"minecraft:play_time":2213074,"minecraft:deaths":26,"minecraft:jump":34784,"minecraft:enchant_item":31,"minecraft:interact_with_furnace":295,"minecraft:traded_with_villager":1013,"minecraft:interact_with_cartography_table":3,"minecraft:sleep_in_bed":41,"minecraft:damage_dealt":277284,"minecraft:interact_with_smoker":22,"minecraft:interact_with_smithing_table":15,"minecraft:inspect_dropper":1,"minecraft:interact_with_anvil":57,"minecraft:inspect_hopper":51,"minecraft:damage_dealt_absorbed":16687,"minecraft:sneak_time":134910,"minecraft:interact_with_blast_furnace":6,"minecraft:total_world_time":2213074,"minecraft:interact_with_stonecutter":41,"minecraft:time_since_rest":84085,"minecraft:swim_one_cm":118741,"minecraft:fly_one_cm":5779261,"minecraft:open_chest":1027,"minecraft:fall_one_cm":742076,"minecraft:sprint_one_cm":7868845,"minecraft:drop":1816,"minecraft:talked_to_villager":793,"minecraft:interact_with_brewingstand":3,"minecraft:walk_on_water_one_cm":195542,"minecraft:interact_with_loom":5,"minecraft:player_kills":8,"minecraft:crouch_one_cm":413895,"minecraft:mob_kills":4032,"minecraft:damage_dealt_resisted":1513,"minecraft:climb_one_cm":27343,"minecraft:walk_one_cm":4433124,"minecraft:walk_under_water_one_cm":106981,"minecraft:boat_one_cm":10800,"minecraft:interact_with_grindstone":40,"minecraft:damage_taken":47898,"minecraft:damage_absorbed":42,"minecraft:trigger_trapped_chest":1},"minecraft:killed_by":{"minecraft:ghast":1,"minecraft:blaze":1,"minecraft:player":4,"minecraft:skeleton":1}},"DataVersion":3465}