{"stats":{"minecraft:picked_up":{"minecraft:raw_iron":87,"minecraft:crafting_table":2,"minecraft:wheat":14,"minecraft:leather":1,"minecraft:yellow_bed":1,"alexsmobs:animal_dictionary":1,"minecraft:stone_pressure_plate":2,"minecraft:lantern":1,"minecraft:arrow":2,"minecraft:experience_bottle":1,"minecraft:bone":2,"minecraft:wheat_seeds":30,"minecraft:iron_ingot":4,"minecraft:emerald":2,"minecraft:gold_ingot":4,"minecraft:coal_block":8,"minecraft:coal":10,"minecraft:cobblestone":35,"minecraft:wooden_axe":1},"minecraft:used":{"minecraft:wheat_seeds":1,"minecraft:apple":2,"minecraft:stone_sword":18,"minecraft:stone_pickaxe":20,"minecraft:bread":7,"minecraft:iron_pickaxe":136,"minecraft:stone_axe":2,"minecraft:cobblestone":121,"minecraft:crafting_table":2,"minecraft:stone_pressure_plate":2,"minecraft:experience_bottle":1},"minecraft:custom":{"minecraft:time_since_rest":16911,"minecraft:interact_with_furnace":5,"minecraft:sprint_one_cm":138802,"minecraft:damage_taken":568,"minecraft:walk_one_cm":51471,"minecraft:mob_kills":3,"minecraft:drop":3,"minecraft:damage_dealt":587,"minecraft:interact_with_crafting_table":2,"minecraft:player_kills":1,"minecraft:swim_one_cm":2447,"minecraft:fly_one_cm":161038,"minecraft:open_barrel":1,"minecraft:open_chest":11,"minecraft:crouch_one_cm":3956,"minecraft:play_time":26390,"minecraft:deaths":1,"minecraft:sneak_time":933,"minecraft:walk_under_water_one_cm":416,"minecraft:jump":954,"minecraft:leave_game":3,"minecraft:time_since_death":21426,"minecraft:walk_on_water_one_cm":1156,"minecraft:sleep_in_bed":1,"minecraft:climb_one_cm":2157,"minecraft:total_world_time":26390,"minecraft:fall_one_cm":26941},"minecraft:mined":{"minecraft:iron_ore":87,"minecraft:wheat":1,"minecraft:yellow_bed":1,"minecraft:crafting_table":2,"minecraft:grass":5,"minecraft:emerald_ore":2,"minecraft:coal_ore":10,"minecraft:coal_block":8,"minecraft:tall_grass":6,"minecraft:cobblestone":2,"minecraft:stone":34,"minecraft:fern":2},"minecraft:killed_by":{"minecraft:skeleton":1},"minecraft:dropped":{"minecraft:wheat_seeds":2,"alexsmobs:animal_dictionary":1},"minecraft:killed":{"creeperoverhaul:snowy_creeper":1,"minecraft:skeleton":2},"minecraft:crafted":{"minecraft:iron_pickaxe":1,"minecraft:hay_block":2,"minecraft:bread":7,"minecraft:wheat":18}},"DataVersion":3465}