{"stats":{"minecraft:mined":{"quark:andesite_bricks_slab":6,"minecraft:white_bed":4,"minecraft:farmland":10,"quark:cherry_chest":2,"minecraft:cherry_log":86,"minecraft:cobblestone_stairs":6,"minecraft:red_nether_bricks":1,"minecraft:obsidian":18,"minecraft:grass_block":200,"minecraft:cracked_polished_blackstone_bricks":9,"minecraft:coal_block":24,"minecraft:deepslate_bricks":2,"minecraft:polished_blackstone_brick_slab":11,"minecraft:oxeye_daisy":1,"minecraft:oak_wall_sign":2,"minecraft:hopper":1,"minecraft:nether_wart":40,"minecraft:red_stained_glass_pane":2,"minecraft:spawner":2,"minecraft:gilded_blackstone":1,"minecraft:polished_blackstone_bricks":475,"minecraft:tall_seagrass":1,"minecraft:magma_block":105,"minecraft:iron_ore":100,"minecraft:barrel":1,"minecraft:fire":27,"minecraft:cobbled_deepslate":24,"minecraft:deepslate_lapis_ore":18,"minecraft:fletching_table":7,"minecraft:azure_bluet":1,"minecraft:nether_brick_stairs":1,"minecraft:enchanting_table":2,"minecraft:iron_bars":3,"minecraft:deepslate_redstone_ore":7,"quark:nether_brick_chest":6,"minecraft:cyan_terracotta":9,"minecraft:red_bed":7,"minecraft:blackstone":1295,"minecraft:twisting_vines_plant":1,"minecraft:smoker":5,"minecraft:soul_fire":7,"quark:gold_bars":3,"minecraft:torch":16,"minecraft:blast_furnace":1,"minecraft:poppy":2,"minecraft:melon":1,"minecraft:dead_bush":1,"minecraft:cobblestone":549,"minecraft:nether_quartz_ore":108,"minecraft:slime_block":15,"minecraft:oak_planks":116,"minecraft:sugar_cane":19,"minecraft:grindstone":3,"minecraft:iron_door":2,"minecraft:wall_torch":28,"minecraft:pink_petals":1,"minecraft:birch_sapling":1,"minecraft:stone_stairs":5,"quark:cherry_bookshelf":16,"minecraft:birch_log":333,"minecraft:wheat":5,"quark:birch_chest":17,"minecraft:grass":354,"minecraft:oak_log":1348,"minecraft:dirt":380,"minecraft:smooth_quartz":2,"quark:hollow_oak_log":1,"quark:andesite_pillar":3,"minecraft:smooth_basalt":29,"minecraft:stonecutter":9,"minecraft:netherrack":351,"minecraft:deepslate":187,"minecraft:oak_leaves":8,"minecraft:nether_gold_ore":40,"minecraft:tuff":5,"minecraft:blackstone_wall":1,"minecraft:deepslate_diamond_ore":38,"minecraft:candle":1,"minecraft:nether_bricks":7,"minecraft:birch_fence_gate":1,"minecraft:ladder":1,"minecraft:polished_andesite_slab":7,"minecraft:rooted_dirt":3,"minecraft:hay_block":11,"minecraft:oak_trapdoor":12,"minecraft:furnace":3,"minecraft:carrots":14,"minecraft:andesite":93,"minecraft:gold_block":37,"minecraft:bookshelf":4,"minecraft:potatoes":19,"minecraft:deepslate_iron_ore":4,"minecraft:cobblestone_slab":56,"minecraft:vine":1,"minecraft:lantern":2,"minecraft:warped_stem":1,"minecraft:bamboo":6,"minecraft:stone":3273,"minecraft:bone_block":21,"minecraft:oak_slab":12,"minecraft:gray_concrete":2,"minecraft:soul_sand":10,"quark:oak_chest":11,"minecraft:basalt":3,"minecraft:polished_blackstone_brick_wall":2,"minecraft:oak_fence":25,"minecraft:crafting_table":17,"minecraft:emerald_ore":4,"minecraft:campfire":3,"minecraft:lectern":128,"minecraft:andesite_wall":6,"minecraft:copper_ore":16,"minecraft:tall_grass":248,"minecraft:deepslate_gold_ore":23,"minecraft:polished_blackstone_brick_stairs":121,"minecraft:warped_wart_block":6,"minecraft:birch_planks":1,"minecraft:coarse_dirt":10,"minecraft:cobblestone_wall":6,"minecraft:polished_blackstone_stairs":3,"minecraft:redstone_torch":1,"minecraft:purple_stained_glass":3,"minecraft:gray_bed":2,"minecraft:yellow_bed":3,"quark:deepslate_furnace":2,"minecraft:black_wool":1,"minecraft:coal_ore":87,"minecraft:gravel":100,"minecraft:cobweb":16,"minecraft:cracked_stone_bricks":4,"minecraft:acacia_planks":2,"minecraft:stone_bricks":9,"minecraft:mossy_stone_bricks":3,"quark:polished_blackstone_brick_vertical_slab":18,"minecraft:fern":2},"minecraft:killed_by":{"minecraft:ghast":1,"minecraft:blaze":1,"minecraft:player":4,"minecraft:skeleton":1},"minecraft:killed":{"alexsmobs:hummingbird":1,"minecraft:cave_spider":91,"minecraft:spider":12,"quark:forgotten":1,"minecraft:skeleton":33,"minecraft:chicken":1,"alexsmobs:straddler":13,"alexsmobs:laviathan":2,"minecraft:piglin_brute":20,"minecraft:magma_cube":24,"minecraft:piglin":7,"minecraft:pig":4,"alexsmobs:grizzly_bear":3,"minecraft:zombie_villager":3,"minecraft:iron_golem":8,"alexsmobs:stradpole":4,"minecraft:creeper":10,"alexsmobs:crimson_mosquito":1,"alexsmobs:warped_toad":2,"minecraft:sheep":5,"minecraft:donkey":1,"minecraft:zombie":49,"alexsmobs:maned_wolf":1,"minecraft:ghast":2,"alexsmobs:fly":1,"minecraft:cow":8,"minecraft:blaze":16,"minecraft:vex":1,"alexsmobs:raccoon":3,"quark:toretoise":1,"minecraft:slime":5,"minecraft:phantom":5,"creeperoverhaul:snowy_creeper":1,"alexsmobs:bison":2,"quark:foxhound":2,"alexsmobs:catfish":1,"minecraft:wither_skeleton":28,"minecraft:villager":3,"quark:wraith":2,"minecraft:enderman":2},"minecraft:crafted":{"minecraft:oak_planks":3008,"minecraft:cobblestone_slab":24,"quark:birch_chest":12,"quark:andesite_pillar":16,"expanded_combat:diamond_dancer_s_sword":1,"expanded_combat:iron_bow":1,"minecraft:oak_pressure_plate":2,"usefulbackpacks:backpack_small":1,"minecraft:stone":13,"minecraft:cobblestone_stairs":8,"quark:deepslate_furnace":1,"minecraft:bookshelf":19,"minecraft:quartz_block":54,"minecraft:diamond_helmet":2,"minecraft:bow":1,"minecraft:diamond_leggings":1,"minecraft:iron_boots":2,"minecraft:stone_hoe":1,"minecraft:oak_fence":42,"minecraft:golden_boots":2,"minecraft:smoker":4,"minecraft:item_frame":22,"minecraft:oak_slab":12,"quark:andesite_bricks_wall":10,"expanded_combat:diamond_bow":1,"minecraft:emerald":213,"minecraft:cooked_porkchop":3,"minecraft:diamond_axe":1,"minecraft:crafting_table":5,"minecraft:iron_helmet":2,"minecraft:baked_potato":118,"minecraft:birch_pressure_plate":64,"minecraft:fletching_table":1,"minecraft:hay_block":2,"minecraft:birch_planks":904,"spartanweaponry:iron_longbow":2,"minecraft:campfire":13,"minecraft:iron_chestplate":4,"minecraft:diamond_pickaxe":3,"minecraft:charcoal":12,"minecraft:shield":1,"minecraft:stick":6857,"quark:oak_chest":15,"minecraft:iron_pickaxe":5,"usefulbackpacks:backpack_large":1,"minecraft:iron_ingot":103,"minecraft:gold_ingot":43,"minecraft:light_gray_dye":1,"minecraft:polished_blackstone_brick_stairs":2,"minecraft:cherry_planks":296,"artifacts:eternal_steak":2,"minecraft:oak_door":3,"expanded_combat:diamond_katana":1,"minecraft:furnace":15,"minecraft:light_gray_wool":1,"spartanweaponry:diamond_battleaxe":1,"quark:polished_blackstone_brick_vertical_slab":16,"minecraft:andesite_wall":8,"minecraft:polished_andesite_slab":18,"minecraft:oak_trapdoor":14,"minecraft:flint_and_steel":1,"minecraft:iron_axe":1,"minecraft:ladder":4,"minecraft:diamond_boots":1,"usefulbackpacks:backpack_medium":1,"quark:andesite_bricks_slab":14,"minecraft:wheat":108,"minecraft:cooked_beef":31,"minecraft:diamond_sword":3,"minecraft:iron_trapdoor":3,"minecraft:polished_blackstone_brick_slab":30,"spartanweaponry:pole":1,"minecraft:iron_sword":2,"spartanweaponry:handle":4,"minecraft:bucket":3,"minecraft:enchanted_book":10,"minecraft:air":0,"minecraft:bread":71,"minecraft:oak_boat":1,"minecraft:white_wool":7,"expanded_combat:gold_stick":4,"minecraft:iron_shovel":3,"minecraft:iron_leggings":3,"minecraft:stonecutter":1,"minecraft:white_bed":1,"spartanweaponry:iron_heavy_crossbow":3,"minecraft:torch":56,"minecraft:diamond_chestplate":1},"minecraft:used":{"expanded_combat:diamond_dancer_s_sword":430,"minecraft:iron_shovel":414,"minecraft:oak_sign":2,"minecraft:polished_blackstone":1,"minecraft:ladder":5,"minecraft:poppy":1,"minecraft:shield":4,"quark:andesite_bricks_wall":6,"minecraft:stone":7,"minecraft:iron_sword":3,"minecraft:rotten_flesh":6,"minecraft:mutton":1,"minecraft:obsidian":16,"minecraft:nether_bricks":6,"minecraft:snowball":1,"minecraft:carrot":2,"expanded_combat:diamond_katana":626,"spartanweaponry:diamond_battleaxe":597,"minecraft:cyan_terracotta":4,"minecraft:lava_bucket":1,"quark:deepslate_furnace":2,"minecraft:birch_sapling":16,"minecraft:lantern":5,"minecraft:stone_bricks":7,"minecraft:item_frame":14,"minecraft:magma_block":52,"minecraft:bow":4,"minecraft:oak_sapling":147,"minecraft:furnace":16,"minecraft:gray_bed":2,"minecraft:egg":1,"minecraft:potato":58,"minecraft:oak_planks":424,"minecraft:golden_boots":5,"minecraft:mossy_stone_bricks":1,"minecraft:stone_pickaxe":40,"minecraft:blackstone":204,"artifacts:eternal_steak":190,"minecraft:sugar_cane":6,"minecraft:diamond_axe":77,"minecraft:golden_apple":2,"minecraft:gray_concrete":2,"quark:andesite_bricks_slab":19,"quark:gold_bars":3,"minecraft:melon_slice":3,"minecraft:bread":50,"minecraft:lectern":123,"minecraft:oak_pressure_plate":2,"minecraft:gravel":83,"quark:soul_bead":2,"minecraft:polished_andesite_slab":24,"minecraft:diamond_sword":5,"minecraft:fire_charge":3,"quark:polished_blackstone_brick_vertical_slab":33,"minecraft:andesite":12,"minecraft:oak_fence":26,"minecraft:grindstone":2,"minecraft:cobweb":5,"minecraft:birch_log":82,"minecraft:coarse_dirt":6,"minecraft:golden_pickaxe":448,"minecraft:oak_boat":5,"minecraft:bone_meal":3,"minecraft:oak_trapdoor":18,"minecraft:experience_bottle":2,"minecraft:polished_blackstone_brick_slab":13,"quark:birch_chest":29,"minecraft:enchanting_table":2,"minecraft:stone_sword":21,"minecraft:flint_and_steel":2,"minecraft:stone_hoe":5,"minecraft:polished_blackstone_wall":1,"minecraft:netherrack":293,"minecraft:oak_door":2,"minecraft:torch":159,"minecraft:dirt":1023,"minecraft:warped_wart_block":6,"minecraft:wheat":15,"quark:andesite_pillar":15,"minecraft:stone_stairs":5,"minecraft:twisting_vines":1,"minecraft:cobblestone_wall":1,"minecraft:golden_chestplate":1,"minecraft:golden_shovel":43,"minecraft:nether_brick_stairs":1,"spartanweaponry:iron_longbow":1,"minecraft:shroomlight":1,"minecraft:andesite_wall":6,"minecraft:bookshelf":19,"minecraft:iron_axe":55,"minecraft:rooted_dirt":2,"minecraft:slime_block":10,"minecraft:polished_blackstone_brick_stairs":422,"minecraft:iron_boots":1,"minecraft:smooth_basalt":3,"minecraft:basalt":11,"minecraft:cooked_beef":12,"minecraft:stone_pressure_plate":2,"minecraft:cobbled_deepslate":199,"minecraft:wheat_seeds":50,"minecraft:water_bucket":135,"minecraft:warped_stem":1,"minecraft:cobblestone_stairs":10,"minecraft:birch_planks":1,"minecraft:red_nether_bricks":1,"minecraft:fletching_table":9,"minecraft:stonecutter":8,"minecraft:cobblestone_slab":74,"minecraft:deepslate_bricks":1,"minecraft:cracked_stone_bricks":4,"minecraft:polished_blackstone_bricks":923,"minecraft:gilded_blackstone":1,"minecraft:salmon":2,"minecraft:tnt":1,"minecraft:crafting_table":21,"minecraft:oak_slab":21,"minecraft:red_bed":9,"minecraft:white_bed":2,"minecraft:campfire":13,"minecraft:cod":11,"minecraft:smoker":9,"minecraft:diamond_pickaxe":6359,"minecraft:oak_log":9,"expanded_combat:diamond_bow":392,"minecraft:apple":28,"minecraft:cracked_polished_blackstone_bricks":7,"minecraft:iron_pickaxe":541,"minecraft:stone_axe":9,"minecraft:pink_petals":1,"minecraft:cobblestone":3343,"minecraft:cooked_porkchop":3,"minecraft:bucket":138,"quark:oak_chest":28,"minecraft:yellow_bed":4,"minecraft:dandelion":3,"minecraft:candle":2,"minecraft:smooth_stone":1},"minecraft:picked_up":{"minecraft:wooden_axe":1,"minecraft:iron_chestplate":1,"minecraft:wheat":91,"minecraft:oak_stairs":1,"minecraft:enchanted_book":8,"minecraft:gilded_blackstone":1,"expanded_combat:diamond_katana":1,"minecraft:polished_blackstone_brick_stairs":121,"minecraft:string":34,"spartanweaponry:iron_katana":1,"minecraft:raw_copper":49,"minecraft:red_nether_bricks":1,"minecraft:iron_leggings":1,"minecraft:experience_bottle":2,"minecraft:shroomlight":2,"minecraft:oak_sign":2,"alexsmobs:blood_sac":1,"minecraft:smooth_stone":1,"minecraft:gold_nugget":298,"minecraft:cobbled_deepslate":209,"minecraft:redstone_torch":2,"minecraft:cobblestone_slab":66,"quark:andesite_pillar":3,"minecraft:melon_slice":5,"minecraft:coal_block":24,"minecraft:iron_boots":1,"minecraft:furnace":6,"minecraft:polished_blackstone_brick_slab":11,"minecraft:stick":412,"minecraft:polished_blackstone_stairs":4,"minecraft:oak_fence":26,"minecraft:torch":87,"minecraft:porkchop":7,"minecraft:cherry_log":77,"minecraft:golden_chestplate":2,"minecraft:green_terracotta":5,"minecraft:andesite_wall":6,"minecraft:stone_sword":3,"quark:clear_shard":11,"minecraft:rotten_flesh":56,"artifacts:villager_hat":1,"minecraft:blackstone_wall":1,"minecraft:cyan_terracotta":8,"minecraft:blaze_rod":1,"minecraft:obsidian":15,"minecraft:iron_bars":3,"minecraft:snowball":1,"minecraft:cod":1,"minecraft:cobblestone":4102,"quark:andesite_bricks_wall":3,"minecraft:birch_log":328,"minecraft:enchanting_table":2,"minecraft:pink_petals":1,"minecraft:magma_block":101,"minecraft:feather":2,"spartanweaponry:handle":3,"minecraft:magma_cream":3,"minecraft:iron_door":2,"minecraft:andesite":94,"minecraft:smoker":5,"minecraft:potato":812,"alexsmobs:bison_fur":1,"minecraft:flint":19,"minecraft:tuff":5,"minecraft:wither_skeleton_skull":1,"minecraft:gray_concrete":2,"minecraft:lapis_lazuli":201,"minecraft:dirt":1592,"minecraft:lantern":8,"minecraft:twisting_vines":1,"minecraft:bone":66,"minecraft:acacia_planks":2,"minecraft:stonecutter":10,"minecraft:bow":2,"minecraft:wheat_seeds":238,"quark:purple_shard":5,"minecraft:raw_gold":52,"minecraft:grindstone":3,"quark:soul_bead":2,"minecraft:mossy_stone_bricks":1,"minecraft:fletching_table":10,"minecraft:bamboo":6,"minecraft:oak_planks":274,"minecraft:ghast_tear":1,"minecraft:warped_wart_block":6,"minecraft:poisonous_potato":4,"minecraft:birch_fence_gate":1,"minecraft:nether_brick_stairs":1,"minecraft:barrel":3,"alexsmobs:animal_dictionary":1,"quark:gold_bars":3,"spartanweaponry:pole":1,"minecraft:diamond":62,"minecraft:slime_block":15,"quark:andesite_bricks_slab":8,"minecraft:cracked_polished_blackstone_bricks":7,"minecraft:grass":1,"minecraft:bone_meal":3,"minecraft:emerald":11,"minecraft:golden_horse_armor":1,"minecraft:bread":3,"minecraft:rooted_dirt":3,"alexsmobs:maggot":4,"minecraft:oak_sapling":756,"minecraft:netherrack":344,"minecraft:charcoal":6,"minecraft:diamond_pickaxe":6,"minecraft:coarse_dirt":9,"minecraft:crafting_table":17,"minecraft:azure_bluet":1,"minecraft:ladder":1,"minecraft:chicken":1,"minecraft:nether_wart":41,"minecraft:golden_pickaxe":1,"quark:nether_brick_chest":6,"minecraft:gold_block":36,"minecraft:oak_trapdoor":11,"minecraft:red_bed":9,"minecraft:stone_stairs":5,"minecraft:iron_axe":1,"minecraft:flint_and_steel":1,"minecraft:item_frame":2,"minecraft:polished_blackstone_wall":6,"minecraft:blackstone":2022,"minecraft:cracked_stone_bricks":4,"minecraft:candle":4,"minecraft:beef":32,"minecraft:oak_boat":6,"minecraft:poppy":15,"minecraft:light_gray_wool":1,"minecraft:lectern":127,"minecraft:sugar_cane":34,"minecraft:birch_sapling":97,"minecraft:egg":1,"minecraft:phantom_membrane":1,"minecraft:raw_iron":108,"minecraft:oak_door":1,"alexsmobs:straddlite":1,"minecraft:polished_blackstone_bricks":492,"quark:deepslate_furnace":2,"quark:birch_chest":17,"minecraft:carrot":126,"minecraft:redstone":33,"minecraft:stone_pressure_plate":2,"minecraft:dark_oak_planks":32,"artifacts:everlasting_beef":1,"minecraft:arrow":44,"minecraft:nether_bricks":7,"minecraft:deepslate_bricks":2,"minecraft:hay_block":12,"minecraft:saddle":2,"minecraft:gold_ingot":20,"artifacts:pocket_piston":1,"minecraft:polished_blackstone":7,"minecraft:mutton":6,"minecraft:white_wool":4,"minecraft:bone_block":20,"minecraft:oxeye_daisy":1,"minecraft:basalt":17,"artifacts:eternal_steak":4,"minecraft:glow_ink_sac":4,"minecraft:salmon":4,"minecraft:leather":19,"minecraft:oak_log":1331,"minecraft:cobblestone_wall":11,"minecraft:yellow_bed":7,"minecraft:gunpowder":13,"minecraft:cobblestone_stairs":6,"quark:forgotten_hat":1,"minecraft:apple":47,"minecraft:stone_bricks":7,"minecraft:warped_stem":6,"minecraft:iron_ingot":65,"minecraft:stone_pickaxe":1,"minecraft:gray_bed":3,"minecraft:polished_andesite_slab":7,"spartanweaponry:iron_dagger":1,"minecraft:iron_sword":1,"minecraft:soul_sand":10,"minecraft:book":67,"minecraft:oak_slab":15,"minecraft:smooth_basalt":31,"minecraft:quartz":173,"minecraft:dandelion":6,"minecraft:gravel":86,"minecraft:soul_torch":2,"minecraft:blast_furnace":1,"minecraft:white_bed":2,"quark:oak_chest":13,"minecraft:spider_eye":7,"usefulbackpacks:backpack_large":1,"minecraft:slime_ball":4,"quark:polished_blackstone_brick_vertical_slab":19,"minecraft:rib_armor_trim_smithing_template":1,"minecraft:iron_helmet":1,"minecraft:cherry_sapling":293,"minecraft:polished_blackstone_brick_wall":4,"minecraft:warped_roots":8,"minecraft:baked_potato":148,"minecraft:black_wool":1,"minecraft:coal":206},"minecraft:broken":{"minecraft:iron_shovel":1,"minecraft:diamond_helmet":1,"minecraft:leather_leggings":1,"minecraft:golden_shovel":1,"minecraft:diamond_pickaxe":3,"minecraft:iron_pickaxe":2,"minecraft:golden_pickaxe":1},"minecraft:dropped":{"minecraft:warped_stem":5,"minecraft:candle":2,"minecraft:birch_planks":22,"minecraft:oak_log":78,"minecraft:baked_potato":220,"minecraft:golden_pickaxe":1,"minecraft:diamond":16,"minecraft:warped_roots":8,"minecraft:polished_blackstone_brick_wall":4,"alexsmobs:bison_fur":1,"minecraft:flint":3,"minecraft:cod":1,"minecraft:cobblestone_stairs":2,"minecraft:dirt":509,"minecraft:grass":1,"quark:andesite_bricks_slab":1,"spartanweaponry:iron_katana":1,"minecraft:polished_blackstone_bricks":4,"minecraft:iron_pickaxe":1,"spartanweaponry:iron_dagger":1,"minecraft:bone":3,"minecraft:gravel":3,"minecraft:polished_blackstone_wall":5,"minecraft:blackstone":768,"usefulbackpacks:backpack_large":1,"minecraft:stone_axe":1,"spartanweaponry:iron_heavy_crossbow":3,"alexsmobs:animal_dictionary":1,"minecraft:birch_sapling":78,"minecraft:cherry_sapling":285,"minecraft:rotten_flesh":2,"artifacts:villager_hat":1,"minecraft:oak_planks":3,"spartanweaponry:iron_longbow":2,"minecraft:azure_bluet":1,"minecraft:salmon":2,"minecraft:carrot":73,"minecraft:poppy":13,"minecraft:gunpowder":1,"minecraft:basalt":6,"minecraft:netherrack":2,"minecraft:lectern":1,"minecraft:bread":91,"minecraft:golden_boots":1,"minecraft:water_bucket":1,"minecraft:iron_ingot":20,"minecraft:wheat_seeds":95,"minecraft:polished_blackstone":6,"minecraft:poisonous_potato":1,"quark:polished_blackstone_brick_vertical_slab":2,"minecraft:oak_fence":8,"minecraft:cobblestone":502,"minecraft:stick":2,"minecraft:polished_blackstone_stairs":4,"quark:clear_shard":11,"minecraft:iron_trapdoor":3,"minecraft:wooden_axe":1,"minecraft:melon_slice":2,"minecraft:iron_leggings":1,"minecraft:iron_axe":1,"minecraft:iron_shovel":2,"minecraft:string":6,"minecraft:bucket":1,"minecraft:acacia_planks":2,"minecraft:dandelion":3,"alexsmobs:maggot":2,"minecraft:oak_trapdoor":2,"minecraft:stone_sword":5,"minecraft:cobblestone_wall":10,"minecraft:tuff":5,"minecraft:raw_iron":1,"minecraft:light_gray_wool":1,"minecraft:deepslate_bricks":1,"minecraft:potato":343,"minecraft:cobblestone_slab":10,"minecraft:shroomlight":1,"minecraft:diamond_pickaxe":5,"minecraft:iron_chestplate":1,"minecraft:andesite":3,"minecraft:yellow_bed":2,"minecraft:golden_leggings":1,"minecraft:oak_sapling":574,"artifacts:eternal_steak":5,"minecraft:barrel":2,"minecraft:redstone_torch":1,"minecraft:spider_eye":2,"quark:purple_shard":5,"minecraft:bow":2,"minecraft:stone_pickaxe":1},"minecraft:custom":{"minecraft:interact_with_crafting_table":138,"minecraft:open_barrel":102,"minecraft:eat_cake_slice":1,"minecraft:leave_game":31,"minecraft:time_since_death":44493,"minecraft:damage_blocked_by_shield":207,"minecraft:sprint_one_cm":3620942,"minecraft:drop":659,"minecraft:talked_to_villager":370,"minecraft:play_time":1066164,"minecraft:deaths":26,"minecraft:jump":15257,"minecraft:walk_on_water_one_cm":79044,"minecraft:interact_with_furnace":130,"minecraft:traded_with_villager":228,"minecraft:sleep_in_bed":16,"minecraft:damage_dealt":67261,"minecraft:player_kills":5,"minecraft:crouch_one_cm":205362,"minecraft:interact_with_smithing_table":1,"minecraft:interact_with_smoker":20,"minecraft:interact_with_anvil":5,"minecraft:mob_kills":385,"minecraft:inspect_hopper":5,"minecraft:damage_dealt_resisted":305,"minecraft:climb_one_cm":17812,"minecraft:walk_one_cm":2250626,"minecraft:damage_dealt_absorbed":5111,"minecraft:sneak_time":68173,"minecraft:walk_under_water_one_cm":44305,"minecraft:boat_one_cm":10800,"minecraft:interact_with_blast_furnace":1,"minecraft:total_world_time":1066164,"minecraft:interact_with_stonecutter":37,"minecraft:time_since_rest":8809,"minecraft:damage_absorbed":4,"minecraft:damage_taken":25801,"minecraft:swim_one_cm":63268,"minecraft:fly_one_cm":3082487,"minecraft:open_chest":555,"minecraft:fall_one_cm":361635}},"DataVersion":3465}