{"stats":{"minecraft:mined":{"quark:andesite_bricks_slab":6,"minecraft:white_bed":3,"minecraft:farmland":8,"minecraft:cherry_log":86,"minecraft:cobblestone_stairs":2,"minecraft:red_nether_bricks":1,"minecraft:obsidian":18,"minecraft:grass_block":197,"minecraft:cracked_polished_blackstone_bricks":9,"minecraft:coal_block":24,"minecraft:polished_blackstone_brick_slab":11,"minecraft:oxeye_daisy":1,"minecraft:oak_wall_sign":1,"minecraft:nether_wart":40,"minecraft:red_stained_glass_pane":2,"minecraft:spawner":2,"minecraft:gilded_blackstone":1,"minecraft:polished_blackstone_bricks":475,"minecraft:tall_seagrass":1,"minecraft:magma_block":105,"minecraft:iron_ore":100,"minecraft:barrel":1,"minecraft:cobbled_deepslate":24,"minecraft:fire":20,"minecraft:deepslate_lapis_ore":18,"minecraft:fletching_table":5,"minecraft:azure_bluet":1,"minecraft:nether_brick_stairs":1,"minecraft:enchanting_table":2,"minecraft:iron_bars":3,"minecraft:deepslate_redstone_ore":7,"quark:nether_brick_chest":6,"minecraft:red_bed":5,"minecraft:cyan_terracotta":9,"minecraft:blackstone":1290,"minecraft:twisting_vines_plant":1,"minecraft:smoker":5,"quark:gold_bars":3,"minecraft:torch":9,"minecraft:blast_furnace":1,"minecraft:poppy":1,"minecraft:cobblestone":399,"minecraft:nether_quartz_ore":108,"minecraft:slime_block":10,"minecraft:oak_planks":116,"minecraft:sugar_cane":19,"minecraft:grindstone":3,"minecraft:iron_door":2,"minecraft:wall_torch":21,"minecraft:birch_sapling":1,"minecraft:pink_petals":1,"quark:cherry_bookshelf":16,"minecraft:birch_log":333,"minecraft:wheat":5,"quark:birch_chest":17,"minecraft:grass":272,"minecraft:oak_log":726,"minecraft:dirt":351,"minecraft:smooth_quartz":2,"quark:hollow_oak_log":1,"quark:andesite_pillar":3,"minecraft:smooth_basalt":29,"minecraft:stonecutter":9,"minecraft:netherrack":324,"minecraft:deepslate":187,"minecraft:oak_leaves":1,"minecraft:nether_gold_ore":40,"minecraft:tuff":5,"minecraft:blackstone_wall":1,"minecraft:deepslate_diamond_ore":38,"minecraft:candle":1,"minecraft:nether_bricks":7,"minecraft:birch_fence_gate":1,"minecraft:polished_andesite_slab":6,"minecraft:rooted_dirt":3,"minecraft:hay_block":11,"minecraft:oak_trapdoor":12,"minecraft:furnace":3,"minecraft:carrots":14,"minecraft:andesite":93,"minecraft:gold_block":37,"minecraft:bookshelf":4,"minecraft:potatoes":18,"minecraft:deepslate_iron_ore":4,"minecraft:cobblestone_slab":44,"minecraft:vine":1,"minecraft:lantern":1,"minecraft:warped_stem":1,"minecraft:bamboo":6,"minecraft:stone":1651,"minecraft:gray_concrete":2,"minecraft:soul_sand":10,"quark:oak_chest":11,"minecraft:basalt":2,"minecraft:oak_fence":17,"minecraft:crafting_table":14,"minecraft:emerald_ore":4,"minecraft:campfire":3,"minecraft:lectern":128,"minecraft:andesite_wall":6,"minecraft:copper_ore":11,"minecraft:tall_grass":219,"minecraft:deepslate_gold_ore":23,"minecraft:polished_blackstone_brick_stairs":120,"minecraft:warped_wart_block":6,"minecraft:birch_planks":1,"minecraft:coarse_dirt":10,"minecraft:gray_bed":1,"minecraft:yellow_bed":3,"quark:deepslate_furnace":2,"minecraft:black_wool":1,"minecraft:coal_ore":36,"minecraft:gravel":100,"minecraft:cobweb":16,"minecraft:cracked_stone_bricks":4,"minecraft:stone_bricks":7,"minecraft:mossy_stone_bricks":1,"quark:polished_blackstone_brick_vertical_slab":18,"minecraft:fern":2},"minecraft:killed_by":{"minecraft:player":3,"minecraft:skeleton":1},"minecraft:killed":{"alexsmobs:hummingbird":1,"minecraft:spider":12,"quark:forgotten":1,"minecraft:skeleton":25,"alexsmobs:straddler":5,"alexsmobs:laviathan":2,"minecraft:piglin_brute":11,"minecraft:magma_cube":7,"minecraft:piglin":7,"minecraft:pig":4,"alexsmobs:grizzly_bear":3,"minecraft:zombie_villager":3,"minecraft:iron_golem":5,"alexsmobs:stradpole":3,"minecraft:creeper":8,"minecraft:sheep":5,"minecraft:zombie":46,"minecraft:donkey":1,"alexsmobs:maned_wolf":1,"minecraft:cow":8,"minecraft:blaze":15,"minecraft:vex":1,"alexsmobs:raccoon":3,"quark:toretoise":1,"minecraft:slime":5,"minecraft:phantom":4,"creeperoverhaul:snowy_creeper":1,"alexsmobs:bison":2,"quark:foxhound":2,"alexsmobs:catfish":1,"minecraft:wither_skeleton":16,"minecraft:villager":2,"minecraft:enderman":2},"minecraft:crafted":{"minecraft:oak_planks":2992,"minecraft:cobblestone_slab":6,"quark:birch_chest":12,"quark:andesite_pillar":16,"expanded_combat:iron_bow":1,"usefulbackpacks:backpack_small":1,"minecraft:stone":13,"minecraft:bookshelf":19,"quark:deepslate_furnace":1,"minecraft:quartz_block":54,"minecraft:diamond_helmet":2,"minecraft:bow":1,"minecraft:diamond_leggings":1,"minecraft:iron_boots":1,"minecraft:oak_fence":42,"minecraft:golden_boots":2,"minecraft:smoker":4,"quark:andesite_bricks_wall":10,"expanded_combat:diamond_bow":1,"minecraft:emerald":213,"minecraft:cooked_porkchop":3,"minecraft:diamond_axe":1,"minecraft:crafting_table":3,"minecraft:iron_helmet":1,"minecraft:baked_potato":72,"minecraft:birch_pressure_plate":64,"minecraft:fletching_table":1,"minecraft:hay_block":2,"minecraft:birch_planks":904,"spartanweaponry:iron_longbow":2,"minecraft:campfire":13,"minecraft:iron_chestplate":2,"minecraft:diamond_pickaxe":2,"minecraft:charcoal":12,"minecraft:shield":1,"minecraft:stick":6857,"quark:oak_chest":15,"usefulbackpacks:backpack_large":1,"minecraft:iron_ingot":103,"minecraft:iron_pickaxe":3,"minecraft:gold_ingot":9,"minecraft:light_gray_dye":1,"minecraft:polished_blackstone_brick_stairs":2,"minecraft:cherry_planks":296,"artifacts:eternal_steak":1,"minecraft:oak_door":3,"expanded_combat:diamond_katana":1,"minecraft:furnace":15,"minecraft:light_gray_wool":1,"spartanweaponry:diamond_battleaxe":1,"quark:polished_blackstone_brick_vertical_slab":16,"minecraft:andesite_wall":8,"minecraft:polished_andesite_slab":18,"minecraft:oak_trapdoor":14,"minecraft:flint_and_steel":1,"minecraft:iron_axe":1,"minecraft:ladder":4,"minecraft:diamond_boots":1,"usefulbackpacks:backpack_medium":1,"quark:andesite_bricks_slab":14,"minecraft:wheat":108,"minecraft:cooked_beef":5,"minecraft:diamond_sword":1,"minecraft:polished_blackstone_brick_slab":30,"spartanweaponry:pole":1,"minecraft:iron_sword":1,"spartanweaponry:handle":4,"minecraft:bucket":3,"minecraft:enchanted_book":10,"minecraft:air":0,"minecraft:bread":61,"minecraft:oak_boat":1,"minecraft:white_wool":7,"minecraft:iron_shovel":3,"minecraft:iron_leggings":2,"minecraft:stonecutter":1,"minecraft:white_bed":1,"spartanweaponry:iron_heavy_crossbow":3,"minecraft:torch":56,"minecraft:diamond_chestplate":1},"minecraft:used":{"minecraft:iron_shovel":414,"minecraft:oak_sign":1,"minecraft:ladder":4,"minecraft:poppy":1,"quark:andesite_bricks_wall":6,"minecraft:stone":7,"minecraft:rotten_flesh":6,"minecraft:mutton":1,"minecraft:nether_bricks":6,"minecraft:carrot":2,"minecraft:obsidian":13,"expanded_combat:diamond_katana":577,"spartanweaponry:diamond_battleaxe":581,"minecraft:cyan_terracotta":4,"minecraft:lava_bucket":1,"quark:deepslate_furnace":2,"minecraft:birch_sapling":16,"minecraft:lantern":5,"minecraft:stone_bricks":7,"minecraft:magma_block":52,"minecraft:bow":4,"minecraft:oak_sapling":125,"minecraft:furnace":13,"minecraft:gray_bed":1,"minecraft:egg":1,"minecraft:potato":11,"minecraft:golden_boots":5,"minecraft:mossy_stone_bricks":1,"minecraft:oak_planks":424,"minecraft:stone_pickaxe":40,"minecraft:blackstone":200,"artifacts:eternal_steak":119,"minecraft:sugar_cane":6,"minecraft:diamond_axe":9,"minecraft:golden_apple":1,"minecraft:gray_concrete":2,"quark:andesite_bricks_slab":19,"quark:gold_bars":3,"minecraft:bread":50,"minecraft:lectern":123,"minecraft:gravel":83,"minecraft:polished_andesite_slab":24,"minecraft:diamond_sword":5,"minecraft:fire_charge":3,"minecraft:grindstone":2,"quark:polished_blackstone_brick_vertical_slab":33,"minecraft:andesite":12,"minecraft:oak_fence":26,"minecraft:birch_log":82,"minecraft:cobweb":5,"minecraft:coarse_dirt":6,"minecraft:oak_boat":5,"minecraft:bone_meal":3,"minecraft:golden_pickaxe":448,"minecraft:oak_trapdoor":18,"minecraft:experience_bottle":2,"minecraft:polished_blackstone_brick_slab":13,"minecraft:enchanting_table":2,"quark:birch_chest":17,"minecraft:stone_sword":21,"minecraft:flint_and_steel":2,"minecraft:netherrack":265,"minecraft:oak_door":2,"minecraft:torch":108,"minecraft:dirt":751,"minecraft:warped_wart_block":6,"minecraft:wheat":15,"quark:andesite_pillar":15,"minecraft:twisting_vines":1,"minecraft:golden_shovel":43,"spartanweaponry:iron_longbow":1,"minecraft:nether_brick_stairs":1,"minecraft:shroomlight":1,"minecraft:andesite_wall":6,"minecraft:bookshelf":19,"minecraft:iron_axe":55,"minecraft:rooted_dirt":2,"minecraft:slime_block":5,"minecraft:polished_blackstone_brick_stairs":419,"minecraft:smooth_basalt":3,"minecraft:stone_pressure_plate":2,"minecraft:cooked_beef":5,"minecraft:cobbled_deepslate":199,"minecraft:wheat_seeds":50,"minecraft:water_bucket":126,"minecraft:warped_stem":1,"minecraft:birch_planks":1,"minecraft:red_nether_bricks":1,"minecraft:fletching_table":6,"minecraft:stonecutter":8,"minecraft:cobblestone_slab":44,"minecraft:cracked_stone_bricks":4,"minecraft:polished_blackstone_bricks":923,"minecraft:gilded_blackstone":1,"minecraft:salmon":2,"minecraft:tnt":1,"minecraft:crafting_table":16,"minecraft:red_bed":5,"minecraft:white_bed":1,"minecraft:campfire":13,"minecraft:cod":11,"minecraft:smoker":5,"minecraft:oak_log":2,"minecraft:diamond_pickaxe":4431,"expanded_combat:diamond_bow":233,"minecraft:apple":24,"minecraft:cracked_polished_blackstone_bricks":7,"minecraft:iron_pickaxe":538,"minecraft:stone_axe":9,"minecraft:pink_petals":1,"minecraft:cobblestone":1494,"minecraft:cooked_porkchop":3,"minecraft:bucket":129,"minecraft:yellow_bed":4,"quark:oak_chest":16,"minecraft:dandelion":3,"minecraft:candle":2,"minecraft:smooth_stone":1},"minecraft:picked_up":{"minecraft:wooden_axe":1,"minecraft:iron_chestplate":1,"minecraft:wheat":57,"minecraft:oak_stairs":1,"minecraft:enchanted_book":7,"minecraft:gilded_blackstone":1,"minecraft:polished_blackstone_brick_stairs":118,"spartanweaponry:iron_katana":1,"minecraft:string":33,"minecraft:raw_copper":31,"minecraft:red_nether_bricks":1,"minecraft:iron_leggings":1,"minecraft:experience_bottle":2,"minecraft:shroomlight":2,"minecraft:oak_sign":1,"minecraft:cobbled_deepslate":209,"minecraft:gold_nugget":298,"minecraft:smooth_stone":1,"minecraft:redstone_torch":1,"minecraft:cobblestone_slab":53,"quark:andesite_pillar":3,"minecraft:coal_block":24,"minecraft:iron_boots":1,"minecraft:furnace":3,"minecraft:polished_blackstone_brick_slab":11,"minecraft:stick":253,"minecraft:oak_fence":18,"minecraft:torch":49,"minecraft:porkchop":7,"minecraft:cherry_log":77,"minecraft:green_terracotta":5,"minecraft:golden_chestplate":2,"minecraft:andesite_wall":6,"minecraft:stone_sword":2,"quark:clear_shard":11,"minecraft:rotten_flesh":51,"minecraft:blackstone_wall":1,"minecraft:cyan_terracotta":8,"minecraft:blaze_rod":1,"minecraft:obsidian":14,"minecraft:iron_bars":3,"minecraft:cod":1,"minecraft:snowball":1,"minecraft:cobblestone":2114,"minecraft:enchanting_table":2,"quark:andesite_bricks_wall":3,"minecraft:birch_log":328,"minecraft:pink_petals":1,"minecraft:magma_block":101,"spartanweaponry:handle":3,"minecraft:magma_cream":3,"minecraft:iron_door":2,"minecraft:andesite":94,"minecraft:smoker":5,"minecraft:potato":137,"alexsmobs:bison_fur":1,"minecraft:flint":19,"minecraft:tuff":5,"minecraft:wither_skeleton_skull":1,"minecraft:gray_concrete":2,"minecraft:lapis_lazuli":201,"minecraft:dirt":870,"minecraft:lantern":7,"minecraft:twisting_vines":1,"minecraft:bone":49,"minecraft:bow":1,"minecraft:stonecutter":10,"minecraft:wheat_seeds":168,"minecraft:raw_gold":52,"minecraft:grindstone":3,"minecraft:mossy_stone_bricks":1,"minecraft:fletching_table":6,"minecraft:bamboo":6,"minecraft:oak_planks":269,"minecraft:warped_wart_block":6,"minecraft:birch_fence_gate":1,"minecraft:nether_brick_stairs":1,"minecraft:barrel":1,"alexsmobs:animal_dictionary":1,"quark:gold_bars":3,"spartanweaponry:pole":1,"minecraft:diamond":62,"minecraft:slime_block":9,"quark:andesite_bricks_slab":7,"minecraft:bread":3,"minecraft:cracked_polished_blackstone_bricks":7,"minecraft:bone_meal":3,"minecraft:golden_horse_armor":1,"minecraft:emerald":11,"alexsmobs:maggot":2,"minecraft:rooted_dirt":3,"minecraft:oak_sapling":502,"minecraft:netherrack":272,"minecraft:diamond_pickaxe":4,"minecraft:crafting_table":14,"minecraft:charcoal":6,"minecraft:coarse_dirt":9,"minecraft:azure_bluet":1,"minecraft:nether_wart":40,"minecraft:golden_pickaxe":1,"quark:nether_brick_chest":6,"minecraft:gold_block":36,"minecraft:oak_trapdoor":11,"minecraft:red_bed":5,"minecraft:iron_axe":1,"minecraft:flint_and_steel":1,"minecraft:blackstone":2018,"minecraft:cracked_stone_bricks":4,"minecraft:candle":2,"minecraft:beef":31,"minecraft:oak_boat":6,"minecraft:poppy":8,"minecraft:light_gray_wool":1,"minecraft:lectern":125,"minecraft:sugar_cane":34,"minecraft:birch_sapling":95,"minecraft:phantom_membrane":1,"minecraft:egg":1,"minecraft:raw_iron":108,"minecraft:oak_door":1,"alexsmobs:straddlite":1,"minecraft:polished_blackstone_bricks":491,"quark:deepslate_furnace":2,"quark:birch_chest":17,"minecraft:carrot":46,"minecraft:redstone":33,"minecraft:stone_pressure_plate":2,"minecraft:dark_oak_planks":32,"artifacts:everlasting_beef":1,"minecraft:arrow":28,"minecraft:nether_bricks":7,"minecraft:hay_block":12,"artifacts:pocket_piston":1,"minecraft:saddle":2,"minecraft:gold_ingot":20,"minecraft:mutton":6,"minecraft:white_wool":4,"minecraft:oxeye_daisy":1,"artifacts:eternal_steak":3,"minecraft:glow_ink_sac":4,"minecraft:salmon":4,"minecraft:leather":19,"minecraft:oak_log":736,"minecraft:yellow_bed":6,"minecraft:gunpowder":10,"minecraft:cobblestone_stairs":2,"quark:forgotten_hat":1,"minecraft:apple":29,"minecraft:stone_bricks":7,"minecraft:warped_stem":1,"minecraft:iron_ingot":53,"minecraft:stone_pickaxe":1,"minecraft:gray_bed":2,"spartanweaponry:iron_dagger":1,"minecraft:polished_andesite_slab":7,"minecraft:soul_sand":10,"minecraft:book":67,"minecraft:smooth_basalt":31,"minecraft:quartz":173,"minecraft:dandelion":5,"minecraft:gravel":86,"minecraft:soul_torch":2,"minecraft:blast_furnace":1,"quark:oak_chest":13,"minecraft:spider_eye":6,"minecraft:slime_ball":4,"quark:polished_blackstone_brick_vertical_slab":19,"minecraft:rib_armor_trim_smithing_template":1,"minecraft:iron_helmet":1,"minecraft:cherry_sapling":176,"minecraft:baked_potato":72,"minecraft:black_wool":1,"minecraft:coal":151},"minecraft:broken":{"minecraft:iron_shovel":1,"minecraft:diamond_helmet":1,"minecraft:golden_shovel":1,"minecraft:diamond_pickaxe":2,"minecraft:iron_pickaxe":2,"minecraft:golden_pickaxe":1},"minecraft:dropped":{"minecraft:birch_planks":22,"minecraft:oak_log":12,"minecraft:baked_potato":144,"minecraft:golden_pickaxe":1,"minecraft:diamond":16,"alexsmobs:bison_fur":1,"minecraft:cod":1,"minecraft:flint":3,"minecraft:dirt":60,"spartanweaponry:iron_katana":1,"minecraft:polished_blackstone_bricks":3,"minecraft:iron_pickaxe":1,"spartanweaponry:iron_dagger":1,"minecraft:bone":3,"minecraft:gravel":3,"minecraft:stone_axe":1,"minecraft:blackstone":768,"spartanweaponry:iron_heavy_crossbow":3,"alexsmobs:animal_dictionary":1,"minecraft:birch_sapling":76,"minecraft:cherry_sapling":112,"spartanweaponry:iron_longbow":2,"minecraft:azure_bluet":1,"minecraft:salmon":2,"minecraft:carrot":44,"minecraft:poppy":4,"minecraft:gunpowder":1,"minecraft:netherrack":1,"minecraft:lectern":1,"minecraft:water_bucket":1,"minecraft:golden_boots":1,"minecraft:iron_ingot":20,"minecraft:bread":81,"minecraft:wheat_seeds":82,"quark:polished_blackstone_brick_vertical_slab":2,"minecraft:cobblestone":499,"minecraft:stick":1,"quark:clear_shard":11,"minecraft:wooden_axe":1,"minecraft:iron_leggings":1,"minecraft:iron_axe":1,"minecraft:iron_shovel":1,"minecraft:string":6,"minecraft:bucket":1,"minecraft:dandelion":2,"minecraft:oak_trapdoor":2,"minecraft:stone_sword":4,"minecraft:tuff":5,"minecraft:raw_iron":1,"minecraft:light_gray_wool":1,"minecraft:cobblestone_slab":9,"minecraft:shroomlight":1,"minecraft:diamond_pickaxe":4,"minecraft:iron_chestplate":1,"minecraft:andesite":3,"minecraft:yellow_bed":2,"minecraft:oak_sapling":342,"minecraft:golden_leggings":1,"artifacts:eternal_steak":3,"minecraft:spider_eye":2,"minecraft:bow":1,"minecraft:stone_pickaxe":1},"minecraft:custom":{"minecraft:interact_with_crafting_table":114,"minecraft:open_barrel":76,"minecraft:eat_cake_slice":1,"minecraft:leave_game":21,"minecraft:time_since_death":77403,"minecraft:sprint_one_cm":2458583,"minecraft:drop":328,"minecraft:talked_to_villager":355,"minecraft:play_time":760423,"minecraft:deaths":15,"minecraft:jump":11348,"minecraft:walk_on_water_one_cm":74247,"minecraft:interact_with_furnace":106,"minecraft:traded_with_villager":228,"minecraft:sleep_in_bed":14,"minecraft:damage_dealt":41977,"minecraft:player_kills":3,"minecraft:crouch_one_cm":138893,"minecraft:interact_with_smoker":5,"minecraft:interact_with_anvil":4,"minecraft:mob_kills":218,"minecraft:damage_dealt_resisted":305,"minecraft:climb_one_cm":9674,"minecraft:walk_one_cm":1608845,"minecraft:damage_dealt_absorbed":3840,"minecraft:sneak_time":46757,"minecraft:walk_under_water_one_cm":43457,"minecraft:boat_one_cm":10800,"minecraft:interact_with_blast_furnace":1,"minecraft:total_world_time":760423,"minecraft:interact_with_stonecutter":37,"minecraft:time_since_rest":19603,"minecraft:damage_absorbed":4,"minecraft:damage_taken":15992,"minecraft:swim_one_cm":63005,"minecraft:fly_one_cm":2290372,"minecraft:open_chest":328,"minecraft:fall_one_cm":265547}},"DataVersion":3465}