{"stats":{"minecraft:picked_up":{"minecraft:wooden_axe":1,"minecraft:crafting_table":6,"minecraft:wheat":14,"minecraft:azure_bluet":1,"minecraft:gold_block":1,"minecraft:polished_blackstone_brick_stairs":4,"minecraft:string":6,"minecraft:iron_axe":1,"minecraft:experience_bottle":1,"minecraft:blackstone":1627,"minecraft:candle":2,"minecraft:cobbled_deepslate":206,"minecraft:beef":5,"minecraft:oak_boat":5,"minecraft:light_gray_wool":1,"minecraft:coal_block":8,"minecraft:birch_sapling":3,"minecraft:furnace":1,"minecraft:egg":1,"minecraft:stick":24,"minecraft:raw_iron":97,"minecraft:torch":3,"minecraft:porkchop":3,"minecraft:polished_blackstone_bricks":18,"quark:deepslate_furnace":1,"minecraft:cherry_log":3,"minecraft:redstone":31,"minecraft:stone_pressure_plate":2,"minecraft:arrow":4,"minecraft:rotten_flesh":5,"minecraft:gold_ingot":4,"minecraft:obsidian":14,"minecraft:mutton":1,"minecraft:cod":1,"minecraft:cobblestone":128,"minecraft:white_wool":1,"minecraft:oxeye_daisy":1,"minecraft:birch_log":97,"minecraft:magma_block":52,"minecraft:glow_ink_sac":2,"minecraft:andesite":80,"minecraft:leather":5,"minecraft:flint":3,"minecraft:tuff":5,"minecraft:oak_log":77,"minecraft:yellow_bed":2,"minecraft:gunpowder":2,"minecraft:lapis_lazuli":88,"minecraft:dirt":280,"minecraft:lantern":1,"minecraft:bone":3,"minecraft:apple":1,"minecraft:stonecutter":1,"minecraft:wheat_seeds":58,"minecraft:raw_gold":22,"minecraft:grindstone":2,"minecraft:iron_ingot":4,"minecraft:bamboo":6,"minecraft:gray_bed":1,"minecraft:oak_planks":1,"minecraft:smooth_basalt":28,"minecraft:gravel":4,"minecraft:blast_furnace":1,"alexsmobs:animal_dictionary":1,"minecraft:diamond":52,"quark:polished_blackstone_brick_vertical_slab":5,"minecraft:cherry_sapling":8,"minecraft:emerald":4,"minecraft:oak_sapling":35,"minecraft:black_wool":1,"minecraft:coal":37,"minecraft:diamond_pickaxe":2},"minecraft:custom":{"minecraft:mob_kills":30,"minecraft:interact_with_crafting_table":40,"minecraft:open_barrel":7,"minecraft:eat_cake_slice":1,"minecraft:leave_game":11,"minecraft:time_since_death":66189,"minecraft:climb_one_cm":3228,"minecraft:sprint_one_cm":503486,"minecraft:walk_one_cm":305174,"minecraft:drop":96,"minecraft:play_time":180124,"minecraft:deaths":8,"minecraft:sneak_time":8469,"minecraft:walk_under_water_one_cm":12260,"minecraft:boat_one_cm":10800,"minecraft:jump":3302,"minecraft:interact_with_blast_furnace":1,"minecraft:walk_on_water_one_cm":54471,"minecraft:total_world_time":180124,"minecraft:interact_with_furnace":30,"minecraft:interact_with_stonecutter":8,"minecraft:sleep_in_bed":6,"minecraft:time_since_rest":13761,"minecraft:damage_taken":5492,"minecraft:damage_absorbed":4,"minecraft:damage_dealt":6295,"minecraft:player_kills":1,"minecraft:swim_one_cm":14969,"minecraft:fly_one_cm":667149,"minecraft:open_chest":136,"minecraft:crouch_one_cm":25203,"minecraft:fall_one_cm":91712},"minecraft:used":{"quark:polished_blackstone_brick_vertical_slab":5,"minecraft:stone_sword":21,"minecraft:iron_shovel":84,"minecraft:torch":19,"minecraft:dirt":42,"minecraft:mutton":1,"minecraft:golden_shovel":43,"minecraft:obsidian":1,"expanded_combat:diamond_katana":8,"spartanweaponry:diamond_battleaxe":71,"minecraft:lava_bucket":1,"quark:deepslate_furnace":1,"minecraft:iron_axe":55,"minecraft:polished_blackstone_brick_stairs":6,"minecraft:smooth_basalt":3,"minecraft:magma_block":2,"minecraft:bow":4,"minecraft:furnace":1,"minecraft:egg":1,"minecraft:stone_pressure_plate":2,"minecraft:cooked_beef":5,"minecraft:cobbled_deepslate":169,"minecraft:wheat_seeds":1,"minecraft:water_bucket":106,"minecraft:birch_planks":1,"minecraft:oak_planks":29,"minecraft:stone_pickaxe":25,"minecraft:blackstone":69,"minecraft:stonecutter":2,"minecraft:polished_blackstone_bricks":138,"minecraft:golden_apple":1,"minecraft:crafting_table":6,"minecraft:cod":11,"minecraft:oak_log":2,"minecraft:diamond_pickaxe":1062,"minecraft:apple":18,"minecraft:bread":36,"minecraft:iron_pickaxe":538,"minecraft:gravel":1,"minecraft:stone_axe":9,"minecraft:diamond_sword":5,"minecraft:fire_charge":3,"minecraft:cobblestone":133,"minecraft:grindstone":2,"minecraft:cooked_porkchop":3,"minecraft:birch_log":30,"minecraft:bucket":108,"minecraft:yellow_bed":2,"quark:oak_chest":2,"minecraft:oak_boat":5,"minecraft:candle":2,"minecraft:cobweb":5,"minecraft:golden_pickaxe":50,"minecraft:experience_bottle":1},"minecraft:mined":{"minecraft:tuff":5,"minecraft:deepslate_diamond_ore":37,"minecraft:candle":1,"minecraft:obsidian":18,"minecraft:grass_block":101,"minecraft:coal_block":8,"minecraft:oxeye_daisy":1,"minecraft:red_stained_glass_pane":2,"minecraft:polished_blackstone_bricks":18,"minecraft:magma_block":55,"minecraft:furnace":1,"minecraft:iron_ore":93,"minecraft:cobbled_deepslate":24,"minecraft:fire":6,"minecraft:andesite":79,"minecraft:deepslate_lapis_ore":14,"minecraft:azure_bluet":1,"minecraft:gold_block":1,"minecraft:deepslate_iron_ore":4,"minecraft:bamboo":6,"minecraft:stone":123,"minecraft:deepslate_redstone_ore":7,"minecraft:blackstone":886,"minecraft:crafting_table":6,"minecraft:torch":2,"minecraft:blast_furnace":1,"minecraft:emerald_ore":4,"minecraft:tall_grass":53,"minecraft:cobblestone":6,"minecraft:deepslate_gold_ore":22,"minecraft:grindstone":2,"minecraft:polished_blackstone_brick_stairs":4,"minecraft:oak_planks":2,"minecraft:wall_torch":1,"minecraft:birch_planks":1,"minecraft:birch_log":97,"minecraft:wheat":1,"minecraft:gray_bed":1,"minecraft:yellow_bed":2,"quark:deepslate_furnace":1,"minecraft:grass":73,"minecraft:black_wool":1,"minecraft:oak_log":63,"minecraft:coal_ore":10,"minecraft:gravel":8,"minecraft:dirt":14,"quark:hollow_oak_log":1,"minecraft:cobweb":5,"minecraft:smooth_basalt":28,"minecraft:stonecutter":1,"quark:polished_blackstone_brick_vertical_slab":4,"minecraft:oak_leaves":1,"minecraft:deepslate":186,"minecraft:fern":2},"minecraft:killed_by":{"minecraft:skeleton":1},"minecraft:dropped":{"minecraft:water_bucket":1,"minecraft:wheat_seeds":48,"minecraft:oak_log":8,"minecraft:golden_pickaxe":1,"minecraft:diamond":6,"quark:polished_blackstone_brick_vertical_slab":2,"minecraft:cod":1,"minecraft:flint":3,"minecraft:dirt":53,"minecraft:wooden_axe":1,"minecraft:iron_axe":1,"minecraft:iron_pickaxe":1,"minecraft:bucket":1,"minecraft:gravel":3,"minecraft:stone_axe":1,"minecraft:blackstone":768,"minecraft:stone_sword":1,"alexsmobs:animal_dictionary":1,"minecraft:tuff":5,"minecraft:raw_iron":1,"minecraft:light_gray_wool":1,"minecraft:azure_bluet":1,"minecraft:gunpowder":1,"minecraft:diamond_pickaxe":1,"minecraft:andesite":1},"minecraft:broken":{"minecraft:golden_shovel":1,"minecraft:iron_pickaxe":2},"minecraft:killed":{"minecraft:spider":4,"creeperoverhaul:snowy_creeper":1,"minecraft:skeleton":6,"minecraft:pig":1,"minecraft:creeper":1,"minecraft:sheep":2,"minecraft:zombie":10,"minecraft:donkey":1,"minecraft:enderman":2,"minecraft:cow":2},"minecraft:crafted":{"minecraft:oak_planks":304,"expanded_combat:iron_bow":1,"expanded_combat:diamond_katana":1,"usefulbackpacks:backpack_small":1,"minecraft:furnace":1,"minecraft:light_gray_wool":1,"spartanweaponry:diamond_battleaxe":1,"minecraft:stone":3,"quark:polished_blackstone_brick_vertical_slab":2,"quark:deepslate_furnace":1,"minecraft:diamond_leggings":1,"minecraft:diamond_helmet":1,"minecraft:bow":1,"minecraft:iron_boots":1,"minecraft:iron_axe":1,"minecraft:diamond_boots":1,"usefulbackpacks:backpack_medium":1,"minecraft:wheat":18,"minecraft:cooked_beef":5,"expanded_combat:diamond_bow":1,"minecraft:diamond_sword":1,"minecraft:cooked_porkchop":3,"spartanweaponry:pole":1,"minecraft:crafting_table":1,"minecraft:iron_helmet":1,"minecraft:iron_sword":1,"spartanweaponry:handle":4,"minecraft:birch_planks":240,"minecraft:bucket":2,"minecraft:hay_block":2,"minecraft:bread":12,"minecraft:air":0,"minecraft:oak_boat":1,"minecraft:white_wool":7,"minecraft:iron_chestplate":1,"minecraft:shield":1,"minecraft:stick":8,"quark:oak_chest":2,"minecraft:iron_ingot":94,"minecraft:iron_pickaxe":3,"minecraft:iron_shovel":1,"minecraft:iron_leggings":1,"minecraft:gold_ingot":9,"minecraft:stonecutter":1,"minecraft:polished_blackstone_brick_stairs":2,"minecraft:light_gray_dye":1,"minecraft:diamond_chestplate":1}},"DataVersion":3465}