{"stats":{"minecraft:picked_up":{"minecraft:wooden_axe":1,"minecraft:birch_log":7,"minecraft:crafting_table":2,"minecraft:wheat":14,"minecraft:leather":4,"minecraft:yellow_bed":1,"minecraft:gunpowder":1,"minecraft:dirt":116,"minecraft:lantern":1,"minecraft:experience_bottle":1,"minecraft:bone":3,"minecraft:wheat_seeds":53,"minecraft:iron_ingot":4,"minecraft:beef":5,"minecraft:coal_block":8,"minecraft:raw_iron":87,"minecraft:porkchop":3,"alexsmobs:animal_dictionary":1,"minecraft:stone_pressure_plate":2,"minecraft:arrow":4,"minecraft:emerald":2,"minecraft:gold_ingot":4,"minecraft:coal":10,"minecraft:cobblestone":38},"minecraft:custom":{"minecraft:interact_with_furnace":14,"minecraft:mob_kills":11,"minecraft:interact_with_crafting_table":9,"minecraft:open_barrel":1,"minecraft:leave_game":6,"minecraft:time_since_death":48264,"minecraft:sleep_in_bed":3,"minecraft:climb_one_cm":2668,"minecraft:time_since_rest":6201,"minecraft:sprint_one_cm":227368,"minecraft:damage_taken":1176,"minecraft:walk_one_cm":89085,"minecraft:drop":49,"minecraft:damage_dealt":2032,"minecraft:swim_one_cm":2447,"minecraft:fly_one_cm":316434,"minecraft:player_kills":1,"minecraft:open_chest":36,"minecraft:crouch_one_cm":5817,"minecraft:play_time":53228,"minecraft:deaths":1,"minecraft:sneak_time":1451,"minecraft:walk_under_water_one_cm":416,"minecraft:jump":1471,"minecraft:walk_on_water_one_cm":1156,"minecraft:total_world_time":53228,"minecraft:fall_one_cm":39788},"minecraft:used":{"minecraft:wheat_seeds":1,"minecraft:stone_sword":21,"minecraft:iron_shovel":83,"minecraft:stone_pickaxe":20,"minecraft:dirt":32,"minecraft:crafting_table":3,"minecraft:golden_shovel":43,"minecraft:apple":2,"minecraft:bread":19,"minecraft:iron_axe":16,"minecraft:iron_pickaxe":138,"minecraft:stone_axe":9,"minecraft:fire_charge":3,"minecraft:cobblestone":130,"minecraft:bow":1,"minecraft:furnace":1,"minecraft:cooked_porkchop":2,"quark:oak_chest":2,"minecraft:yellow_bed":1,"minecraft:stone_pressure_plate":2,"minecraft:experience_bottle":1},"minecraft:mined":{"minecraft:crafting_table":2,"minecraft:emerald_ore":2,"minecraft:grass_block":101,"minecraft:coal_block":8,"minecraft:tall_grass":40,"minecraft:cobblestone":4,"minecraft:birch_log":7,"minecraft:iron_ore":87,"minecraft:wheat":1,"minecraft:fire":1,"minecraft:yellow_bed":1,"minecraft:grass":47,"minecraft:coal_ore":10,"minecraft:dirt":3,"minecraft:stone":34,"minecraft:fern":2},"minecraft:killed_by":{"minecraft:skeleton":1},"minecraft:dropped":{"minecraft:stone_axe":1,"minecraft:wheat_seeds":46,"alexsmobs:animal_dictionary":1,"minecraft:wooden_axe":1},"minecraft:broken":{"minecraft:golden_shovel":1},"minecraft:killed":{"minecraft:pig":1,"minecraft:spider":1,"creeperoverhaul:snowy_creeper":1,"minecraft:sheep":1,"minecraft:skeleton":4,"minecraft:zombie":1,"minecraft:cow":2},"minecraft:crafted":{"minecraft:cooked_beef":5,"minecraft:oak_planks":4,"minecraft:cooked_porkchop":3,"minecraft:iron_helmet":1,"minecraft:furnace":1,"minecraft:hay_block":2,"minecraft:bread":7,"minecraft:air":0,"minecraft:bow":1,"minecraft:iron_boots":1,"minecraft:iron_chestplate":1,"minecraft:iron_axe":1,"quark:oak_chest":2,"minecraft:iron_pickaxe":1,"minecraft:iron_ingot":87,"minecraft:iron_shovel":1,"minecraft:iron_leggings":1,"minecraft:wheat":18}},"DataVersion":3465}