{"stats":{"minecraft:crafted":{"minecraft:oak_planks":8,"minecraft:stick":8},"minecraft:custom":{"minecraft:time_since_rest":12600,"minecraft:sprint_one_cm":37918,"minecraft:damage_taken":395,"minecraft:walk_one_cm":14215,"minecraft:mob_kills":3,"minecraft:drop":7,"minecraft:damage_dealt":652,"minecraft:fly_one_cm":47416,"minecraft:interact_with_crafting_table":3,"minecraft:player_kills":1,"minecraft:crouch_one_cm":76,"minecraft:play_time":20279,"minecraft:deaths":1,"minecraft:sneak_time":45,"minecraft:jump":268,"minecraft:leave_game":1,"minecraft:time_since_death":12572,"minecraft:total_world_time":20279,"minecraft:fall_one_cm":11348},"minecraft:used":{"minecraft:stone_sword":14,"minecraft:apple":1,"minecraft:stone_pickaxe":16,"minecraft:birch_sapling":2,"minecraft:white_terracotta":2,"minecraft:rotten_flesh":1,"minecraft:stone_axe":3,"minecraft:dirt":1,"minecraft:oak_sapling":2,"alexsmobs:animal_dictionary":1},"minecraft:mined":{"minecraft:large_fern":1,"minecraft:white_terracotta":2,"minecraft:crafting_table":2,"minecraft:grass":4,"minecraft:coal_ore":13,"minecraft:oak_log":2,"minecraft:dirt":1,"minecraft:stone":1,"minecraft:oak_leaves":6,"minecraft:fern":1},"minecraft:dropped":{"minecraft:wheat_seeds":1,"alexsmobs:gazelle_horn":2,"minecraft:stick":8},"minecraft:picked_up":{"minecraft:crafting_table":2,"minecraft:oak_log":2,"alexsmobs:gazelle_horn":4,"minecraft:dirt":1,"minecraft:stone_sword":1,"minecraft:rotten_flesh":2,"minecraft:apple":1,"minecraft:stone_axe":1,"minecraft:wheat_seeds":1,"minecraft:stone_pickaxe":1,"minecraft:white_terracotta":2,"minecraft:oak_sapling":2,"minecraft:birch_sapling":2,"minecraft:mutton":1,"minecraft:coal":13,"minecraft:cobblestone":1,"minecraft:ender_pearl":1},"minecraft:killed":{"alexsmobs:gazelle":2,"minecraft:enderman":1}},"DataVersion":3465}