{"stats":{"minecraft:custom":{"minecraft:time_since_rest":3218,"minecraft:crouch_one_cm":148,"minecraft:sprint_one_cm":29288,"minecraft:interact_with_furnace":4,"minecraft:play_time":8169,"minecraft:deaths":1,"minecraft:damage_taken":265,"minecraft:walk_one_cm":8536,"minecraft:sneak_time":43,"minecraft:walk_under_water_one_cm":61,"minecraft:drop":2,"minecraft:jump":184,"minecraft:damage_dealt":77,"minecraft:leave_game":2,"minecraft:walk_on_water_one_cm":386,"minecraft:time_since_death":3205,"minecraft:climb_one_cm":424,"minecraft:total_world_time":8169,"minecraft:swim_one_cm":1475,"minecraft:player_kills":1,"minecraft:fall_one_cm":9182,"minecraft:fly_one_cm":44659},"minecraft:killed_by":{"minecraft:skeleton":1},"minecraft:used":{"minecraft:stone_pressure_plate":2},"minecraft:mined":{"minecraft:grass":4,"minecraft:tall_grass":6,"minecraft:fern":2},"minecraft:dropped":{"minecraft:wheat_seeds":1,"alexsmobs:animal_dictionary":1},"minecraft:picked_up":{"minecraft:wheat_seeds":1,"alexsmobs:animal_dictionary":1,"minecraft:stone_pressure_plate":2}},"DataVersion":3465}