{"stats":{"minecraft:crafted":{"quark:birch_chest":12,"expanded_combat:diamond_dancer_s_sword":1,"expanded_combat:iron_bow":2,"minecraft:oak_pressure_plate":2,"minecraft:bookshelf":19,"quark:deepslate_furnace":1,"minecraft:quartz_block":54,"minecraft:diamond_helmet":2,"minecraft:diamond_leggings":1,"expanded_combat:diamond_bow":2,"minecraft:emerald":553,"minecraft:cooked_porkchop":3,"minecraft:diamond_axe":1,"minecraft:fletching_table":1,"minecraft:hay_block":2,"minecraft:campfire":13,"quark:oak_chest":15,"minecraft:stone_slab":6,"usefulbackpacks:backpack_large":1,"minecraft:iron_pickaxe":5,"minecraft:gold_ingot":358,"minecraft:light_gray_dye":1,"minecraft:experience_bottle":48,"spartanweaponry:diamond_battleaxe":1,"minecraft:light_gray_wool":1,"minecraft:andesite_wall":8,"minecraft:ladder":4,"minecraft:ender_pearl":12,"minecraft:diamond_boots":1,"quark:andesite_bricks_slab":14,"minecraft:wheat":108,"minecraft:crossbow":9,"minecraft:polished_blackstone_brick_slab":30,"spartanweaponry:diamond_heavy_crossbow":15,"minecraft:enchanted_book":12,"minecraft:iron_shovel":3,"minecraft:iron_leggings":3,"minecraft:white_bed":1,"minecraft:grindstone":1,"minecraft:oak_planks":5080,"minecraft:cobblestone_slab":30,"quark:andesite_pillar":16,"usefulbackpacks:backpack_small":1,"minecraft:cobblestone_stairs":8,"minecraft:stone":16,"spartanweaponry:bolt":208,"minecraft:bow":19,"minecraft:iron_boots":2,"minecraft:stone_hoe":1,"minecraft:oak_fence":42,"minecraft:golden_boots":2,"minecraft:smoker":4,"quark:andesite_bricks_wall":10,"minecraft:item_frame":22,"minecraft:oak_slab":12,"minecraft:crafting_table":5,"minecraft:baked_potato":118,"minecraft:iron_helmet":2,"minecraft:birch_pressure_plate":64,"minecraft:gold_block":2,"minecraft:birch_planks":904,"minecraft:brewing_stand":1,"spartanweaponry:iron_longbow":6,"minecraft:iron_chestplate":4,"minecraft:diamond_pickaxe":3,"minecraft:charcoal":12,"minecraft:shield":1,"minecraft:stick":11014,"minecraft:iron_ingot":103,"minecraft:polished_blackstone_brick_stairs":2,"artifacts:eternal_steak":2,"minecraft:cherry_planks":296,"minecraft:oak_door":3,"minecraft:redstone":6,"expanded_combat:diamond_katana":1,"minecraft:furnace":16,"quark:polished_blackstone_brick_vertical_slab":16,"minecraft:polished_andesite_slab":18,"minecraft:oak_trapdoor":14,"minecraft:flint_and_steel":1,"minecraft:iron_axe":1,"spartanweaponry:diamond_longbow":42,"usefulbackpacks:backpack_medium":1,"minecraft:cooked_beef":31,"minecraft:diamond_sword":3,"minecraft:iron_trapdoor":3,"spartanweaponry:pole":1,"minecraft:iron_sword":2,"spartanweaponry:handle":4,"minecraft:bucket":3,"minecraft:air":0,"minecraft:bread":71,"minecraft:oak_boat":1,"minecraft:white_wool":7,"expanded_combat:gold_stick":4,"minecraft:stonecutter":1,"spartanweaponry:iron_heavy_crossbow":3,"minecraft:torch":56,"minecraft:lapis_lazuli":3,"minecraft:diamond_chestplate":1},"minecraft:custom":{"minecraft:interact_with_crafting_table":149,"minecraft:open_barrel":104,"minecraft:eat_cake_slice":1,"minecraft:leave_game":32,"minecraft:time_since_death":185299,"minecraft:damage_blocked_by_shield":829,"minecraft:play_time":1206970,"minecraft:deaths":26,"minecraft:jump":16346,"minecraft:enchant_item":12,"minecraft:interact_with_furnace":138,"minecraft:traded_with_villager":736,"minecraft:sleep_in_bed":31,"minecraft:damage_dealt":76628,"minecraft:interact_with_smoker":20,"minecraft:interact_with_smithing_table":2,"minecraft:interact_with_anvil":5,"minecraft:inspect_hopper":5,"minecraft:damage_dealt_absorbed":5111,"minecraft:sneak_time":71680,"minecraft:interact_with_blast_furnace":1,"minecraft:total_world_time":1206970,"minecraft:interact_with_stonecutter":37,"minecraft:time_since_rest":2902,"minecraft:swim_one_cm":63979,"minecraft:fly_one_cm":3400173,"minecraft:open_chest":635,"minecraft:fall_one_cm":384510,"minecraft:sprint_one_cm":4184113,"minecraft:drop":962,"minecraft:talked_to_villager":638,"minecraft:interact_with_brewingstand":1,"minecraft:walk_on_water_one_cm":82117,"minecraft:interact_with_loom":1,"minecraft:player_kills":5,"minecraft:crouch_one_cm":223887,"minecraft:mob_kills":420,"minecraft:damage_dealt_resisted":305,"minecraft:climb_one_cm":20246,"minecraft:walk_one_cm":2529565,"minecraft:walk_under_water_one_cm":44464,"minecraft:boat_one_cm":10800,"minecraft:interact_with_grindstone":24,"minecraft:damage_taken":29250,"minecraft:damage_absorbed":4},"minecraft:killed_by":{"minecraft:ghast":1,"minecraft:blaze":1,"minecraft:player":4,"minecraft:skeleton":1},"minecraft:mined":{"minecraft:white_bed":10,"minecraft:cherry_log":86,"minecraft:red_nether_bricks":1,"minecraft:obsidian":19,"minecraft:deepslate_bricks":2,"minecraft:coal_block":24,"minecraft:hopper":1,"minecraft:nether_wart":40,"minecraft:oak_wall_sign":2,"minecraft:oxeye_daisy":1,"minecraft:red_stained_glass_pane":2,"minecraft:spawner":2,"minecraft:polished_blackstone_bricks":475,"minecraft:tall_seagrass":1,"minecraft:magma_block":105,"minecraft:cobbled_deepslate":24,"minecraft:fire":28,"minecraft:barrel":1,"minecraft:fletching_table":8,"minecraft:deepslate_lapis_ore":18,"minecraft:nether_brick_stairs":1,"minecraft:enchanting_table":2,"quark:nether_brick_chest":6,"minecraft:red_bed":7,"minecraft:smoker":5,"minecraft:soul_fire":7,"quark:gold_bars":3,"minecraft:torch":17,"minecraft:blast_furnace":1,"minecraft:melon":1,"minecraft:dead_bush":1,"minecraft:sugar_cane":19,"minecraft:birch_sapling":1,"quark:cherry_bookshelf":16,"minecraft:wheat":5,"minecraft:grass":395,"quark:birch_chest":17,"minecraft:smooth_quartz":2,"minecraft:smooth_basalt":29,"quark:andesite_pillar":3,"minecraft:stonecutter":9,"minecraft:deepslate":187,"minecraft:birch_fence_gate":1,"minecraft:nether_bricks":7,"minecraft:andesite":93,"minecraft:potatoes":19,"minecraft:cobblestone_slab":66,"minecraft:vine":1,"minecraft:warped_stem":1,"minecraft:bamboo":6,"minecraft:bone_block":21,"minecraft:oak_slab":16,"minecraft:gray_concrete":2,"minecraft:soul_sand":10,"quark:oak_chest":11,"minecraft:polished_blackstone_brick_wall":2,"minecraft:emerald_ore":4,"minecraft:campfire":3,"minecraft:tall_grass":267,"minecraft:copper_ore":16,"minecraft:deepslate_gold_ore":23,"minecraft:warped_wart_block":6,"minecraft:coarse_dirt":10,"minecraft:cobblestone_wall":6,"minecraft:purple_stained_glass":3,"quark:deepslate_furnace":2,"minecraft:gravel":102,"minecraft:cobweb":16,"minecraft:acacia_planks":2,"minecraft:stone_bricks":10,"minecraft:fern":2,"quark:andesite_bricks_slab":6,"minecraft:farmland":10,"quark:cherry_chest":2,"minecraft:cobblestone_stairs":6,"minecraft:brewing_stand":4,"minecraft:grass_block":201,"minecraft:cracked_polished_blackstone_bricks":9,"minecraft:polished_blackstone_brick_slab":11,"minecraft:gilded_blackstone":1,"minecraft:iron_ore":100,"minecraft:azure_bluet":1,"minecraft:iron_bars":3,"minecraft:deepslate_redstone_ore":7,"minecraft:cyan_terracotta":9,"minecraft:blackstone":1295,"minecraft:twisting_vines_plant":1,"minecraft:poppy":2,"minecraft:chest":1,"minecraft:nether_quartz_ore":108,"minecraft:cobblestone":577,"minecraft:slime_block":15,"minecraft:grindstone":3,"minecraft:oak_planks":117,"minecraft:iron_door":2,"minecraft:wall_torch":28,"minecraft:pink_petals":1,"minecraft:stone_stairs":5,"minecraft:birch_log":333,"minecraft:oak_log":1348,"minecraft:dirt":380,"quark:hollow_oak_log":1,"minecraft:netherrack":351,"minecraft:oak_leaves":8,"minecraft:nether_gold_ore":40,"minecraft:tuff":5,"minecraft:candle":1,"minecraft:deepslate_diamond_ore":38,"minecraft:blackstone_wall":1,"minecraft:ladder":1,"minecraft:polished_andesite_slab":7,"minecraft:rooted_dirt":3,"minecraft:hay_block":11,"minecraft:oak_trapdoor":12,"minecraft:furnace":3,"minecraft:carrots":14,"minecraft:gold_block":38,"minecraft:bookshelf":4,"minecraft:deepslate_iron_ore":4,"minecraft:lantern":2,"minecraft:stone":3273,"minecraft:basalt":3,"minecraft:oak_fence":25,"minecraft:crafting_table":17,"minecraft:lectern":129,"minecraft:andesite_wall":6,"minecraft:polished_blackstone_brick_stairs":121,"minecraft:birch_planks":1,"minecraft:polished_blackstone_stairs":3,"minecraft:redstone_torch":1,"minecraft:gray_bed":2,"minecraft:yellow_bed":3,"minecraft:black_wool":1,"minecraft:coal_ore":87,"minecraft:cracked_stone_bricks":4,"minecraft:mossy_stone_bricks":3,"quark:polished_blackstone_brick_vertical_slab":18},"minecraft:used":{"expanded_combat:diamond_dancer_s_sword":532,"minecraft:spruce_slab":1,"minecraft:polished_blackstone":1,"minecraft:poppy":1,"minecraft:ladder":5,"minecraft:chest":1,"quark:andesite_bricks_wall":6,"minecraft:stone":7,"minecraft:rotten_flesh":6,"minecraft:snowball":1,"spartanweaponry:diamond_battleaxe":597,"minecraft:lava_bucket":1,"minecraft:birch_sapling":16,"minecraft:bow":5,"minecraft:furnace":17,"minecraft:oak_sapling":147,"minecraft:egg":1,"minecraft:potato":63,"spartanweaponry:iron_greatsword":9,"minecraft:mossy_stone_bricks":1,"minecraft:blackstone":204,"artifacts:eternal_steak":222,"minecraft:golden_apple":2,"minecraft:gray_concrete":2,"quark:andesite_bricks_slab":19,"minecraft:lectern":123,"minecraft:oak_pressure_plate":2,"minecraft:polished_andesite_slab":24,"minecraft:diamond_sword":5,"minecraft:fire_charge":3,"minecraft:birch_log":82,"minecraft:oak_boat":5,"minecraft:oak_trapdoor":18,"minecraft:polished_blackstone_brick_slab":13,"minecraft:enchanting_table":2,"minecraft:stone_sword":21,"minecraft:polished_blackstone_wall":1,"minecraft:netherrack":293,"minecraft:torch":169,"minecraft:brewing_stand":5,"minecraft:warped_wart_block":6,"minecraft:wheat":15,"quark:andesite_pillar":15,"minecraft:twisting_vines":1,"minecraft:stone_stairs":5,"minecraft:golden_shovel":43,"minecraft:nether_brick_stairs":1,"minecraft:shroomlight":1,"minecraft:iron_axe":55,"minecraft:rooted_dirt":2,"minecraft:slime_block":10,"minecraft:smooth_basalt":3,"minecraft:basalt":11,"minecraft:cobbled_deepslate":199,"minecraft:wheat_seeds":50,"minecraft:water_bucket":143,"minecraft:warped_stem":1,"minecraft:birch_planks":1,"minecraft:fletching_table":11,"minecraft:deepslate_bricks":1,"minecraft:polished_blackstone_bricks":923,"minecraft:cracked_stone_bricks":4,"minecraft:gilded_blackstone":1,"minecraft:salmon":2,"minecraft:oak_slab":32,"minecraft:tnt":1,"minecraft:crafting_table":21,"minecraft:red_bed":9,"minecraft:campfire":13,"minecraft:white_bed":10,"minecraft:cod":11,"minecraft:oak_log":9,"minecraft:diamond_pickaxe":6409,"expanded_combat:diamond_bow":454,"minecraft:iron_pickaxe":541,"minecraft:cobblestone":3371,"minecraft:cooked_porkchop":3,"quark:oak_chest":28,"minecraft:dandelion":3,"minecraft:candle":2,"minecraft:iron_shovel":414,"minecraft:oak_sign":2,"minecraft:shield":12,"minecraft:iron_sword":3,"minecraft:mutton":1,"minecraft:nether_bricks":6,"minecraft:carrot":2,"minecraft:obsidian":16,"expanded_combat:diamond_katana":626,"minecraft:cyan_terracotta":4,"quark:deepslate_furnace":2,"minecraft:lantern":5,"minecraft:stone_bricks":8,"minecraft:item_frame":14,"minecraft:magma_block":52,"minecraft:gray_bed":2,"minecraft:gold_block":3,"minecraft:golden_boots":5,"minecraft:diamond_boots":5,"spartanweaponry:diamond_heavy_crossbow":50,"minecraft:stone_pickaxe":47,"minecraft:oak_planks":424,"minecraft:diamond_axe":87,"minecraft:sugar_cane":6,"quark:gold_bars":3,"minecraft:bread":50,"minecraft:melon_slice":3,"quark:soul_bead":2,"minecraft:gravel":88,"minecraft:grindstone":3,"spartanweaponry:diamond_longbow":4,"minecraft:andesite":12,"minecraft:coarse_dirt":6,"minecraft:bone_meal":3,"minecraft:golden_pickaxe":448,"minecraft:experience_bottle":50,"minecraft:cobweb":5,"minecraft:oak_fence":26,"quark:polished_blackstone_brick_vertical_slab":33,"quark:birch_chest":29,"minecraft:flint_and_steel":3,"minecraft:stone_hoe":5,"minecraft:oak_door":2,"minecraft:dirt":1024,"minecraft:cobblestone_wall":1,"minecraft:golden_chestplate":1,"spartanweaponry:iron_longbow":1,"minecraft:andesite_wall":6,"minecraft:bookshelf":19,"minecraft:polished_blackstone_brick_stairs":422,"minecraft:iron_boots":1,"minecraft:stone_pressure_plate":2,"minecraft:cooked_beef":25,"minecraft:cobblestone_stairs":10,"minecraft:red_nether_bricks":1,"minecraft:stonecutter":8,"minecraft:cobblestone_slab":88,"minecraft:smoker":9,"minecraft:apple":29,"minecraft:cracked_polished_blackstone_bricks":7,"minecraft:stone_axe":9,"minecraft:pink_petals":1,"minecraft:bucket":146,"minecraft:yellow_bed":4,"minecraft:smooth_stone":1},"minecraft:broken":{"minecraft:diamond_helmet":1,"minecraft:diamond_pickaxe":3,"minecraft:iron_pickaxe":2,"minecraft:iron_helmet":1,"minecraft:iron_shovel":1,"minecraft:leather_leggings":1,"minecraft:golden_shovel":1,"minecraft:golden_pickaxe":1},"minecraft:dropped":{"minecraft:diamond":16,"minecraft:crossbow":10,"minecraft:warped_roots":8,"minecraft:fletching_table":1,"minecraft:dirt":511,"minecraft:grass":1,"quark:andesite_bricks_slab":1,"minecraft:iron_pickaxe":2,"spartanweaponry:iron_dagger":1,"minecraft:bone":3,"minecraft:polished_blackstone_wall":5,"usefulbackpacks:backpack_large":1,"minecraft:stone_axe":1,"alexsmobs:animal_dictionary":1,"minecraft:birch_sapling":78,"minecraft:rotten_flesh":2,"minecraft:oak_planks":3,"minecraft:azure_bluet":1,"minecraft:salmon":2,"minecraft:lectern":6,"minecraft:iron_ingot":22,"minecraft:golden_boots":1,"minecraft:wheat_seeds":98,"minecraft:polished_blackstone":6,"quark:polished_blackstone_brick_vertical_slab":2,"minecraft:oak_fence":8,"minecraft:cobblestone":502,"minecraft:polished_blackstone_stairs":4,"minecraft:iron_trapdoor":3,"minecraft:wooden_axe":1,"minecraft:iron_shovel":2,"minecraft:string":7,"minecraft:acacia_planks":2,"minecraft:stone_sword":5,"minecraft:cobblestone_wall":10,"minecraft:stone_shovel":28,"minecraft:shears":1,"minecraft:cobblestone_slab":16,"minecraft:potato":455,"minecraft:shroomlight":1,"minecraft:diamond_pickaxe":5,"minecraft:yellow_bed":2,"artifacts:eternal_steak":5,"minecraft:redstone_torch":1,"minecraft:spider_eye":2,"minecraft:barrel":2,"minecraft:bow":20,"spartanweaponry:diamond_longbow":43,"minecraft:warped_stem":5,"minecraft:candle":2,"minecraft:birch_planks":22,"minecraft:oak_log":78,"minecraft:baked_potato":220,"minecraft:golden_pickaxe":1,"minecraft:polished_blackstone_brick_wall":4,"alexsmobs:bison_fur":1,"minecraft:cod":1,"minecraft:flint":3,"minecraft:cobblestone_stairs":2,"spartanweaponry:iron_katana":1,"minecraft:polished_blackstone_bricks":4,"minecraft:gravel":5,"minecraft:blackstone":768,"spartanweaponry:iron_heavy_crossbow":3,"spartanweaponry:diamond_heavy_crossbow":13,"minecraft:cherry_sapling":364,"artifacts:villager_hat":9,"spartanweaponry:iron_longbow":7,"minecraft:carrot":92,"minecraft:poppy":34,"minecraft:gunpowder":1,"minecraft:basalt":6,"minecraft:netherrack":2,"minecraft:water_bucket":1,"minecraft:bread":91,"minecraft:oak_slab":1,"expanded_combat:diamond_bow":1,"minecraft:poisonous_potato":16,"minecraft:spruce_stairs":2,"minecraft:stick":10,"quark:clear_shard":11,"minecraft:melon_slice":2,"minecraft:brown_wool":1,"spartanweaponry:iron_greatsword":1,"minecraft:iron_leggings":1,"minecraft:iron_axe":1,"minecraft:bucket":1,"minecraft:dandelion":3,"minecraft:redstone":9,"alexsmobs:maggot":2,"minecraft:oak_trapdoor":2,"minecraft:tuff":5,"minecraft:raw_iron":1,"minecraft:light_gray_wool":1,"minecraft:deepslate_bricks":1,"minecraft:iron_chestplate":1,"minecraft:andesite":3,"minecraft:golden_leggings":1,"minecraft:oak_sapling":600,"quark:purple_shard":5,"minecraft:stone_pickaxe":15},"minecraft:picked_up":{"minecraft:wooden_axe":1,"minecraft:iron_chestplate":1,"minecraft:oak_stairs":1,"minecraft:enchanted_book":8,"minecraft:brewing_stand":4,"expanded_combat:diamond_katana":1,"minecraft:polished_blackstone_brick_stairs":121,"minecraft:string":35,"minecraft:red_nether_bricks":1,"minecraft:shroomlight":2,"minecraft:gold_nugget":298,"minecraft:cobbled_deepslate":209,"quark:andesite_pillar":3,"minecraft:coal_block":24,"minecraft:melon_slice":5,"minecraft:polished_blackstone_brick_slab":11,"minecraft:polished_blackstone_stairs":4,"spartanweaponry:diamond_heavy_crossbow":1,"minecraft:cherry_log":77,"minecraft:green_terracotta":5,"minecraft:golden_chestplate":2,"minecraft:stone_sword":3,"quark:clear_shard":11,"artifacts:villager_hat":10,"minecraft:blackstone_wall":1,"minecraft:cyan_terracotta":8,"minecraft:blaze_rod":2,"minecraft:iron_bars":3,"minecraft:snowball":1,"minecraft:birch_log":328,"minecraft:magma_block":101,"minecraft:feather":2,"spartanweaponry:handle":3,"minecraft:iron_door":2,"minecraft:brown_wool":1,"minecraft:smoker":5,"alexsmobs:bison_fur":1,"minecraft:flint":19,"minecraft:gray_concrete":2,"minecraft:lantern":8,"minecraft:twisting_vines":1,"minecraft:stonecutter":10,"quark:soul_bead":2,"minecraft:warped_wart_block":6,"minecraft:birch_fence_gate":1,"alexsmobs:animal_dictionary":1,"minecraft:barrel":3,"spartanweaponry:pole":1,"quark:andesite_bricks_slab":8,"minecraft:golden_horse_armor":1,"minecraft:bread":3,"alexsmobs:maggot":4,"minecraft:rooted_dirt":3,"minecraft:diamond_pickaxe":6,"minecraft:crafting_table":17,"minecraft:coarse_dirt":9,"minecraft:nether_wart":41,"minecraft:golden_pickaxe":1,"quark:nether_brick_chest":6,"minecraft:red_bed":9,"minecraft:flint_and_steel":1,"minecraft:polished_blackstone_wall":6,"minecraft:cracked_stone_bricks":4,"minecraft:beef":32,"minecraft:poppy":36,"minecraft:spruce_slab":1,"minecraft:chest":1,"minecraft:birch_sapling":97,"minecraft:egg":1,"minecraft:oak_door":1,"alexsmobs:straddlite":1,"minecraft:carrot":401,"minecraft:redstone":36,"artifacts:everlasting_beef":1,"minecraft:stone_shovel":4,"minecraft:deepslate_bricks":2,"minecraft:hay_block":12,"minecraft:gold_ingot":20,"artifacts:pocket_piston":1,"minecraft:polished_blackstone":7,"minecraft:mutton":6,"minecraft:bone_block":20,"minecraft:white_wool":4,"minecraft:oxeye_daisy":1,"minecraft:oak_log":1331,"minecraft:apple":49,"minecraft:stone_bricks":8,"minecraft:warped_stem":6,"minecraft:stone_pickaxe":6,"spartanweaponry:iron_dagger":1,"minecraft:gray_bed":3,"minecraft:iron_sword":1,"minecraft:smooth_basalt":31,"minecraft:gravel":88,"minecraft:slime_ball":4,"quark:polished_blackstone_brick_vertical_slab":19,"minecraft:rib_armor_trim_smithing_template":1,"minecraft:polished_blackstone_brick_wall":4,"minecraft:warped_roots":8,"minecraft:baked_potato":148,"minecraft:wheat":91,"minecraft:gilded_blackstone":1,"spartanweaponry:iron_katana":1,"minecraft:raw_copper":49,"minecraft:iron_leggings":1,"minecraft:experience_bottle":2,"minecraft:oak_sign":2,"alexsmobs:blood_sac":1,"minecraft:smooth_stone":1,"minecraft:redstone_torch":2,"minecraft:cobblestone_slab":80,"minecraft:furnace":6,"minecraft:iron_boots":1,"minecraft:stick":438,"minecraft:oak_fence":26,"minecraft:torch":91,"minecraft:spruce_stairs":2,"minecraft:porkchop":7,"minecraft:andesite_wall":6,"minecraft:rotten_flesh":56,"minecraft:obsidian":16,"minecraft:cod":1,"minecraft:cobblestone":4130,"minecraft:enchanting_table":2,"quark:andesite_bricks_wall":3,"spartanweaponry:diamond_longbow":3,"minecraft:pink_petals":1,"minecraft:magma_cream":3,"minecraft:andesite":94,"minecraft:potato":1349,"minecraft:tuff":5,"minecraft:wither_skeleton_skull":1,"minecraft:dirt":1595,"minecraft:lapis_lazuli":201,"minecraft:bone":66,"minecraft:acacia_planks":2,"minecraft:bow":3,"minecraft:wheat_seeds":241,"quark:purple_shard":5,"minecraft:raw_gold":52,"minecraft:grindstone":3,"minecraft:mossy_stone_bricks":1,"minecraft:fletching_table":11,"minecraft:bamboo":6,"minecraft:oak_planks":275,"minecraft:ghast_tear":1,"minecraft:poisonous_potato":19,"minecraft:nether_brick_stairs":1,"quark:gold_bars":3,"minecraft:diamond":62,"minecraft:slime_block":15,"minecraft:cracked_polished_blackstone_bricks":7,"minecraft:crossbow":1,"minecraft:bone_meal":3,"minecraft:grass":1,"minecraft:emerald":106,"minecraft:oak_sapling":782,"minecraft:netherrack":344,"minecraft:charcoal":6,"minecraft:azure_bluet":1,"minecraft:chicken":1,"minecraft:ladder":1,"minecraft:gold_block":37,"minecraft:oak_trapdoor":11,"minecraft:stone_stairs":5,"minecraft:iron_axe":1,"minecraft:item_frame":2,"minecraft:blackstone":2022,"minecraft:candle":4,"spartanweaponry:iron_longbow":1,"minecraft:oak_boat":6,"minecraft:light_gray_wool":1,"minecraft:lectern":129,"minecraft:sugar_cane":34,"minecraft:phantom_membrane":1,"minecraft:raw_iron":108,"expanded_combat:diamond_dancer_s_sword":1,"minecraft:polished_blackstone_bricks":492,"quark:deepslate_furnace":2,"quark:birch_chest":17,"minecraft:stone_pressure_plate":2,"minecraft:dark_oak_planks":32,"minecraft:arrow":44,"minecraft:nether_bricks":7,"minecraft:saddle":2,"minecraft:basalt":17,"artifacts:eternal_steak":4,"minecraft:glow_ink_sac":4,"minecraft:salmon":4,"minecraft:leather":19,"minecraft:gunpowder":13,"minecraft:yellow_bed":7,"minecraft:cobblestone_wall":11,"minecraft:cobblestone_stairs":6,"quark:forgotten_hat":1,"minecraft:iron_ingot":127,"minecraft:polished_andesite_slab":7,"minecraft:soul_sand":10,"minecraft:book":69,"minecraft:oak_slab":21,"minecraft:quartz":173,"minecraft:dandelion":6,"minecraft:soul_torch":2,"minecraft:blast_furnace":1,"minecraft:white_bed":12,"quark:oak_chest":13,"minecraft:spider_eye":7,"usefulbackpacks:backpack_large":1,"minecraft:iron_helmet":1,"minecraft:cherry_sapling":372,"minecraft:black_wool":1,"minecraft:coal":206},"minecraft:killed":{"guardvillagers:guard":1,"minecraft:cave_spider":98,"minecraft:skeleton":33,"minecraft:chicken":1,"alexsmobs:straddler":13,"alexsmobs:laviathan":2,"minecraft:cat":1,"minecraft:magma_cube":24,"minecraft:iron_golem":27,"minecraft:donkey":1,"minecraft:zombie":49,"alexsmobs:maned_wolf":1,"minecraft:cow":8,"alexsmobs:raccoon":3,"quark:toretoise":1,"creeperoverhaul:snowy_creeper":1,"alexsmobs:catfish":1,"quark:wraith":2,"minecraft:enderman":2,"alexsmobs:hummingbird":1,"minecraft:spider":12,"quark:forgotten":1,"minecraft:piglin_brute":20,"minecraft:piglin":7,"minecraft:pig":4,"alexsmobs:grizzly_bear":3,"minecraft:zombie_villager":3,"alexsmobs:stradpole":4,"minecraft:creeper":10,"alexsmobs:crimson_mosquito":1,"alexsmobs:warped_toad":2,"minecraft:sheep":5,"minecraft:ghast":2,"alexsmobs:fly":1,"minecraft:blaze":16,"minecraft:vex":1,"minecraft:slime":5,"minecraft:phantom":5,"alexsmobs:bison":2,"quark:foxhound":2,"alexsmobs:crow":1,"minecraft:wither_skeleton":28,"minecraft:villager":9}},"DataVersion":3465}