{"stats":{"minecraft:picked_up":{"minecraft:wooden_axe":1,"minecraft:crafting_table":4,"minecraft:wheat":14,"minecraft:azure_bluet":1,"minecraft:gold_block":1,"minecraft:iron_axe":1,"minecraft:experience_bottle":1,"minecraft:blackstone":66,"minecraft:candle":1,"minecraft:cobbled_deepslate":152,"minecraft:beef":5,"minecraft:oak_boat":5,"minecraft:light_gray_wool":1,"minecraft:coal_block":8,"minecraft:birch_sapling":3,"minecraft:egg":1,"minecraft:stick":24,"minecraft:raw_iron":97,"minecraft:torch":2,"minecraft:porkchop":3,"quark:deepslate_furnace":1,"minecraft:cherry_log":3,"minecraft:redstone":9,"minecraft:stone_pressure_plate":2,"minecraft:arrow":4,"minecraft:rotten_flesh":4,"minecraft:gold_ingot":4,"minecraft:mutton":1,"minecraft:cobblestone":43,"minecraft:white_wool":1,"minecraft:oxeye_daisy":1,"minecraft:birch_log":54,"minecraft:magma_block":29,"minecraft:leather":5,"minecraft:oak_log":77,"minecraft:yellow_bed":1,"minecraft:gunpowder":1,"minecraft:lapis_lazuli":54,"minecraft:dirt":116,"minecraft:lantern":1,"minecraft:bone":3,"minecraft:apple":1,"minecraft:wheat_seeds":55,"minecraft:raw_gold":17,"minecraft:grindstone":2,"minecraft:iron_ingot":4,"minecraft:bamboo":6,"minecraft:oak_planks":1,"minecraft:smooth_basalt":3,"alexsmobs:animal_dictionary":1,"minecraft:diamond":11,"minecraft:cherry_sapling":8,"minecraft:emerald":4,"minecraft:oak_sapling":35,"minecraft:coal":10,"minecraft:black_wool":1},"minecraft:custom":{"minecraft:mob_kills":18,"minecraft:interact_with_crafting_table":18,"minecraft:open_barrel":5,"minecraft:eat_cake_slice":1,"minecraft:leave_game":9,"minecraft:time_since_death":80908,"minecraft:climb_one_cm":3228,"minecraft:sprint_one_cm":355674,"minecraft:walk_one_cm":149378,"minecraft:drop":61,"minecraft:play_time":85872,"minecraft:deaths":1,"minecraft:sneak_time":3120,"minecraft:walk_under_water_one_cm":1305,"minecraft:boat_one_cm":10800,"minecraft:jump":2074,"minecraft:walk_on_water_one_cm":13802,"minecraft:total_world_time":85872,"minecraft:interact_with_furnace":26,"minecraft:sleep_in_bed":4,"minecraft:time_since_rest":13909,"minecraft:damage_taken":2167,"minecraft:damage_absorbed":4,"minecraft:damage_dealt":3630,"minecraft:swim_one_cm":7409,"minecraft:fly_one_cm":468409,"minecraft:player_kills":1,"minecraft:open_chest":59,"minecraft:crouch_one_cm":11905,"minecraft:fall_one_cm":58504},"minecraft:used":{"minecraft:stone_sword":21,"minecraft:iron_shovel":83,"minecraft:torch":13,"minecraft:dirt":32,"minecraft:golden_shovel":43,"minecraft:obsidian":1,"quark:deepslate_furnace":1,"minecraft:iron_axe":49,"minecraft:smooth_basalt":3,"minecraft:magma_block":2,"minecraft:bow":4,"minecraft:furnace":1,"minecraft:egg":1,"minecraft:stone_pressure_plate":2,"minecraft:cobbled_deepslate":11,"minecraft:wheat_seeds":1,"minecraft:water_bucket":24,"minecraft:oak_planks":29,"minecraft:stone_pickaxe":25,"minecraft:golden_apple":1,"minecraft:crafting_table":5,"minecraft:oak_log":2,"minecraft:apple":9,"minecraft:bread":36,"minecraft:iron_pickaxe":423,"minecraft:stone_axe":9,"minecraft:fire_charge":3,"minecraft:cobblestone":132,"minecraft:cooked_porkchop":2,"minecraft:grindstone":2,"minecraft:bucket":25,"minecraft:yellow_bed":1,"quark:oak_chest":2,"minecraft:oak_boat":5,"minecraft:golden_pickaxe":24,"minecraft:experience_bottle":1},"minecraft:mined":{"minecraft:deepslate_diamond_ore":9,"minecraft:grass_block":101,"minecraft:coal_block":8,"minecraft:oxeye_daisy":1,"minecraft:red_stained_glass_pane":2,"minecraft:magma_block":31,"minecraft:iron_ore":93,"minecraft:fire":1,"minecraft:deepslate_lapis_ore":8,"minecraft:azure_bluet":1,"minecraft:gold_block":1,"minecraft:deepslate_iron_ore":4,"minecraft:bamboo":6,"minecraft:stone":39,"minecraft:deepslate_redstone_ore":2,"minecraft:blackstone":70,"minecraft:crafting_table":4,"minecraft:torch":1,"minecraft:emerald_ore":4,"minecraft:tall_grass":42,"minecraft:cobblestone":4,"minecraft:deepslate_gold_ore":17,"minecraft:grindstone":2,"minecraft:oak_planks":2,"minecraft:wall_torch":1,"minecraft:birch_log":54,"minecraft:wheat":1,"minecraft:yellow_bed":1,"quark:deepslate_furnace":1,"minecraft:grass":53,"minecraft:black_wool":1,"minecraft:oak_log":63,"minecraft:coal_ore":10,"minecraft:dirt":3,"quark:hollow_oak_log":1,"minecraft:smooth_basalt":3,"minecraft:oak_leaves":1,"minecraft:deepslate":153,"minecraft:fern":2},"minecraft:killed_by":{"minecraft:skeleton":1},"minecraft:dropped":{"minecraft:wheat_seeds":46,"minecraft:oak_log":8,"minecraft:wooden_axe":1,"minecraft:iron_axe":1,"minecraft:stone_axe":1,"minecraft:stone_sword":1,"alexsmobs:animal_dictionary":1,"minecraft:light_gray_wool":1,"minecraft:azure_bluet":1},"minecraft:broken":{"minecraft:golden_shovel":1,"minecraft:iron_pickaxe":1},"minecraft:killed":{"minecraft:spider":1,"creeperoverhaul:snowy_creeper":1,"minecraft:skeleton":5,"minecraft:pig":1,"minecraft:sheep":2,"minecraft:donkey":1,"minecraft:zombie":5,"minecraft:cow":2},"minecraft:crafted":{"minecraft:oak_planks":40,"minecraft:furnace":1,"minecraft:light_gray_wool":1,"quark:deepslate_furnace":1,"minecraft:iron_boots":1,"minecraft:bow":1,"minecraft:iron_axe":1,"minecraft:wheat":18,"minecraft:cooked_beef":5,"minecraft:cooked_porkchop":3,"minecraft:crafting_table":1,"minecraft:iron_helmet":1,"minecraft:bucket":1,"minecraft:hay_block":2,"minecraft:bread":12,"minecraft:air":0,"minecraft:oak_boat":1,"minecraft:iron_chestplate":1,"minecraft:stick":8,"quark:oak_chest":2,"minecraft:iron_ingot":94,"minecraft:iron_pickaxe":2,"minecraft:gold_ingot":9,"minecraft:iron_shovel":1,"minecraft:iron_leggings":1,"minecraft:light_gray_dye":1}},"DataVersion":3465}