{"stats":{"minecraft:crafted":{"minecraft:oak_planks":8,"minecraft:stick":8},"minecraft:custom":{"minecraft:time_since_rest":0,"minecraft:sprint_one_cm":42429,"minecraft:damage_taken":638,"minecraft:walk_one_cm":16979,"minecraft:mob_kills":4,"minecraft:drop":7,"minecraft:damage_dealt":959,"minecraft:interact_with_crafting_table":3,"minecraft:fly_one_cm":53678,"minecraft:player_kills":1,"minecraft:crouch_one_cm":76,"minecraft:play_time":24185,"minecraft:deaths":2,"minecraft:sneak_time":45,"minecraft:jump":303,"minecraft:leave_game":2,"minecraft:walk_on_water_one_cm":90,"minecraft:time_since_death":0,"minecraft:total_world_time":24185,"minecraft:fall_one_cm":12985},"minecraft:killed_by":{"minecraft:zombie":1},"minecraft:used":{"minecraft:stone_sword":21,"minecraft:apple":1,"minecraft:stone_pickaxe":17,"minecraft:birch_sapling":2,"minecraft:white_terracotta":2,"minecraft:rotten_flesh":2,"minecraft:stone_axe":4,"minecraft:dirt":1,"minecraft:mutton":1,"minecraft:crafting_table":1,"minecraft:oak_sapling":2,"alexsmobs:animal_dictionary":1},"minecraft:mined":{"minecraft:large_fern":1,"minecraft:white_terracotta":2,"minecraft:crafting_table":3,"minecraft:grass":5,"minecraft:oak_log":2,"minecraft:coal_ore":13,"minecraft:dirt":1,"minecraft:stone":1,"minecraft:oak_leaves":6,"minecraft:fern":1},"minecraft:dropped":{"minecraft:wheat_seeds":1,"alexsmobs:gazelle_horn":2,"minecraft:stick":8},"minecraft:picked_up":{"minecraft:crafting_table":3,"minecraft:oak_log":2,"minecraft:string":1,"minecraft:dirt":1,"alexsmobs:gazelle_horn":4,"minecraft:stone_sword":1,"minecraft:rotten_flesh":3,"minecraft:apple":1,"minecraft:stone_axe":1,"minecraft:wheat_seeds":1,"minecraft:stone_pickaxe":1,"minecraft:white_terracotta":2,"minecraft:oak_sapling":2,"minecraft:mutton":1,"minecraft:birch_sapling":2,"minecraft:coal":13,"minecraft:cobblestone":1,"minecraft:ender_pearl":1},"minecraft:killed":{"alexsmobs:gazelle":2,"minecraft:spider":1,"minecraft:enderman":1}},"DataVersion":3465}