{"stats":{"minecraft:mined":{"quark:andesite_bricks_slab":3,"minecraft:farmland":8,"minecraft:cobblestone_stairs":2,"minecraft:obsidian":18,"minecraft:grass_block":197,"minecraft:coal_block":24,"minecraft:polished_blackstone_brick_slab":11,"minecraft:oxeye_daisy":1,"minecraft:oak_wall_sign":1,"minecraft:nether_wart":40,"minecraft:gilded_blackstone":1,"minecraft:red_stained_glass_pane":2,"minecraft:polished_blackstone_bricks":461,"minecraft:tall_seagrass":1,"minecraft:magma_block":105,"minecraft:barrel":1,"minecraft:iron_ore":100,"minecraft:cobbled_deepslate":24,"minecraft:fire":19,"minecraft:fletching_table":5,"minecraft:deepslate_lapis_ore":18,"minecraft:nether_brick_stairs":1,"minecraft:azure_bluet":1,"minecraft:iron_bars":3,"minecraft:deepslate_redstone_ore":7,"quark:nether_brick_chest":3,"minecraft:cyan_terracotta":4,"minecraft:red_bed":5,"minecraft:blackstone":1284,"minecraft:smoker":4,"quark:gold_bars":3,"minecraft:torch":9,"minecraft:blast_furnace":1,"minecraft:poppy":1,"minecraft:nether_quartz_ore":72,"minecraft:cobblestone":360,"minecraft:oak_planks":110,"minecraft:sugar_cane":3,"minecraft:grindstone":3,"minecraft:iron_door":2,"minecraft:wall_torch":21,"minecraft:birch_sapling":1,"minecraft:pink_petals":1,"minecraft:birch_log":244,"minecraft:wheat":5,"quark:birch_chest":17,"minecraft:grass":259,"minecraft:oak_log":313,"minecraft:dirt":331,"quark:hollow_oak_log":1,"minecraft:smooth_basalt":29,"quark:andesite_pillar":3,"minecraft:stonecutter":8,"minecraft:netherrack":163,"minecraft:deepslate":187,"minecraft:oak_leaves":1,"minecraft:nether_gold_ore":14,"minecraft:tuff":5,"minecraft:blackstone_wall":1,"minecraft:deepslate_diamond_ore":38,"minecraft:candle":1,"minecraft:birch_fence_gate":1,"minecraft:nether_bricks":1,"minecraft:polished_andesite_slab":6,"minecraft:rooted_dirt":3,"minecraft:hay_block":11,"minecraft:oak_trapdoor":12,"minecraft:furnace":3,"minecraft:carrots":14,"minecraft:andesite":91,"minecraft:gold_block":3,"minecraft:bookshelf":1,"minecraft:potatoes":18,"minecraft:deepslate_iron_ore":4,"minecraft:cobblestone_slab":36,"minecraft:vine":1,"minecraft:lantern":1,"minecraft:bamboo":6,"minecraft:stone":1534,"minecraft:soul_sand":10,"quark:oak_chest":11,"minecraft:oak_fence":17,"minecraft:crafting_table":9,"minecraft:emerald_ore":4,"minecraft:lectern":128,"minecraft:campfire":3,"minecraft:andesite_wall":6,"minecraft:copper_ore":11,"minecraft:tall_grass":195,"minecraft:deepslate_gold_ore":23,"minecraft:polished_blackstone_brick_stairs":119,"minecraft:birch_planks":1,"minecraft:coarse_dirt":10,"minecraft:gray_bed":1,"minecraft:yellow_bed":3,"quark:deepslate_furnace":2,"minecraft:black_wool":1,"minecraft:coal_ore":27,"minecraft:gravel":100,"minecraft:cobweb":12,"minecraft:cracked_stone_bricks":4,"minecraft:stone_bricks":7,"minecraft:mossy_stone_bricks":1,"quark:polished_blackstone_brick_vertical_slab":18,"minecraft:fern":2},"minecraft:killed_by":{"minecraft:player":1,"minecraft:skeleton":1},"minecraft:killed":{"alexsmobs:hummingbird":1,"minecraft:spider":11,"quark:forgotten":1,"minecraft:skeleton":24,"alexsmobs:straddler":5,"alexsmobs:laviathan":2,"minecraft:pig":4,"alexsmobs:grizzly_bear":3,"minecraft:zombie_villager":3,"minecraft:iron_golem":4,"alexsmobs:stradpole":3,"minecraft:creeper":8,"minecraft:sheep":5,"minecraft:zombie":43,"minecraft:donkey":1,"alexsmobs:maned_wolf":1,"minecraft:cow":8,"minecraft:blaze":11,"minecraft:vex":1,"alexsmobs:raccoon":3,"quark:toretoise":1,"minecraft:slime":5,"minecraft:phantom":4,"creeperoverhaul:snowy_creeper":1,"alexsmobs:bison":2,"alexsmobs:catfish":1,"minecraft:wither_skeleton":6,"minecraft:villager":2,"minecraft:enderman":2},"minecraft:crafted":{"minecraft:oak_planks":1372,"minecraft:cobblestone_slab":6,"quark:birch_chest":12,"quark:andesite_pillar":16,"expanded_combat:iron_bow":1,"usefulbackpacks:backpack_small":1,"minecraft:stone":13,"quark:deepslate_furnace":1,"minecraft:diamond_helmet":1,"minecraft:bow":1,"minecraft:diamond_leggings":1,"minecraft:iron_boots":1,"minecraft:oak_fence":42,"minecraft:smoker":4,"quark:andesite_bricks_wall":10,"expanded_combat:diamond_bow":1,"minecraft:emerald":72,"minecraft:cooked_porkchop":3,"minecraft:crafting_table":2,"minecraft:iron_helmet":1,"minecraft:baked_potato":72,"minecraft:birch_pressure_plate":64,"minecraft:fletching_table":1,"minecraft:birch_planks":576,"minecraft:hay_block":2,"minecraft:campfire":13,"minecraft:diamond_pickaxe":2,"minecraft:iron_chestplate":1,"minecraft:charcoal":12,"minecraft:shield":1,"minecraft:stick":2369,"quark:oak_chest":15,"usefulbackpacks:backpack_large":1,"minecraft:iron_ingot":94,"minecraft:iron_pickaxe":3,"minecraft:gold_ingot":9,"minecraft:light_gray_dye":1,"minecraft:polished_blackstone_brick_stairs":2,"artifacts:eternal_steak":1,"minecraft:oak_door":3,"expanded_combat:diamond_katana":1,"minecraft:furnace":15,"minecraft:light_gray_wool":1,"spartanweaponry:diamond_battleaxe":1,"quark:polished_blackstone_brick_vertical_slab":16,"minecraft:andesite_wall":8,"minecraft:polished_andesite_slab":18,"minecraft:oak_trapdoor":14,"minecraft:flint_and_steel":1,"minecraft:iron_axe":1,"minecraft:ladder":4,"minecraft:diamond_boots":1,"usefulbackpacks:backpack_medium":1,"quark:andesite_bricks_slab":14,"minecraft:wheat":108,"minecraft:cooked_beef":5,"minecraft:diamond_sword":1,"minecraft:polished_blackstone_brick_slab":30,"spartanweaponry:pole":1,"minecraft:iron_sword":1,"spartanweaponry:handle":4,"minecraft:bucket":3,"minecraft:enchanted_book":1,"minecraft:air":0,"minecraft:bread":61,"minecraft:oak_boat":1,"minecraft:white_wool":7,"minecraft:iron_shovel":3,"minecraft:iron_leggings":1,"minecraft:stonecutter":1,"minecraft:white_bed":1,"minecraft:torch":56,"minecraft:diamond_chestplate":1},"minecraft:used":{"minecraft:iron_shovel":398,"minecraft:ladder":4,"minecraft:poppy":1,"minecraft:oak_sign":1,"quark:andesite_bricks_wall":6,"minecraft:stone":7,"minecraft:rotten_flesh":6,"minecraft:mutton":1,"minecraft:nether_bricks":1,"minecraft:carrot":2,"minecraft:obsidian":13,"expanded_combat:diamond_katana":392,"spartanweaponry:diamond_battleaxe":556,"minecraft:lava_bucket":1,"quark:deepslate_furnace":2,"minecraft:lantern":2,"minecraft:birch_sapling":16,"minecraft:stone_bricks":7,"minecraft:magma_block":52,"minecraft:bow":4,"minecraft:oak_sapling":65,"minecraft:furnace":13,"minecraft:gray_bed":1,"minecraft:egg":1,"minecraft:potato":11,"minecraft:mossy_stone_bricks":1,"minecraft:oak_planks":417,"minecraft:stone_pickaxe":40,"minecraft:blackstone":71,"artifacts:eternal_steak":71,"minecraft:sugar_cane":6,"minecraft:golden_apple":1,"quark:andesite_bricks_slab":16,"quark:gold_bars":3,"minecraft:bread":42,"minecraft:lectern":123,"minecraft:gravel":33,"minecraft:polished_andesite_slab":24,"minecraft:diamond_sword":5,"minecraft:fire_charge":3,"minecraft:grindstone":2,"minecraft:andesite":12,"minecraft:birch_log":82,"quark:polished_blackstone_brick_vertical_slab":33,"minecraft:oak_fence":26,"minecraft:coarse_dirt":6,"minecraft:oak_boat":5,"minecraft:bone_meal":3,"minecraft:golden_pickaxe":304,"minecraft:cobweb":5,"minecraft:experience_bottle":2,"minecraft:oak_trapdoor":18,"minecraft:polished_blackstone_brick_slab":13,"quark:birch_chest":17,"minecraft:stone_sword":21,"minecraft:flint_and_steel":2,"minecraft:oak_door":2,"minecraft:torch":106,"minecraft:dirt":548,"minecraft:wheat":15,"quark:andesite_pillar":15,"minecraft:golden_shovel":43,"minecraft:nether_brick_stairs":1,"minecraft:andesite_wall":6,"minecraft:iron_axe":55,"minecraft:rooted_dirt":2,"minecraft:polished_blackstone_brick_stairs":419,"minecraft:smooth_basalt":3,"minecraft:stone_pressure_plate":2,"minecraft:cooked_beef":5,"minecraft:cobbled_deepslate":169,"minecraft:wheat_seeds":50,"minecraft:water_bucket":126,"minecraft:birch_planks":1,"minecraft:fletching_table":6,"minecraft:stonecutter":8,"minecraft:cobblestone_slab":36,"minecraft:cracked_stone_bricks":4,"minecraft:polished_blackstone_bricks":923,"minecraft:gilded_blackstone":1,"minecraft:salmon":2,"minecraft:tnt":1,"minecraft:crafting_table":11,"minecraft:red_bed":5,"minecraft:white_bed":1,"minecraft:campfire":13,"minecraft:cod":11,"minecraft:smoker":4,"minecraft:oak_log":2,"minecraft:diamond_pickaxe":4067,"expanded_combat:diamond_bow":166,"minecraft:apple":24,"minecraft:iron_pickaxe":538,"minecraft:stone_axe":9,"minecraft:pink_petals":1,"minecraft:cobblestone":1323,"minecraft:cooked_porkchop":3,"minecraft:bucket":129,"minecraft:yellow_bed":4,"quark:oak_chest":16,"minecraft:dandelion":3,"minecraft:candle":2,"minecraft:smooth_stone":1},"minecraft:picked_up":{"minecraft:wooden_axe":1,"minecraft:iron_chestplate":1,"minecraft:wheat":57,"minecraft:oak_stairs":1,"minecraft:gilded_blackstone":1,"minecraft:enchanted_book":5,"minecraft:polished_blackstone_brick_stairs":117,"spartanweaponry:iron_katana":1,"minecraft:string":28,"minecraft:raw_copper":31,"minecraft:iron_leggings":1,"minecraft:experience_bottle":2,"minecraft:oak_sign":1,"minecraft:cobbled_deepslate":209,"minecraft:gold_nugget":138,"minecraft:smooth_stone":1,"minecraft:redstone_torch":1,"minecraft:cobblestone_slab":45,"quark:andesite_pillar":3,"minecraft:coal_block":24,"minecraft:furnace":3,"minecraft:iron_boots":1,"minecraft:polished_blackstone_brick_slab":11,"minecraft:stick":82,"minecraft:oak_fence":18,"minecraft:torch":49,"minecraft:porkchop":7,"minecraft:cherry_log":3,"minecraft:green_terracotta":5,"minecraft:andesite_wall":6,"minecraft:stone_sword":1,"minecraft:rotten_flesh":51,"minecraft:blackstone_wall":1,"minecraft:cyan_terracotta":4,"minecraft:blaze_rod":1,"minecraft:obsidian":14,"minecraft:iron_bars":3,"minecraft:cod":1,"minecraft:snowball":1,"minecraft:cobblestone":1918,"quark:andesite_bricks_wall":3,"minecraft:birch_log":246,"minecraft:pink_petals":1,"minecraft:magma_block":101,"spartanweaponry:handle":3,"minecraft:magma_cream":2,"minecraft:iron_door":2,"minecraft:andesite":92,"minecraft:smoker":4,"minecraft:potato":137,"alexsmobs:bison_fur":1,"minecraft:flint":19,"minecraft:tuff":5,"minecraft:lapis_lazuli":201,"minecraft:dirt":851,"minecraft:lantern":4,"minecraft:bone":34,"minecraft:stonecutter":9,"minecraft:bow":1,"minecraft:wheat_seeds":166,"minecraft:raw_gold":52,"minecraft:grindstone":3,"minecraft:mossy_stone_bricks":1,"minecraft:fletching_table":6,"minecraft:bamboo":6,"minecraft:oak_planks":145,"minecraft:birch_fence_gate":1,"minecraft:nether_brick_stairs":1,"minecraft:barrel":1,"alexsmobs:animal_dictionary":1,"quark:gold_bars":3,"spartanweaponry:pole":1,"minecraft:diamond":56,"quark:andesite_bricks_slab":4,"minecraft:bone_meal":3,"minecraft:emerald":11,"alexsmobs:maggot":2,"minecraft:rooted_dirt":3,"minecraft:oak_sapling":100,"minecraft:netherrack":134,"minecraft:diamond_pickaxe":2,"minecraft:charcoal":6,"minecraft:coarse_dirt":9,"minecraft:crafting_table":9,"minecraft:azure_bluet":1,"minecraft:nether_wart":40,"minecraft:golden_pickaxe":1,"quark:nether_brick_chest":3,"minecraft:gold_block":3,"minecraft:oak_trapdoor":11,"minecraft:red_bed":5,"minecraft:iron_axe":1,"minecraft:flint_and_steel":1,"minecraft:blackstone":2014,"minecraft:cracked_stone_bricks":4,"minecraft:candle":2,"minecraft:beef":31,"minecraft:oak_boat":6,"minecraft:poppy":6,"minecraft:light_gray_wool":1,"minecraft:lectern":125,"minecraft:sugar_cane":6,"minecraft:birch_sapling":19,"minecraft:phantom_membrane":1,"minecraft:egg":1,"minecraft:raw_iron":108,"minecraft:oak_door":1,"alexsmobs:straddlite":1,"minecraft:polished_blackstone_bricks":483,"quark:deepslate_furnace":2,"quark:birch_chest":17,"minecraft:carrot":46,"minecraft:redstone":33,"minecraft:stone_pressure_plate":2,"artifacts:everlasting_beef":1,"minecraft:arrow":27,"minecraft:nether_bricks":1,"minecraft:hay_block":12,"minecraft:gold_ingot":17,"minecraft:mutton":6,"minecraft:white_wool":4,"minecraft:oxeye_daisy":1,"artifacts:eternal_steak":3,"minecraft:glow_ink_sac":4,"minecraft:salmon":4,"minecraft:leather":16,"minecraft:oak_log":327,"minecraft:yellow_bed":6,"minecraft:gunpowder":10,"minecraft:cobblestone_stairs":2,"quark:forgotten_hat":1,"minecraft:apple":6,"minecraft:stone_bricks":7,"minecraft:iron_ingot":50,"minecraft:stone_pickaxe":1,"minecraft:gray_bed":2,"spartanweaponry:iron_dagger":1,"minecraft:polished_andesite_slab":7,"minecraft:soul_sand":10,"minecraft:book":10,"minecraft:smooth_basalt":31,"minecraft:quartz":119,"minecraft:dandelion":5,"minecraft:gravel":86,"minecraft:soul_torch":2,"minecraft:blast_furnace":1,"quark:oak_chest":13,"minecraft:spider_eye":5,"minecraft:slime_ball":4,"quark:polished_blackstone_brick_vertical_slab":19,"minecraft:iron_helmet":1,"minecraft:cherry_sapling":8,"minecraft:baked_potato":72,"minecraft:black_wool":1,"minecraft:coal":118},"minecraft:broken":{"minecraft:iron_shovel":1,"minecraft:golden_shovel":1,"minecraft:diamond_pickaxe":2,"minecraft:iron_pickaxe":2},"minecraft:dropped":{"minecraft:birch_planks":22,"minecraft:oak_log":8,"minecraft:baked_potato":144,"minecraft:golden_pickaxe":1,"minecraft:diamond":15,"alexsmobs:bison_fur":1,"minecraft:cod":1,"minecraft:flint":3,"minecraft:dirt":60,"spartanweaponry:iron_katana":1,"minecraft:iron_pickaxe":1,"spartanweaponry:iron_dagger":1,"minecraft:bone":3,"minecraft:gravel":3,"minecraft:stone_axe":1,"minecraft:blackstone":768,"alexsmobs:animal_dictionary":1,"minecraft:azure_bluet":1,"minecraft:salmon":2,"minecraft:carrot":44,"minecraft:poppy":4,"minecraft:gunpowder":1,"minecraft:lectern":1,"minecraft:water_bucket":1,"minecraft:iron_ingot":20,"minecraft:bread":43,"minecraft:wheat_seeds":81,"quark:polished_blackstone_brick_vertical_slab":2,"minecraft:cobblestone":499,"minecraft:wooden_axe":1,"minecraft:iron_axe":1,"minecraft:iron_shovel":1,"minecraft:string":5,"minecraft:bucket":1,"minecraft:dandelion":2,"minecraft:oak_trapdoor":2,"minecraft:stone_sword":2,"minecraft:tuff":5,"minecraft:raw_iron":1,"minecraft:light_gray_wool":1,"minecraft:cobblestone_slab":9,"minecraft:diamond_pickaxe":1,"minecraft:andesite":1,"minecraft:yellow_bed":2,"minecraft:golden_leggings":1,"artifacts:eternal_steak":3,"minecraft:spider_eye":1,"minecraft:bow":1,"minecraft:stone_pickaxe":1},"minecraft:custom":{"minecraft:interact_with_crafting_table":96,"minecraft:open_barrel":55,"minecraft:eat_cake_slice":1,"minecraft:leave_game":20,"minecraft:time_since_death":19931,"minecraft:sprint_one_cm":1929888,"minecraft:drop":283,"minecraft:talked_to_villager":314,"minecraft:play_time":635637,"minecraft:deaths":11,"minecraft:jump":9335,"minecraft:walk_on_water_one_cm":71928,"minecraft:interact_with_furnace":105,"minecraft:traded_with_villager":73,"minecraft:sleep_in_bed":12,"minecraft:damage_dealt":31499,"minecraft:player_kills":3,"minecraft:crouch_one_cm":91205,"minecraft:interact_with_smoker":5,"minecraft:interact_with_anvil":4,"minecraft:mob_kills":168,"minecraft:damage_dealt_resisted":305,"minecraft:climb_one_cm":6552,"minecraft:walk_one_cm":1393516,"minecraft:damage_dealt_absorbed":2480,"minecraft:sneak_time":31437,"minecraft:walk_under_water_one_cm":43457,"minecraft:boat_one_cm":10800,"minecraft:interact_with_blast_furnace":1,"minecraft:total_world_time":635637,"minecraft:interact_with_stonecutter":37,"minecraft:time_since_rest":19952,"minecraft:damage_absorbed":4,"minecraft:damage_taken":10852,"minecraft:swim_one_cm":63005,"minecraft:fly_one_cm":1878231,"minecraft:open_chest":297,"minecraft:fall_one_cm":211667}},"DataVersion":3465}