{"stats":{"minecraft:picked_up":{"minecraft:wooden_axe":1,"minecraft:crafting_table":5,"minecraft:wheat":14,"minecraft:azure_bluet":1,"minecraft:gold_block":1,"minecraft:string":5,"minecraft:iron_axe":1,"minecraft:experience_bottle":1,"minecraft:blackstone":91,"minecraft:candle":1,"minecraft:cobbled_deepslate":179,"minecraft:beef":5,"minecraft:oak_boat":5,"minecraft:light_gray_wool":1,"minecraft:coal_block":8,"minecraft:birch_sapling":3,"minecraft:egg":1,"minecraft:stick":24,"minecraft:raw_iron":97,"minecraft:torch":3,"minecraft:porkchop":3,"quark:deepslate_furnace":1,"minecraft:cherry_log":3,"minecraft:redstone":9,"minecraft:stone_pressure_plate":2,"minecraft:arrow":4,"minecraft:rotten_flesh":4,"minecraft:gold_ingot":4,"minecraft:obsidian":14,"minecraft:mutton":1,"minecraft:cod":1,"minecraft:cobblestone":43,"minecraft:white_wool":1,"minecraft:oxeye_daisy":1,"minecraft:birch_log":60,"minecraft:magma_block":52,"minecraft:glow_ink_sac":2,"minecraft:leather":5,"minecraft:oak_log":77,"minecraft:yellow_bed":1,"minecraft:gunpowder":1,"minecraft:lapis_lazuli":54,"minecraft:dirt":116,"minecraft:lantern":1,"minecraft:bone":3,"minecraft:apple":1,"minecraft:wheat_seeds":57,"minecraft:raw_gold":22,"minecraft:grindstone":2,"minecraft:iron_ingot":4,"minecraft:bamboo":6,"minecraft:gray_bed":1,"minecraft:oak_planks":1,"minecraft:smooth_basalt":28,"minecraft:gravel":1,"minecraft:blast_furnace":1,"alexsmobs:animal_dictionary":1,"minecraft:diamond":48,"minecraft:cherry_sapling":8,"minecraft:emerald":4,"minecraft:oak_sapling":35,"minecraft:black_wool":1,"minecraft:coal":10,"minecraft:diamond_pickaxe":2},"minecraft:custom":{"minecraft:mob_kills":20,"minecraft:interact_with_crafting_table":38,"minecraft:open_barrel":6,"minecraft:eat_cake_slice":1,"minecraft:leave_game":11,"minecraft:time_since_death":30189,"minecraft:climb_one_cm":3228,"minecraft:sprint_one_cm":442616,"minecraft:walk_one_cm":203367,"minecraft:drop":76,"minecraft:play_time":144124,"minecraft:deaths":8,"minecraft:sneak_time":6994,"minecraft:walk_under_water_one_cm":12260,"minecraft:boat_one_cm":10800,"minecraft:jump":2972,"minecraft:interact_with_blast_furnace":1,"minecraft:walk_on_water_one_cm":54471,"minecraft:total_world_time":144124,"minecraft:interact_with_furnace":30,"minecraft:interact_with_stonecutter":2,"minecraft:sleep_in_bed":4,"minecraft:time_since_rest":30203,"minecraft:damage_taken":5334,"minecraft:damage_absorbed":4,"minecraft:damage_dealt":4250,"minecraft:player_kills":1,"minecraft:swim_one_cm":14969,"minecraft:fly_one_cm":595308,"minecraft:open_chest":104,"minecraft:crouch_one_cm":21569,"minecraft:fall_one_cm":83812},"minecraft:used":{"minecraft:stone_sword":21,"minecraft:iron_shovel":83,"minecraft:torch":16,"minecraft:dirt":32,"minecraft:golden_shovel":43,"minecraft:obsidian":1,"spartanweaponry:diamond_battleaxe":12,"minecraft:lava_bucket":1,"quark:deepslate_furnace":1,"minecraft:iron_axe":55,"minecraft:smooth_basalt":3,"minecraft:magma_block":2,"minecraft:bow":4,"minecraft:furnace":1,"minecraft:egg":1,"minecraft:stone_pressure_plate":2,"minecraft:cooked_beef":5,"minecraft:cobbled_deepslate":169,"minecraft:wheat_seeds":1,"minecraft:water_bucket":106,"minecraft:birch_planks":1,"minecraft:oak_planks":29,"minecraft:stone_pickaxe":25,"minecraft:blackstone":69,"minecraft:stonecutter":1,"minecraft:golden_apple":1,"minecraft:crafting_table":6,"minecraft:cod":1,"minecraft:oak_log":2,"minecraft:diamond_pickaxe":28,"minecraft:apple":18,"minecraft:bread":36,"minecraft:iron_pickaxe":538,"minecraft:gravel":1,"minecraft:stone_axe":9,"minecraft:diamond_sword":5,"minecraft:fire_charge":3,"minecraft:cobblestone":132,"minecraft:grindstone":2,"minecraft:cooked_porkchop":3,"minecraft:bucket":108,"minecraft:yellow_bed":1,"quark:oak_chest":2,"minecraft:oak_boat":5,"minecraft:cobweb":5,"minecraft:golden_pickaxe":50,"minecraft:experience_bottle":1},"minecraft:mined":{"minecraft:deepslate_diamond_ore":33,"minecraft:obsidian":18,"minecraft:grass_block":101,"minecraft:coal_block":8,"minecraft:oxeye_daisy":1,"minecraft:red_stained_glass_pane":2,"minecraft:magma_block":55,"minecraft:iron_ore":93,"minecraft:cobbled_deepslate":24,"minecraft:fire":6,"minecraft:deepslate_lapis_ore":8,"minecraft:azure_bluet":1,"minecraft:gold_block":1,"minecraft:deepslate_iron_ore":4,"minecraft:bamboo":6,"minecraft:stone":39,"minecraft:deepslate_redstone_ore":2,"minecraft:blackstone":107,"minecraft:crafting_table":5,"minecraft:torch":2,"minecraft:blast_furnace":1,"minecraft:emerald_ore":4,"minecraft:tall_grass":47,"minecraft:cobblestone":5,"minecraft:deepslate_gold_ore":22,"minecraft:grindstone":2,"minecraft:oak_planks":2,"minecraft:wall_torch":1,"minecraft:birch_planks":1,"minecraft:birch_log":60,"minecraft:wheat":1,"minecraft:gray_bed":1,"minecraft:yellow_bed":1,"quark:deepslate_furnace":1,"minecraft:grass":58,"minecraft:black_wool":1,"minecraft:oak_log":63,"minecraft:coal_ore":10,"minecraft:gravel":2,"minecraft:dirt":3,"quark:hollow_oak_log":1,"minecraft:cobweb":5,"minecraft:smooth_basalt":28,"minecraft:oak_leaves":1,"minecraft:deepslate":159,"minecraft:fern":2},"minecraft:killed_by":{"minecraft:skeleton":1},"minecraft:dropped":{"minecraft:water_bucket":1,"minecraft:wheat_seeds":48,"minecraft:oak_log":8,"minecraft:golden_pickaxe":1,"minecraft:diamond":6,"minecraft:cod":1,"minecraft:wooden_axe":1,"minecraft:iron_axe":1,"minecraft:iron_pickaxe":1,"minecraft:bucket":1,"minecraft:stone_axe":1,"minecraft:stone_sword":1,"alexsmobs:animal_dictionary":1,"minecraft:raw_iron":1,"minecraft:light_gray_wool":1,"minecraft:azure_bluet":1,"minecraft:diamond_pickaxe":1},"minecraft:broken":{"minecraft:golden_shovel":1,"minecraft:iron_pickaxe":2},"minecraft:killed":{"minecraft:spider":1,"creeperoverhaul:snowy_creeper":1,"minecraft:skeleton":6,"minecraft:pig":1,"minecraft:sheep":2,"minecraft:zombie":6,"minecraft:donkey":1,"minecraft:cow":2},"minecraft:crafted":{"minecraft:oak_planks":304,"expanded_combat:diamond_katana":1,"usefulbackpacks:backpack_small":1,"minecraft:furnace":1,"minecraft:light_gray_wool":1,"spartanweaponry:diamond_battleaxe":1,"minecraft:stone":3,"quark:deepslate_furnace":1,"minecraft:diamond_leggings":1,"minecraft:diamond_helmet":1,"minecraft:bow":1,"minecraft:iron_boots":1,"minecraft:iron_axe":1,"minecraft:diamond_boots":1,"usefulbackpacks:backpack_medium":1,"minecraft:wheat":18,"minecraft:cooked_beef":5,"minecraft:diamond_sword":1,"minecraft:cooked_porkchop":3,"spartanweaponry:pole":1,"minecraft:crafting_table":1,"minecraft:iron_helmet":1,"minecraft:iron_sword":1,"spartanweaponry:handle":4,"minecraft:birch_planks":240,"minecraft:bucket":2,"minecraft:hay_block":2,"minecraft:bread":12,"minecraft:air":0,"minecraft:oak_boat":1,"minecraft:white_wool":7,"minecraft:iron_chestplate":1,"minecraft:shield":1,"minecraft:stick":8,"quark:oak_chest":2,"minecraft:iron_ingot":94,"minecraft:iron_pickaxe":3,"minecraft:iron_shovel":1,"minecraft:iron_leggings":1,"minecraft:gold_ingot":9,"minecraft:stonecutter":1,"minecraft:light_gray_dye":1,"minecraft:diamond_chestplate":1}},"DataVersion":3465}