{"stats":{"minecraft:mined":{"quark:andesite_bricks_slab":3,"minecraft:cobblestone_stairs":1,"minecraft:obsidian":18,"minecraft:grass_block":196,"minecraft:coal_block":8,"minecraft:polished_blackstone_brick_slab":11,"minecraft:oxeye_daisy":1,"minecraft:red_stained_glass_pane":2,"minecraft:polished_blackstone_bricks":335,"minecraft:magma_block":55,"minecraft:cobbled_deepslate":24,"minecraft:iron_ore":93,"minecraft:fire":6,"minecraft:deepslate_lapis_ore":14,"minecraft:azure_bluet":1,"minecraft:deepslate_redstone_ore":7,"minecraft:red_bed":4,"minecraft:blackstone":886,"minecraft:torch":4,"minecraft:blast_furnace":1,"minecraft:cobblestone":280,"minecraft:grindstone":2,"minecraft:oak_planks":13,"minecraft:wall_torch":7,"minecraft:birch_log":162,"minecraft:wheat":1,"minecraft:grass":107,"minecraft:oak_log":63,"minecraft:dirt":150,"quark:hollow_oak_log":1,"minecraft:smooth_basalt":28,"quark:andesite_pillar":3,"minecraft:stonecutter":6,"minecraft:oak_leaves":1,"minecraft:deepslate":186,"minecraft:tuff":5,"minecraft:deepslate_diamond_ore":37,"minecraft:candle":1,"minecraft:birch_fence_gate":1,"minecraft:polished_andesite_slab":1,"minecraft:rooted_dirt":3,"minecraft:hay_block":11,"minecraft:oak_trapdoor":12,"minecraft:furnace":3,"minecraft:andesite":79,"minecraft:gold_block":1,"minecraft:deepslate_iron_ore":4,"minecraft:cobblestone_slab":16,"minecraft:lantern":1,"minecraft:bamboo":6,"minecraft:stone":1334,"minecraft:oak_fence":17,"minecraft:crafting_table":8,"minecraft:emerald_ore":4,"minecraft:campfire":1,"minecraft:andesite_wall":6,"minecraft:tall_grass":69,"minecraft:copper_ore":10,"minecraft:deepslate_gold_ore":22,"minecraft:polished_blackstone_brick_stairs":52,"minecraft:birch_planks":1,"minecraft:coarse_dirt":10,"minecraft:gray_bed":1,"minecraft:yellow_bed":2,"quark:deepslate_furnace":2,"minecraft:black_wool":1,"minecraft:coal_ore":27,"minecraft:gravel":46,"minecraft:cobweb":5,"minecraft:cracked_stone_bricks":2,"minecraft:fern":2,"quark:polished_blackstone_brick_vertical_slab":7},"minecraft:killed_by":{"minecraft:skeleton":1},"minecraft:killed":{"minecraft:spider":7,"minecraft:skeleton":13,"minecraft:pig":1,"minecraft:creeper":3,"minecraft:sheep":2,"minecraft:donkey":1,"minecraft:zombie":21,"minecraft:cow":2,"alexsmobs:raccoon":1,"creeperoverhaul:snowy_creeper":1,"minecraft:enderman":2},"minecraft:crafted":{"minecraft:oak_planks":364,"quark:andesite_pillar":16,"expanded_combat:iron_bow":1,"usefulbackpacks:backpack_small":1,"minecraft:stone":3,"quark:deepslate_furnace":1,"minecraft:bow":1,"minecraft:diamond_helmet":1,"minecraft:diamond_leggings":1,"minecraft:iron_boots":1,"minecraft:oak_fence":42,"quark:andesite_bricks_wall":10,"expanded_combat:diamond_bow":1,"minecraft:cooked_porkchop":3,"minecraft:crafting_table":2,"minecraft:iron_helmet":1,"minecraft:birch_planks":240,"minecraft:hay_block":2,"minecraft:campfire":13,"minecraft:iron_chestplate":1,"minecraft:charcoal":12,"minecraft:diamond_pickaxe":1,"minecraft:shield":1,"minecraft:stick":60,"quark:oak_chest":2,"minecraft:iron_ingot":94,"minecraft:iron_pickaxe":3,"minecraft:gold_ingot":9,"minecraft:polished_blackstone_brick_stairs":2,"minecraft:light_gray_dye":1,"artifacts:eternal_steak":1,"minecraft:oak_door":3,"expanded_combat:diamond_katana":1,"minecraft:furnace":11,"minecraft:light_gray_wool":1,"spartanweaponry:diamond_battleaxe":1,"quark:polished_blackstone_brick_vertical_slab":6,"minecraft:andesite_wall":8,"minecraft:polished_andesite_slab":18,"minecraft:oak_trapdoor":14,"minecraft:iron_axe":1,"minecraft:diamond_boots":1,"usefulbackpacks:backpack_medium":1,"quark:andesite_bricks_slab":14,"minecraft:wheat":108,"minecraft:cooked_beef":5,"minecraft:diamond_sword":1,"minecraft:polished_blackstone_brick_slab":30,"spartanweaponry:pole":1,"minecraft:iron_sword":1,"spartanweaponry:handle":4,"minecraft:bucket":2,"minecraft:bread":42,"minecraft:air":0,"minecraft:oak_boat":1,"minecraft:white_wool":7,"minecraft:iron_shovel":1,"minecraft:iron_leggings":1,"minecraft:stonecutter":1,"minecraft:torch":40,"minecraft:diamond_chestplate":1},"minecraft:used":{"minecraft:iron_shovel":266,"quark:andesite_bricks_wall":6,"minecraft:rotten_flesh":6,"minecraft:mutton":1,"minecraft:obsidian":1,"expanded_combat:diamond_katana":85,"spartanweaponry:diamond_battleaxe":200,"minecraft:lava_bucket":1,"quark:deepslate_furnace":2,"minecraft:lantern":2,"minecraft:magma_block":2,"minecraft:bow":4,"minecraft:furnace":13,"minecraft:gray_bed":1,"minecraft:egg":1,"minecraft:stone_pickaxe":40,"minecraft:oak_planks":226,"minecraft:blackstone":69,"artifacts:eternal_steak":14,"minecraft:golden_apple":1,"quark:andesite_bricks_slab":14,"minecraft:bread":40,"minecraft:gravel":33,"minecraft:polished_andesite_slab":19,"minecraft:diamond_sword":5,"minecraft:fire_charge":3,"minecraft:grindstone":2,"minecraft:birch_log":75,"minecraft:oak_boat":5,"minecraft:coarse_dirt":6,"minecraft:golden_pickaxe":50,"minecraft:experience_bottle":1,"minecraft:cobweb":5,"quark:polished_blackstone_brick_vertical_slab":12,"minecraft:oak_trapdoor":18,"minecraft:oak_fence":26,"minecraft:polished_blackstone_brick_slab":13,"minecraft:stone_sword":21,"minecraft:oak_door":2,"minecraft:torch":64,"minecraft:dirt":304,"quark:andesite_pillar":15,"minecraft:golden_shovel":43,"minecraft:andesite_wall":6,"minecraft:iron_axe":55,"minecraft:rooted_dirt":2,"minecraft:polished_blackstone_brick_stairs":201,"minecraft:smooth_basalt":3,"minecraft:stone_pressure_plate":2,"minecraft:cooked_beef":5,"minecraft:cobbled_deepslate":169,"minecraft:wheat_seeds":1,"minecraft:water_bucket":106,"minecraft:birch_planks":1,"minecraft:stonecutter":7,"minecraft:cobblestone_slab":8,"minecraft:cracked_stone_bricks":2,"minecraft:polished_blackstone_bricks":803,"minecraft:salmon":2,"minecraft:crafting_table":10,"minecraft:red_bed":4,"minecraft:campfire":13,"minecraft:cod":11,"minecraft:oak_log":2,"minecraft:apple":24,"minecraft:diamond_pickaxe":3017,"expanded_combat:diamond_bow":6,"minecraft:iron_pickaxe":538,"minecraft:stone_axe":9,"minecraft:cobblestone":768,"minecraft:cooked_porkchop":3,"minecraft:bucket":108,"minecraft:yellow_bed":3,"quark:oak_chest":3,"minecraft:candle":2},"minecraft:picked_up":{"minecraft:wooden_axe":1,"minecraft:iron_chestplate":1,"minecraft:wheat":23,"minecraft:string":7,"minecraft:polished_blackstone_brick_stairs":51,"spartanweaponry:iron_katana":1,"minecraft:raw_copper":29,"minecraft:iron_leggings":1,"minecraft:experience_bottle":1,"minecraft:cobbled_deepslate":208,"minecraft:cobblestone_slab":24,"quark:andesite_pillar":3,"minecraft:coal_block":8,"minecraft:furnace":3,"minecraft:iron_boots":1,"minecraft:polished_blackstone_brick_slab":11,"minecraft:stick":24,"minecraft:oak_fence":16,"minecraft:torch":25,"minecraft:porkchop":3,"minecraft:cherry_log":3,"minecraft:andesite_wall":6,"minecraft:rotten_flesh":19,"minecraft:obsidian":14,"minecraft:cod":1,"minecraft:cobblestone":1634,"minecraft:birch_log":162,"minecraft:magma_block":52,"spartanweaponry:handle":3,"minecraft:andesite":80,"minecraft:flint":14,"minecraft:tuff":5,"minecraft:lapis_lazuli":176,"minecraft:dirt":578,"minecraft:lantern":2,"minecraft:bone":22,"minecraft:stonecutter":6,"minecraft:bow":1,"minecraft:wheat_seeds":67,"minecraft:raw_gold":51,"minecraft:grindstone":2,"minecraft:bamboo":6,"minecraft:oak_planks":11,"minecraft:birch_fence_gate":1,"alexsmobs:animal_dictionary":1,"spartanweaponry:pole":1,"minecraft:diamond":55,"quark:andesite_bricks_slab":3,"minecraft:emerald":11,"alexsmobs:maggot":2,"minecraft:rooted_dirt":3,"minecraft:oak_sapling":35,"minecraft:diamond_pickaxe":2,"minecraft:coarse_dirt":9,"minecraft:charcoal":2,"minecraft:crafting_table":8,"minecraft:azure_bluet":1,"minecraft:golden_pickaxe":1,"minecraft:gold_block":1,"minecraft:oak_trapdoor":10,"minecraft:red_bed":4,"minecraft:iron_axe":1,"minecraft:blackstone":1627,"minecraft:cracked_stone_bricks":2,"minecraft:candle":2,"minecraft:beef":5,"minecraft:oak_boat":6,"minecraft:light_gray_wool":1,"minecraft:birch_sapling":3,"minecraft:egg":1,"minecraft:raw_iron":97,"minecraft:polished_blackstone_bricks":333,"quark:deepslate_furnace":2,"minecraft:redstone":31,"minecraft:stone_pressure_plate":2,"minecraft:arrow":13,"minecraft:hay_block":12,"minecraft:gold_ingot":17,"minecraft:mutton":1,"minecraft:white_wool":1,"minecraft:oxeye_daisy":1,"artifacts:eternal_steak":2,"minecraft:glow_ink_sac":4,"minecraft:salmon":4,"minecraft:leather":8,"minecraft:oak_log":77,"minecraft:yellow_bed":5,"minecraft:gunpowder":4,"minecraft:cobblestone_stairs":1,"minecraft:apple":1,"minecraft:stone_pickaxe":1,"minecraft:iron_ingot":34,"minecraft:gray_bed":2,"spartanweaponry:iron_dagger":1,"minecraft:polished_andesite_slab":1,"minecraft:book":6,"minecraft:smooth_basalt":28,"minecraft:gravel":37,"minecraft:blast_furnace":1,"quark:oak_chest":1,"minecraft:spider_eye":3,"quark:polished_blackstone_brick_vertical_slab":8,"minecraft:iron_helmet":1,"minecraft:cherry_sapling":8,"minecraft:black_wool":1,"minecraft:coal":106},"minecraft:broken":{"minecraft:iron_shovel":1,"minecraft:golden_shovel":1,"minecraft:diamond_pickaxe":1,"minecraft:iron_pickaxe":2},"minecraft:dropped":{"minecraft:birch_planks":22,"minecraft:oak_log":8,"minecraft:golden_pickaxe":1,"minecraft:diamond":15,"minecraft:cod":1,"minecraft:flint":3,"minecraft:dirt":53,"minecraft:iron_pickaxe":1,"minecraft:gravel":3,"minecraft:stone_axe":1,"minecraft:blackstone":768,"alexsmobs:animal_dictionary":1,"minecraft:azure_bluet":1,"minecraft:gunpowder":1,"minecraft:iron_ingot":20,"minecraft:water_bucket":1,"minecraft:wheat_seeds":48,"quark:polished_blackstone_brick_vertical_slab":2,"minecraft:cobblestone":491,"minecraft:wooden_axe":1,"minecraft:iron_axe":1,"minecraft:string":1,"minecraft:bucket":1,"minecraft:oak_trapdoor":2,"minecraft:stone_sword":1,"minecraft:tuff":5,"minecraft:raw_iron":1,"minecraft:light_gray_wool":1,"minecraft:cobblestone_slab":9,"minecraft:diamond_pickaxe":1,"minecraft:andesite":1,"minecraft:yellow_bed":2,"artifacts:eternal_steak":2,"minecraft:bow":1,"minecraft:stone_pickaxe":1},"minecraft:custom":{"minecraft:interact_with_crafting_table":63,"minecraft:open_barrel":11,"minecraft:eat_cake_slice":1,"minecraft:leave_game":12,"minecraft:time_since_death":143659,"minecraft:sprint_one_cm":928433,"minecraft:drop":125,"minecraft:talked_to_villager":15,"minecraft:play_time":343521,"minecraft:deaths":9,"minecraft:jump":4983,"minecraft:walk_on_water_one_cm":56314,"minecraft:interact_with_furnace":55,"minecraft:sleep_in_bed":6,"minecraft:damage_dealt":12461,"minecraft:player_kills":2,"minecraft:crouch_one_cm":48349,"minecraft:mob_kills":54,"minecraft:climb_one_cm":3228,"minecraft:walk_one_cm":877034,"minecraft:sneak_time":17388,"minecraft:walk_under_water_one_cm":17565,"minecraft:boat_one_cm":10800,"minecraft:interact_with_blast_furnace":1,"minecraft:total_world_time":343521,"minecraft:interact_with_stonecutter":35,"minecraft:time_since_rest":143678,"minecraft:damage_taken":6469,"minecraft:damage_absorbed":4,"minecraft:swim_one_cm":14969,"minecraft:fly_one_cm":911615,"minecraft:open_chest":202,"minecraft:fall_one_cm":119272}},"DataVersion":3465}