{"stats":{"minecraft:mined":{"quark:andesite_bricks_slab":3,"minecraft:cobblestone_stairs":2,"minecraft:obsidian":18,"minecraft:grass_block":196,"minecraft:coal_block":24,"minecraft:polished_blackstone_brick_slab":11,"minecraft:oxeye_daisy":1,"minecraft:red_stained_glass_pane":2,"minecraft:polished_blackstone_bricks":337,"minecraft:tall_seagrass":1,"minecraft:magma_block":55,"minecraft:iron_ore":93,"minecraft:cobbled_deepslate":24,"minecraft:fire":6,"minecraft:fletching_table":1,"minecraft:deepslate_lapis_ore":14,"minecraft:azure_bluet":1,"minecraft:deepslate_redstone_ore":7,"minecraft:red_bed":5,"minecraft:blackstone":886,"minecraft:smoker":4,"minecraft:torch":7,"minecraft:blast_furnace":1,"minecraft:cobblestone":302,"minecraft:grindstone":3,"minecraft:oak_planks":15,"minecraft:wall_torch":20,"minecraft:pink_petals":1,"minecraft:birch_log":162,"minecraft:wheat":1,"minecraft:grass":198,"minecraft:oak_log":67,"minecraft:dirt":152,"quark:hollow_oak_log":1,"minecraft:smooth_basalt":28,"quark:andesite_pillar":3,"minecraft:stonecutter":7,"minecraft:oak_leaves":1,"minecraft:deepslate":186,"minecraft:tuff":5,"minecraft:deepslate_diamond_ore":37,"minecraft:candle":1,"minecraft:birch_fence_gate":1,"minecraft:polished_andesite_slab":1,"minecraft:rooted_dirt":3,"minecraft:hay_block":11,"minecraft:oak_trapdoor":12,"minecraft:furnace":3,"minecraft:andesite":79,"minecraft:gold_block":1,"minecraft:cobblestone_slab":33,"minecraft:deepslate_iron_ore":4,"minecraft:lantern":1,"minecraft:bamboo":6,"minecraft:stone":1359,"minecraft:oak_fence":17,"minecraft:crafting_table":8,"minecraft:emerald_ore":4,"minecraft:lectern":56,"minecraft:campfire":3,"minecraft:andesite_wall":6,"minecraft:tall_grass":140,"minecraft:copper_ore":10,"minecraft:deepslate_gold_ore":22,"minecraft:polished_blackstone_brick_stairs":56,"minecraft:birch_planks":1,"minecraft:coarse_dirt":10,"minecraft:gray_bed":1,"minecraft:yellow_bed":2,"quark:deepslate_furnace":2,"minecraft:black_wool":1,"minecraft:coal_ore":27,"minecraft:gravel":46,"minecraft:cobweb":5,"minecraft:cracked_stone_bricks":4,"minecraft:stone_bricks":7,"minecraft:mossy_stone_bricks":1,"quark:polished_blackstone_brick_vertical_slab":7,"minecraft:fern":2},"minecraft:killed_by":{"minecraft:player":1,"minecraft:skeleton":1},"minecraft:killed":{"alexsmobs:hummingbird":1,"minecraft:spider":8,"minecraft:skeleton":18,"minecraft:pig":1,"alexsmobs:grizzly_bear":2,"minecraft:iron_golem":2,"minecraft:creeper":5,"minecraft:sheep":2,"minecraft:zombie":28,"minecraft:donkey":1,"minecraft:cow":2,"alexsmobs:raccoon":2,"minecraft:phantom":2,"creeperoverhaul:snowy_creeper":1,"alexsmobs:catfish":1,"minecraft:villager":2,"minecraft:enderman":2},"minecraft:crafted":{"minecraft:oak_planks":364,"minecraft:cobblestone_slab":6,"quark:andesite_pillar":16,"expanded_combat:iron_bow":1,"usefulbackpacks:backpack_small":1,"minecraft:stone":3,"quark:deepslate_furnace":1,"minecraft:diamond_helmet":1,"minecraft:bow":1,"minecraft:diamond_leggings":1,"minecraft:iron_boots":1,"minecraft:oak_fence":42,"minecraft:smoker":4,"quark:andesite_bricks_wall":10,"expanded_combat:diamond_bow":1,"minecraft:cooked_porkchop":3,"minecraft:crafting_table":2,"minecraft:iron_helmet":1,"minecraft:baked_potato":5,"minecraft:birch_planks":240,"minecraft:hay_block":2,"minecraft:campfire":13,"minecraft:diamond_pickaxe":1,"minecraft:iron_chestplate":1,"minecraft:charcoal":12,"minecraft:shield":1,"minecraft:stick":60,"quark:oak_chest":2,"minecraft:iron_ingot":94,"minecraft:iron_pickaxe":3,"minecraft:gold_ingot":9,"minecraft:light_gray_dye":1,"minecraft:polished_blackstone_brick_stairs":2,"artifacts:eternal_steak":1,"minecraft:oak_door":3,"expanded_combat:diamond_katana":1,"minecraft:furnace":15,"minecraft:light_gray_wool":1,"spartanweaponry:diamond_battleaxe":1,"quark:polished_blackstone_brick_vertical_slab":6,"minecraft:andesite_wall":8,"minecraft:polished_andesite_slab":18,"minecraft:oak_trapdoor":14,"minecraft:iron_axe":1,"minecraft:diamond_boots":1,"usefulbackpacks:backpack_medium":1,"quark:andesite_bricks_slab":14,"minecraft:wheat":108,"minecraft:cooked_beef":5,"minecraft:diamond_sword":1,"minecraft:polished_blackstone_brick_slab":30,"spartanweaponry:pole":1,"minecraft:iron_sword":1,"spartanweaponry:handle":4,"minecraft:bucket":2,"minecraft:enchanted_book":1,"minecraft:bread":61,"minecraft:air":0,"minecraft:oak_boat":1,"minecraft:white_wool":7,"minecraft:iron_shovel":1,"minecraft:iron_leggings":1,"minecraft:stonecutter":1,"minecraft:torch":40,"minecraft:diamond_chestplate":1},"minecraft:used":{"minecraft:iron_shovel":266,"quark:andesite_bricks_wall":6,"minecraft:rotten_flesh":6,"minecraft:mutton":1,"minecraft:obsidian":1,"expanded_combat:diamond_katana":169,"spartanweaponry:diamond_battleaxe":269,"minecraft:lava_bucket":1,"quark:deepslate_furnace":2,"minecraft:lantern":2,"minecraft:stone_bricks":7,"minecraft:magma_block":2,"minecraft:bow":4,"minecraft:furnace":13,"minecraft:gray_bed":1,"minecraft:egg":1,"minecraft:potato":11,"minecraft:mossy_stone_bricks":1,"minecraft:oak_planks":228,"minecraft:stone_pickaxe":40,"minecraft:blackstone":69,"artifacts:eternal_steak":32,"minecraft:golden_apple":1,"quark:andesite_bricks_slab":14,"minecraft:bread":42,"minecraft:lectern":56,"minecraft:gravel":33,"minecraft:polished_andesite_slab":19,"minecraft:fire_charge":3,"minecraft:diamond_sword":5,"minecraft:grindstone":2,"minecraft:birch_log":75,"minecraft:oak_boat":5,"minecraft:coarse_dirt":6,"quark:polished_blackstone_brick_vertical_slab":12,"minecraft:bone_meal":3,"minecraft:golden_pickaxe":50,"minecraft:cobweb":5,"minecraft:experience_bottle":2,"minecraft:oak_fence":26,"minecraft:oak_trapdoor":18,"minecraft:polished_blackstone_brick_slab":13,"minecraft:stone_sword":21,"minecraft:oak_door":2,"minecraft:torch":85,"minecraft:dirt":323,"minecraft:wheat":15,"quark:andesite_pillar":15,"minecraft:golden_shovel":43,"minecraft:andesite_wall":6,"minecraft:iron_axe":55,"minecraft:rooted_dirt":2,"minecraft:polished_blackstone_brick_stairs":265,"minecraft:smooth_basalt":3,"minecraft:stone_pressure_plate":2,"minecraft:cooked_beef":5,"minecraft:cobbled_deepslate":169,"minecraft:wheat_seeds":50,"minecraft:water_bucket":106,"minecraft:birch_planks":1,"minecraft:fletching_table":1,"minecraft:stonecutter":7,"minecraft:cobblestone_slab":33,"minecraft:cracked_stone_bricks":4,"minecraft:polished_blackstone_bricks":805,"minecraft:salmon":2,"minecraft:tnt":1,"minecraft:crafting_table":10,"minecraft:red_bed":5,"minecraft:campfire":13,"minecraft:cod":11,"minecraft:smoker":4,"minecraft:oak_log":2,"minecraft:diamond_pickaxe":3123,"expanded_combat:diamond_bow":21,"minecraft:apple":24,"minecraft:iron_pickaxe":538,"minecraft:stone_axe":9,"minecraft:pink_petals":1,"minecraft:cobblestone":839,"minecraft:cooked_porkchop":3,"minecraft:bucket":108,"minecraft:yellow_bed":3,"quark:oak_chest":3,"minecraft:candle":2},"minecraft:picked_up":{"minecraft:wooden_axe":1,"minecraft:iron_chestplate":1,"minecraft:wheat":57,"spartanweaponry:iron_katana":1,"minecraft:polished_blackstone_brick_stairs":55,"minecraft:string":9,"minecraft:raw_copper":29,"minecraft:iron_leggings":1,"minecraft:experience_bottle":2,"minecraft:cobbled_deepslate":208,"minecraft:cobblestone_slab":42,"quark:andesite_pillar":3,"minecraft:coal_block":24,"minecraft:furnace":3,"minecraft:iron_boots":1,"minecraft:polished_blackstone_brick_slab":11,"minecraft:stick":24,"minecraft:oak_fence":16,"minecraft:torch":40,"minecraft:porkchop":3,"minecraft:cherry_log":3,"minecraft:andesite_wall":6,"minecraft:rotten_flesh":34,"minecraft:obsidian":14,"minecraft:cod":1,"minecraft:cobblestone":1682,"minecraft:birch_log":162,"minecraft:pink_petals":1,"minecraft:magma_block":52,"spartanweaponry:handle":3,"minecraft:andesite":80,"minecraft:smoker":4,"minecraft:potato":70,"minecraft:flint":14,"minecraft:tuff":5,"minecraft:lapis_lazuli":176,"minecraft:dirt":597,"minecraft:lantern":4,"minecraft:bone":23,"minecraft:stonecutter":7,"minecraft:bow":1,"minecraft:wheat_seeds":128,"minecraft:raw_gold":51,"minecraft:grindstone":3,"minecraft:fletching_table":1,"minecraft:mossy_stone_bricks":1,"minecraft:bamboo":6,"minecraft:oak_planks":13,"minecraft:birch_fence_gate":1,"alexsmobs:animal_dictionary":1,"spartanweaponry:pole":1,"minecraft:diamond":55,"quark:andesite_bricks_slab":3,"minecraft:bone_meal":3,"minecraft:emerald":11,"alexsmobs:maggot":2,"minecraft:rooted_dirt":3,"minecraft:oak_sapling":35,"minecraft:diamond_pickaxe":2,"minecraft:charcoal":6,"minecraft:crafting_table":8,"minecraft:coarse_dirt":9,"minecraft:azure_bluet":1,"minecraft:golden_pickaxe":1,"minecraft:gold_block":1,"minecraft:oak_trapdoor":10,"minecraft:red_bed":5,"minecraft:iron_axe":1,"minecraft:blackstone":1627,"minecraft:cracked_stone_bricks":4,"minecraft:candle":2,"minecraft:beef":5,"minecraft:oak_boat":6,"minecraft:poppy":2,"minecraft:light_gray_wool":1,"minecraft:lectern":56,"minecraft:birch_sapling":3,"minecraft:egg":1,"minecraft:raw_iron":97,"minecraft:polished_blackstone_bricks":335,"quark:deepslate_furnace":2,"minecraft:redstone":31,"minecraft:stone_pressure_plate":2,"minecraft:arrow":19,"minecraft:hay_block":12,"minecraft:gold_ingot":17,"minecraft:mutton":1,"minecraft:white_wool":1,"minecraft:oxeye_daisy":1,"artifacts:eternal_steak":2,"minecraft:glow_ink_sac":4,"minecraft:salmon":4,"minecraft:leather":8,"minecraft:oak_log":81,"minecraft:yellow_bed":5,"minecraft:gunpowder":7,"minecraft:cobblestone_stairs":2,"minecraft:apple":1,"minecraft:stone_bricks":7,"minecraft:iron_ingot":41,"minecraft:stone_pickaxe":1,"spartanweaponry:iron_dagger":1,"minecraft:gray_bed":2,"minecraft:polished_andesite_slab":1,"minecraft:book":7,"minecraft:smooth_basalt":28,"minecraft:gravel":37,"minecraft:blast_furnace":1,"quark:oak_chest":1,"minecraft:spider_eye":3,"quark:polished_blackstone_brick_vertical_slab":8,"minecraft:iron_helmet":1,"minecraft:cherry_sapling":8,"minecraft:baked_potato":72,"minecraft:black_wool":1,"minecraft:coal":116},"minecraft:broken":{"minecraft:iron_shovel":1,"minecraft:golden_shovel":1,"minecraft:diamond_pickaxe":2,"minecraft:iron_pickaxe":2},"minecraft:dropped":{"minecraft:birch_planks":22,"minecraft:oak_log":8,"minecraft:baked_potato":77,"minecraft:golden_pickaxe":1,"minecraft:diamond":15,"minecraft:cod":1,"minecraft:flint":3,"minecraft:dirt":53,"spartanweaponry:iron_katana":1,"minecraft:iron_pickaxe":1,"spartanweaponry:iron_dagger":1,"minecraft:gravel":3,"minecraft:stone_axe":1,"minecraft:blackstone":768,"alexsmobs:animal_dictionary":1,"minecraft:azure_bluet":1,"minecraft:salmon":2,"minecraft:poppy":2,"minecraft:gunpowder":1,"minecraft:water_bucket":1,"minecraft:iron_ingot":20,"minecraft:bread":43,"minecraft:wheat_seeds":60,"quark:polished_blackstone_brick_vertical_slab":2,"minecraft:cobblestone":491,"minecraft:wooden_axe":1,"minecraft:iron_axe":1,"minecraft:string":1,"minecraft:bucket":1,"minecraft:oak_trapdoor":2,"minecraft:stone_sword":1,"minecraft:tuff":5,"minecraft:raw_iron":1,"minecraft:light_gray_wool":1,"minecraft:cobblestone_slab":9,"minecraft:diamond_pickaxe":1,"minecraft:andesite":1,"minecraft:yellow_bed":2,"artifacts:eternal_steak":2,"minecraft:bow":1,"minecraft:stone_pickaxe":1},"minecraft:custom":{"minecraft:interact_with_crafting_table":70,"minecraft:open_barrel":16,"minecraft:eat_cake_slice":1,"minecraft:leave_game":15,"minecraft:time_since_death":18602,"minecraft:sprint_one_cm":1278815,"minecraft:drop":187,"minecraft:talked_to_villager":153,"minecraft:play_time":448481,"minecraft:deaths":10,"minecraft:jump":6564,"minecraft:walk_on_water_one_cm":69323,"minecraft:interact_with_furnace":68,"minecraft:traded_with_villager":1,"minecraft:sleep_in_bed":10,"minecraft:damage_dealt":19290,"minecraft:player_kills":2,"minecraft:crouch_one_cm":57449,"minecraft:interact_with_smoker":5,"minecraft:mob_kills":81,"minecraft:interact_with_anvil":4,"minecraft:climb_one_cm":4205,"minecraft:walk_one_cm":1001444,"minecraft:sneak_time":21150,"minecraft:walk_under_water_one_cm":35164,"minecraft:boat_one_cm":10800,"minecraft:interact_with_blast_furnace":1,"minecraft:total_world_time":448481,"minecraft:interact_with_stonecutter":35,"minecraft:time_since_rest":10728,"minecraft:damage_taken":8168,"minecraft:damage_absorbed":4,"minecraft:swim_one_cm":60803,"minecraft:fly_one_cm":1283092,"minecraft:open_chest":223,"minecraft:fall_one_cm":158958}},"DataVersion":3465}