{"stats":{"minecraft:mined":{"minecraft:white_bed":10,"minecraft:cherry_log":86,"minecraft:red_nether_bricks":1,"minecraft:obsidian":19,"minecraft:deepslate_bricks":2,"minecraft:coal_block":24,"minecraft:hopper":1,"minecraft:nether_wart":40,"minecraft:oak_wall_sign":2,"minecraft:oxeye_daisy":1,"minecraft:red_stained_glass_pane":2,"minecraft:spawner":2,"minecraft:polished_blackstone_bricks":475,"minecraft:tall_seagrass":1,"minecraft:magma_block":105,"minecraft:cobbled_deepslate":26,"minecraft:fire":35,"minecraft:barrel":1,"minecraft:fletching_table":8,"minecraft:deepslate_lapis_ore":37,"minecraft:nether_brick_stairs":1,"minecraft:enchanting_table":2,"quark:nether_brick_chest":6,"minecraft:red_bed":8,"minecraft:smoker":5,"minecraft:soul_fire":7,"quark:gold_bars":3,"minecraft:torch":17,"minecraft:blast_furnace":2,"minecraft:melon":1,"minecraft:dead_bush":1,"minecraft:sugar_cane":19,"minecraft:birch_sapling":1,"quark:cherry_bookshelf":16,"minecraft:wheat":5,"minecraft:grass":396,"quark:birch_chest":17,"minecraft:smooth_quartz":2,"minecraft:smooth_basalt":30,"quark:andesite_pillar":3,"minecraft:stonecutter":9,"minecraft:deepslate":268,"minecraft:birch_fence_gate":1,"minecraft:nether_bricks":7,"minecraft:moss_block":5,"minecraft:cartography_table":1,"minecraft:andesite":93,"minecraft:potatoes":19,"minecraft:cobblestone_slab":66,"minecraft:vine":1,"minecraft:warped_stem":1,"minecraft:bamboo":6,"minecraft:bone_block":21,"minecraft:oak_slab":16,"minecraft:gray_concrete":2,"minecraft:soul_sand":10,"quark:oak_chest":11,"minecraft:polished_blackstone_brick_wall":2,"minecraft:emerald_ore":4,"minecraft:campfire":3,"minecraft:tall_grass":269,"minecraft:copper_ore":16,"minecraft:deepslate_gold_ore":50,"minecraft:warped_wart_block":6,"minecraft:coarse_dirt":11,"minecraft:cobblestone_wall":6,"minecraft:purple_stained_glass":3,"quark:deepslate_furnace":2,"minecraft:gravel":102,"minecraft:cobweb":16,"minecraft:acacia_planks":2,"minecraft:stone_bricks":10,"minecraft:gold_ore":5,"minecraft:fern":2,"quark:andesite_bricks_slab":6,"minecraft:farmland":10,"quark:cherry_chest":2,"minecraft:cobblestone_stairs":6,"minecraft:brewing_stand":4,"minecraft:cave_vines_plant":3,"minecraft:grass_block":201,"minecraft:cracked_polished_blackstone_bricks":9,"minecraft:polished_blackstone_brick_slab":11,"minecraft:gilded_blackstone":1,"minecraft:iron_ore":137,"minecraft:azure_bluet":1,"minecraft:iron_bars":3,"minecraft:azalea":1,"minecraft:deepslate_redstone_ore":7,"minecraft:cyan_terracotta":9,"minecraft:blackstone":1303,"minecraft:twisting_vines_plant":1,"minecraft:clay":33,"minecraft:poppy":2,"minecraft:chest":1,"minecraft:nether_quartz_ore":108,"minecraft:cobblestone":577,"minecraft:slime_block":15,"minecraft:grindstone":3,"minecraft:oak_planks":117,"minecraft:iron_door":2,"minecraft:wall_torch":28,"minecraft:deepslate_copper_ore":1,"minecraft:pink_petals":1,"minecraft:stone_stairs":5,"minecraft:birch_log":333,"minecraft:oak_log":1348,"minecraft:dirt":407,"quark:hollow_oak_log":1,"minecraft:netherrack":351,"minecraft:oak_leaves":8,"minecraft:nether_gold_ore":40,"minecraft:tuff":12,"minecraft:candle":1,"minecraft:deepslate_diamond_ore":88,"minecraft:blackstone_wall":1,"minecraft:ladder":1,"minecraft:polished_andesite_slab":7,"minecraft:rooted_dirt":55,"minecraft:hay_block":11,"minecraft:oak_trapdoor":12,"minecraft:furnace":5,"minecraft:carrots":14,"minecraft:gold_block":38,"minecraft:bookshelf":4,"minecraft:deepslate_iron_ore":76,"minecraft:lantern":2,"minecraft:stone":3333,"minecraft:flowering_azalea":2,"minecraft:basalt":3,"minecraft:oak_fence":25,"minecraft:crafting_table":18,"minecraft:lectern":129,"minecraft:andesite_wall":6,"minecraft:lapis_ore":3,"minecraft:polished_blackstone_brick_stairs":121,"minecraft:birch_planks":1,"minecraft:polished_blackstone_stairs":3,"minecraft:redstone_torch":1,"minecraft:gray_bed":2,"minecraft:yellow_bed":3,"minecraft:black_wool":1,"minecraft:coal_ore":145,"minecraft:cracked_stone_bricks":4,"minecraft:mossy_stone_bricks":3,"quark:polished_blackstone_brick_vertical_slab":18},"minecraft:killed_by":{"minecraft:ghast":1,"minecraft:blaze":1,"minecraft:player":4,"minecraft:skeleton":1},"minecraft:killed":{"guardvillagers:guard":1,"minecraft:cave_spider":107,"minecraft:skeleton":38,"minecraft:chicken":1,"alexsmobs:straddler":13,"alexsmobs:laviathan":2,"minecraft:cat":1,"minecraft:magma_cube":24,"minecraft:iron_golem":29,"minecraft:donkey":1,"minecraft:zombie":64,"alexsmobs:maned_wolf":1,"minecraft:glow_squid":4,"minecraft:cow":8,"alexsmobs:raccoon":3,"quark:toretoise":4,"creeperoverhaul:snowy_creeper":1,"alexsmobs:catfish":1,"endermanoverhaul:cave_enderman":2,"quark:wraith":2,"minecraft:enderman":2,"alexsmobs:hummingbird":1,"minecraft:witch":2,"minecraft:spider":13,"quark:forgotten":1,"minecraft:piglin_brute":20,"artifacts:mimic":1,"minecraft:piglin":7,"minecraft:pig":4,"alexsmobs:grizzly_bear":3,"minecraft:zombie_villager":3,"alexsmobs:stradpole":4,"minecraft:creeper":10,"alexsmobs:crimson_mosquito":1,"alexsmobs:warped_toad":2,"minecraft:sheep":5,"minecraft:ghast":2,"alexsmobs:fly":1,"minecraft:blaze":16,"minecraft:vex":1,"minecraft:slime":5,"minecraft:phantom":5,"alexsmobs:bison":2,"quark:foxhound":2,"alexsmobs:crow":1,"minecraft:wither_skeleton":28,"minecraft:villager":9},"minecraft:crafted":{"minecraft:smooth_stone":3,"quark:birch_chest":12,"expanded_combat:diamond_dancer_s_sword":1,"expanded_combat:iron_bow":2,"minecraft:oak_pressure_plate":2,"minecraft:bookshelf":19,"quark:deepslate_furnace":1,"minecraft:quartz_block":54,"minecraft:diamond_helmet":2,"minecraft:diamond_leggings":1,"expanded_combat:diamond_bow":2,"minecraft:emerald":574,"minecraft:cooked_porkchop":3,"minecraft:diamond_axe":1,"minecraft:fletching_table":1,"minecraft:hay_block":2,"minecraft:campfire":13,"quark:oak_chest":15,"minecraft:stone_slab":6,"usefulbackpacks:backpack_large":1,"minecraft:iron_pickaxe":5,"minecraft:gold_ingot":358,"minecraft:light_gray_dye":1,"minecraft:experience_bottle":60,"spartanweaponry:diamond_battleaxe":1,"minecraft:light_gray_wool":1,"minecraft:andesite_wall":8,"minecraft:ladder":4,"minecraft:ender_pearl":12,"minecraft:diamond_boots":1,"quark:andesite_bricks_slab":14,"minecraft:wheat":108,"minecraft:crossbow":17,"minecraft:polished_blackstone_brick_slab":30,"spartanweaponry:diamond_heavy_crossbow":15,"minecraft:enchanted_book":12,"minecraft:iron_shovel":3,"minecraft:iron_leggings":3,"minecraft:white_bed":1,"minecraft:grindstone":1,"minecraft:oak_planks":5080,"minecraft:cobblestone_slab":30,"quark:andesite_pillar":16,"usefulbackpacks:backpack_small":1,"minecraft:cobblestone_stairs":8,"minecraft:stone":16,"spartanweaponry:bolt":208,"minecraft:bow":22,"minecraft:iron_boots":2,"minecraft:stone_hoe":1,"minecraft:oak_fence":42,"minecraft:golden_boots":2,"minecraft:smoker":4,"quark:andesite_bricks_wall":10,"minecraft:item_frame":22,"minecraft:oak_slab":12,"minecraft:crafting_table":5,"minecraft:baked_potato":118,"minecraft:iron_helmet":2,"minecraft:birch_pressure_plate":64,"minecraft:gold_block":2,"minecraft:birch_planks":904,"minecraft:brewing_stand":1,"spartanweaponry:iron_longbow":6,"minecraft:iron_chestplate":4,"minecraft:diamond_pickaxe":3,"minecraft:charcoal":12,"minecraft:shield":1,"minecraft:stick":11014,"minecraft:iron_ingot":134,"minecraft:polished_blackstone_brick_stairs":2,"minecraft:cherry_planks":296,"artifacts:eternal_steak":2,"minecraft:oak_door":3,"minecraft:redstone":6,"expanded_combat:diamond_katana":1,"minecraft:furnace":17,"minecraft:blast_furnace":1,"quark:polished_blackstone_brick_vertical_slab":16,"minecraft:polished_andesite_slab":18,"minecraft:oak_trapdoor":14,"minecraft:flint_and_steel":1,"minecraft:iron_axe":1,"spartanweaponry:diamond_longbow":57,"usefulbackpacks:backpack_medium":1,"minecraft:cooked_beef":31,"minecraft:diamond_sword":3,"minecraft:iron_trapdoor":3,"spartanweaponry:pole":1,"minecraft:iron_sword":2,"spartanweaponry:handle":4,"minecraft:bucket":12,"minecraft:air":0,"minecraft:bread":71,"minecraft:oak_boat":1,"minecraft:white_wool":7,"expanded_combat:gold_stick":4,"minecraft:stonecutter":1,"spartanweaponry:iron_heavy_crossbow":3,"minecraft:torch":56,"minecraft:lapis_lazuli":3,"minecraft:diamond_chestplate":1},"minecraft:used":{"minecraft:moss_block":2,"expanded_combat:diamond_dancer_s_sword":673,"minecraft:spruce_slab":1,"minecraft:polished_blackstone":1,"minecraft:poppy":1,"minecraft:ladder":5,"minecraft:chest":1,"quark:andesite_bricks_wall":6,"minecraft:stone":9,"minecraft:rotten_flesh":6,"minecraft:snowball":1,"spartanweaponry:diamond_battleaxe":598,"minecraft:lava_bucket":1,"minecraft:birch_sapling":16,"minecraft:bow":5,"minecraft:furnace":19,"minecraft:oak_sapling":147,"minecraft:egg":1,"minecraft:potato":63,"spartanweaponry:iron_greatsword":9,"minecraft:mossy_stone_bricks":1,"minecraft:blackstone":204,"artifacts:eternal_steak":247,"minecraft:golden_apple":2,"minecraft:sand":9,"minecraft:blast_furnace":1,"minecraft:gray_concrete":2,"quark:andesite_bricks_slab":19,"minecraft:lectern":123,"minecraft:oak_pressure_plate":2,"minecraft:polished_andesite_slab":24,"minecraft:diamond_sword":5,"minecraft:fire_charge":3,"minecraft:birch_log":82,"minecraft:oak_boat":5,"minecraft:oak_trapdoor":18,"minecraft:polished_blackstone_brick_slab":13,"minecraft:enchanting_table":2,"minecraft:stone_sword":21,"minecraft:polished_blackstone_wall":1,"minecraft:netherrack":293,"minecraft:torch":169,"minecraft:brewing_stand":5,"minecraft:warped_wart_block":6,"minecraft:wheat":15,"quark:andesite_pillar":15,"minecraft:twisting_vines":1,"minecraft:stone_stairs":5,"minecraft:golden_shovel":43,"minecraft:nether_brick_stairs":1,"minecraft:shroomlight":1,"minecraft:iron_axe":55,"minecraft:rooted_dirt":6,"minecraft:slime_block":10,"minecraft:smooth_basalt":3,"minecraft:basalt":11,"minecraft:cobbled_deepslate":222,"minecraft:wheat_seeds":50,"minecraft:water_bucket":216,"minecraft:warped_stem":1,"minecraft:birch_planks":1,"minecraft:fletching_table":11,"minecraft:gold_ore":1,"minecraft:deepslate_bricks":1,"minecraft:polished_blackstone_bricks":923,"minecraft:cracked_stone_bricks":4,"minecraft:gilded_blackstone":1,"minecraft:salmon":2,"minecraft:oak_slab":32,"minecraft:tnt":1,"minecraft:crafting_table":21,"minecraft:red_bed":9,"minecraft:campfire":13,"minecraft:white_bed":10,"minecraft:cod":11,"minecraft:oak_log":9,"minecraft:diamond_pickaxe":6861,"expanded_combat:diamond_bow":454,"minecraft:diamond_shovel":104,"minecraft:iron_pickaxe":541,"minecraft:cobblestone":3467,"minecraft:cooked_porkchop":3,"quark:oak_chest":28,"minecraft:dandelion":3,"minecraft:candle":2,"minecraft:iron_shovel":414,"minecraft:oak_sign":2,"minecraft:shield":12,"minecraft:iron_sword":3,"minecraft:mutton":1,"minecraft:nether_bricks":6,"minecraft:carrot":2,"minecraft:tuff":1,"minecraft:obsidian":16,"expanded_combat:diamond_katana":626,"minecraft:cyan_terracotta":4,"quark:deepslate_furnace":2,"minecraft:lantern":5,"minecraft:stone_bricks":8,"minecraft:item_frame":14,"minecraft:deepslate_diamond_ore":1,"minecraft:magma_block":52,"minecraft:gray_bed":2,"minecraft:gold_block":3,"minecraft:golden_boots":5,"minecraft:diamond_boots":5,"spartanweaponry:diamond_heavy_crossbow":59,"minecraft:stone_pickaxe":47,"minecraft:oak_planks":424,"minecraft:sugar_cane":6,"minecraft:diamond_axe":87,"minecraft:deepslate_lapis_ore":5,"quark:gold_bars":3,"minecraft:melon_slice":3,"minecraft:bread":50,"quark:soul_bead":2,"minecraft:gravel":88,"minecraft:grindstone":3,"spartanweaponry:diamond_longbow":4,"minecraft:andesite":12,"minecraft:coarse_dirt":6,"minecraft:bone_meal":3,"minecraft:golden_pickaxe":448,"minecraft:experience_bottle":62,"minecraft:cobweb":5,"minecraft:oak_fence":26,"quark:polished_blackstone_brick_vertical_slab":33,"quark:birch_chest":29,"minecraft:flint_and_steel":3,"minecraft:stone_hoe":5,"minecraft:oak_door":2,"minecraft:dirt":1065,"minecraft:cobblestone_wall":1,"minecraft:golden_chestplate":1,"spartanweaponry:iron_longbow":1,"minecraft:andesite_wall":6,"minecraft:bookshelf":19,"minecraft:polished_blackstone_brick_stairs":422,"minecraft:iron_boots":1,"minecraft:stone_pressure_plate":2,"minecraft:cooked_beef":29,"minecraft:iron_ore":4,"minecraft:cobblestone_stairs":10,"minecraft:red_nether_bricks":1,"minecraft:stonecutter":8,"minecraft:cobblestone_slab":88,"minecraft:smoker":9,"minecraft:apple":29,"minecraft:cracked_polished_blackstone_bricks":7,"minecraft:stone_axe":9,"minecraft:pink_petals":1,"minecraft:bucket":220,"minecraft:yellow_bed":4,"minecraft:smooth_stone":1},"minecraft:picked_up":{"minecraft:wooden_axe":1,"minecraft:iron_chestplate":1,"minecraft:oak_stairs":1,"minecraft:golden_shovel":1,"minecraft:enchanted_book":9,"minecraft:infested_stone":20,"minecraft:brewing_stand":4,"expanded_combat:diamond_katana":1,"minecraft:polished_blackstone_brick_stairs":121,"minecraft:string":42,"minecraft:red_nether_bricks":1,"minecraft:shroomlight":2,"minecraft:gold_nugget":298,"minecraft:cobbled_deepslate":254,"quark:andesite_pillar":3,"minecraft:coal_block":24,"minecraft:melon_slice":5,"minecraft:polished_blackstone_brick_slab":11,"minecraft:polished_blackstone_stairs":4,"spartanweaponry:diamond_heavy_crossbow":1,"minecraft:cherry_log":77,"minecraft:green_terracotta":5,"minecraft:golden_chestplate":2,"minecraft:stone_sword":3,"quark:clear_shard":11,"minecraft:tropical_fish":9,"artifacts:villager_hat":10,"minecraft:blackstone_wall":1,"minecraft:cyan_terracotta":8,"minecraft:blaze_rod":2,"minecraft:iron_bars":3,"minecraft:snowball":1,"minecraft:birch_log":328,"spartanweaponry:iron_warhammer":1,"minecraft:magma_block":101,"minecraft:feather":7,"spartanweaponry:handle":3,"minecraft:iron_door":2,"minecraft:brown_wool":1,"minecraft:smoker":5,"alexsmobs:bison_fur":1,"minecraft:flint":19,"minecraft:gray_concrete":2,"minecraft:lantern":8,"minecraft:twisting_vines":1,"minecraft:stonecutter":10,"quark:soul_bead":2,"minecraft:moss_block":17,"minecraft:warped_wart_block":6,"minecraft:birch_fence_gate":1,"minecraft:trapped_chest":1,"alexsmobs:animal_dictionary":1,"minecraft:barrel":3,"spartanweaponry:pole":1,"minecraft:deepslate":79,"quark:andesite_bricks_slab":8,"minecraft:golden_horse_armor":1,"minecraft:bread":16,"alexsmobs:maggot":4,"minecraft:rooted_dirt":55,"minecraft:diamond_pickaxe":6,"minecraft:crafting_table":18,"minecraft:coarse_dirt":10,"minecraft:nether_wart":41,"minecraft:clay_ball":193,"minecraft:golden_pickaxe":1,"quark:nether_brick_chest":6,"minecraft:infested_cobblestone":12,"artifacts:power_glove":1,"minecraft:red_bed":10,"minecraft:flint_and_steel":1,"minecraft:iron_shovel":1,"minecraft:polished_blackstone_wall":6,"minecraft:cracked_stone_bricks":4,"minecraft:cartography_table":1,"minecraft:deepslate_diamond_ore":1,"minecraft:beef":32,"minecraft:poppy":37,"minecraft:spruce_slab":1,"minecraft:chest":1,"minecraft:birch_sapling":97,"minecraft:egg":1,"minecraft:stone":33,"minecraft:oak_door":1,"alexsmobs:straddlite":1,"minecraft:carrot":401,"minecraft:redstone":40,"artifacts:everlasting_beef":1,"minecraft:stone_shovel":4,"minecraft:deepslate_bricks":2,"minecraft:hay_block":12,"minecraft:gold_ingot":20,"artifacts:pocket_piston":1,"minecraft:polished_blackstone":7,"minecraft:glow_berries":10,"minecraft:mutton":6,"minecraft:bone_block":35,"minecraft:white_wool":4,"minecraft:oxeye_daisy":1,"minecraft:oak_log":1331,"minecraft:apple":49,"minecraft:stone_bricks":8,"minecraft:warped_stem":6,"minecraft:stone_pickaxe":6,"minecraft:iron_ore":4,"minecraft:glass_bottle":2,"minecraft:gray_bed":3,"spartanweaponry:iron_dagger":3,"minecraft:iron_sword":1,"minecraft:flowering_azalea":2,"minecraft:smooth_basalt":32,"minecraft:gravel":88,"minecraft:slime_ball":4,"quark:polished_blackstone_brick_vertical_slab":19,"minecraft:rib_armor_trim_smithing_template":1,"minecraft:polished_blackstone_brick_wall":4,"minecraft:warped_roots":8,"minecraft:baked_potato":148,"minecraft:wheat":91,"minecraft:gilded_blackstone":1,"spartanweaponry:iron_katana":1,"minecraft:raw_copper":60,"minecraft:deepslate_lapis_ore":5,"minecraft:iron_leggings":1,"minecraft:experience_bottle":2,"spartanweaponry:bolt":1,"minecraft:oak_sign":2,"alexsmobs:blood_sac":1,"minecraft:smooth_stone":1,"minecraft:redstone_torch":2,"minecraft:cobblestone_slab":80,"minecraft:azalea":4,"minecraft:furnace":9,"minecraft:iron_boots":1,"minecraft:stick":440,"minecraft:oak_fence":26,"minecraft:torch":91,"minecraft:spruce_stairs":2,"minecraft:porkchop":7,"minecraft:andesite_wall":6,"minecraft:rotten_flesh":77,"minecraft:obsidian":16,"minecraft:cod":1,"minecraft:cobblestone":4220,"minecraft:enchanting_table":2,"quark:andesite_bricks_wall":3,"spartanweaponry:diamond_longbow":13,"minecraft:pink_petals":1,"minecraft:magma_cream":3,"minecraft:andesite":94,"minecraft:potato":1349,"minecraft:tuff":12,"minecraft:wither_skeleton_skull":1,"minecraft:dirt":1638,"minecraft:lapis_lazuli":366,"minecraft:bone":71,"minecraft:acacia_planks":2,"minecraft:bow":6,"minecraft:wheat_seeds":242,"quark:purple_shard":5,"minecraft:raw_gold":120,"minecraft:grindstone":3,"minecraft:mossy_stone_bricks":1,"minecraft:fletching_table":12,"minecraft:bamboo":6,"minecraft:oak_planks":277,"minecraft:ghast_tear":1,"minecraft:poisonous_potato":19,"minecraft:sand":9,"minecraft:nether_brick_stairs":1,"quark:gold_bars":3,"minecraft:sugar":1,"minecraft:clay":2,"minecraft:diamond":171,"minecraft:slime_block":15,"minecraft:cracked_polished_blackstone_bricks":7,"minecraft:crossbow":2,"minecraft:bone_meal":3,"minecraft:grass":1,"minecraft:emerald":139,"minecraft:oak_sapling":782,"minecraft:netherrack":344,"minecraft:charcoal":6,"minecraft:azure_bluet":1,"minecraft:chicken":1,"minecraft:ladder":1,"minecraft:gold_block":37,"minecraft:moss_carpet":9,"minecraft:oak_trapdoor":11,"minecraft:stone_stairs":5,"minecraft:iron_axe":1,"minecraft:item_frame":2,"minecraft:blackstone":2027,"minecraft:candle":4,"spartanweaponry:iron_longbow":1,"minecraft:oak_boat":6,"minecraft:light_gray_wool":1,"minecraft:lectern":129,"minecraft:sugar_cane":34,"minecraft:phantom_membrane":1,"minecraft:raw_iron":408,"expanded_combat:diamond_dancer_s_sword":1,"minecraft:polished_blackstone_bricks":492,"quark:deepslate_furnace":2,"quark:birch_chest":17,"minecraft:stone_pressure_plate":2,"minecraft:dark_oak_planks":32,"minecraft:arrow":48,"minecraft:nether_bricks":7,"minecraft:saddle":2,"minecraft:basalt":17,"artifacts:eternal_steak":4,"minecraft:glow_ink_sac":16,"minecraft:salmon":4,"minecraft:leather":19,"minecraft:gunpowder":13,"minecraft:yellow_bed":7,"minecraft:cobblestone_wall":11,"minecraft:cobblestone_stairs":6,"quark:forgotten_hat":1,"minecraft:rabbit_hide":15,"minecraft:iron_ingot":134,"minecraft:polished_andesite_slab":7,"minecraft:soul_sand":10,"minecraft:book":69,"minecraft:oak_slab":21,"minecraft:quartz":173,"minecraft:dandelion":6,"minecraft:soul_torch":2,"minecraft:blast_furnace":2,"minecraft:white_bed":12,"minecraft:gold_ore":1,"quark:oak_chest":13,"minecraft:spider_eye":9,"usefulbackpacks:backpack_large":1,"minecraft:iron_helmet":1,"minecraft:cherry_sapling":372,"minecraft:black_wool":1,"minecraft:coal":573},"minecraft:broken":{"minecraft:diamond_helmet":1,"minecraft:diamond_pickaxe":3,"minecraft:iron_pickaxe":2,"minecraft:iron_helmet":1,"minecraft:iron_shovel":1,"minecraft:leather_leggings":1,"minecraft:golden_shovel":1,"minecraft:golden_pickaxe":1},"minecraft:dropped":{"minecraft:clay":2,"minecraft:diamond":16,"minecraft:crossbow":18,"minecraft:glow_berries":2,"minecraft:warped_roots":8,"minecraft:fletching_table":1,"minecraft:dirt":511,"minecraft:grass":1,"quark:andesite_bricks_slab":1,"minecraft:iron_pickaxe":2,"spartanweaponry:iron_dagger":2,"minecraft:bone":3,"minecraft:polished_blackstone_wall":5,"usefulbackpacks:backpack_large":1,"minecraft:stone_axe":1,"minecraft:cobbled_deepslate":9,"alexsmobs:animal_dictionary":1,"minecraft:birch_sapling":78,"minecraft:obsidian":1,"minecraft:rotten_flesh":7,"minecraft:oak_planks":5,"minecraft:azure_bluet":1,"minecraft:salmon":2,"minecraft:lectern":6,"minecraft:iron_ingot":22,"minecraft:golden_boots":1,"minecraft:wheat_seeds":99,"minecraft:polished_blackstone":6,"quark:polished_blackstone_brick_vertical_slab":2,"minecraft:oak_fence":8,"minecraft:feather":5,"minecraft:cobblestone":566,"minecraft:polished_blackstone_stairs":4,"minecraft:iron_trapdoor":3,"minecraft:wooden_axe":1,"minecraft:iron_shovel":3,"minecraft:string":12,"minecraft:trapped_chest":1,"minecraft:acacia_planks":2,"minecraft:furnace":1,"minecraft:moss_carpet":6,"minecraft:stone_sword":5,"minecraft:cobblestone_wall":10,"minecraft:deepslate":41,"minecraft:stone_shovel":28,"minecraft:clay_ball":56,"minecraft:shears":1,"minecraft:cobblestone_slab":16,"minecraft:potato":455,"minecraft:shroomlight":1,"minecraft:stone":2,"minecraft:diamond_pickaxe":5,"minecraft:yellow_bed":2,"artifacts:eternal_steak":5,"minecraft:redstone_torch":1,"minecraft:spider_eye":2,"minecraft:stone_bricks":1,"minecraft:barrel":2,"minecraft:bow":25,"spartanweaponry:diamond_longbow":68,"minecraft:warped_stem":5,"minecraft:moss_block":14,"minecraft:candle":2,"minecraft:birch_planks":22,"minecraft:oak_log":78,"minecraft:baked_potato":220,"minecraft:golden_pickaxe":1,"minecraft:lantern":1,"minecraft:polished_blackstone_brick_wall":4,"alexsmobs:bison_fur":1,"minecraft:cod":1,"minecraft:flint":3,"minecraft:cobblestone_stairs":2,"spartanweaponry:iron_katana":1,"minecraft:polished_blackstone_bricks":4,"minecraft:gravel":16,"minecraft:blackstone":768,"spartanweaponry:iron_heavy_crossbow":3,"spartanweaponry:diamond_heavy_crossbow":13,"minecraft:cherry_sapling":364,"artifacts:villager_hat":10,"spartanweaponry:iron_longbow":7,"minecraft:carrot":92,"minecraft:poppy":35,"minecraft:gunpowder":1,"minecraft:azalea":4,"minecraft:basalt":6,"minecraft:netherrack":2,"minecraft:bread":91,"minecraft:water_bucket":1,"minecraft:stone_hoe":1,"minecraft:oak_slab":1,"expanded_combat:diamond_bow":1,"minecraft:poisonous_potato":16,"minecraft:spruce_stairs":2,"minecraft:stick":10,"quark:clear_shard":11,"minecraft:melon_slice":2,"minecraft:brown_wool":1,"spartanweaponry:iron_greatsword":1,"minecraft:iron_leggings":2,"minecraft:iron_axe":1,"minecraft:bucket":1,"minecraft:dandelion":3,"minecraft:redstone":13,"alexsmobs:maggot":2,"minecraft:oak_trapdoor":2,"minecraft:tuff":11,"minecraft:raw_iron":1,"minecraft:light_gray_wool":1,"minecraft:deepslate_bricks":1,"minecraft:iron_chestplate":2,"minecraft:andesite":3,"minecraft:golden_leggings":1,"minecraft:oak_sapling":600,"quark:purple_shard":5,"minecraft:stone_pickaxe":15},"minecraft:custom":{"minecraft:interact_with_crafting_table":155,"minecraft:open_barrel":111,"minecraft:eat_cake_slice":1,"minecraft:leave_game":33,"minecraft:time_since_death":264799,"minecraft:damage_blocked_by_shield":829,"minecraft:play_time":1286470,"minecraft:deaths":26,"minecraft:jump":17569,"minecraft:enchant_item":14,"minecraft:interact_with_furnace":152,"minecraft:traded_with_villager":795,"minecraft:interact_with_cartography_table":3,"minecraft:sleep_in_bed":31,"minecraft:damage_dealt":86682,"minecraft:interact_with_smoker":21,"minecraft:interact_with_smithing_table":2,"minecraft:interact_with_anvil":5,"minecraft:inspect_hopper":5,"minecraft:damage_dealt_absorbed":5111,"minecraft:sneak_time":75445,"minecraft:interact_with_blast_furnace":6,"minecraft:total_world_time":1286470,"minecraft:interact_with_stonecutter":37,"minecraft:time_since_rest":82402,"minecraft:swim_one_cm":81559,"minecraft:fly_one_cm":3605685,"minecraft:open_chest":645,"minecraft:fall_one_cm":420689,"minecraft:sprint_one_cm":4507995,"minecraft:drop":1051,"minecraft:talked_to_villager":655,"minecraft:interact_with_brewingstand":1,"minecraft:walk_on_water_one_cm":121863,"minecraft:interact_with_loom":1,"minecraft:player_kills":5,"minecraft:crouch_one_cm":237890,"minecraft:mob_kills":464,"minecraft:damage_dealt_resisted":305,"minecraft:climb_one_cm":21831,"minecraft:walk_one_cm":2661627,"minecraft:walk_under_water_one_cm":52987,"minecraft:boat_one_cm":10800,"minecraft:interact_with_grindstone":27,"minecraft:damage_taken":31385,"minecraft:damage_absorbed":4,"minecraft:trigger_trapped_chest":1}},"DataVersion":3465}