{"stats":{"minecraft:crafted":{"minecraft:oak_planks":28,"minecraft:crafting_table":1,"minecraft:stick":12,"minecraft:wooden_pickaxe":1,"minecraft:stone_pickaxe":1},"minecraft:custom":{"minecraft:time_since_rest":10404,"minecraft:sprint_one_cm":58050,"minecraft:damage_taken":853,"minecraft:walk_one_cm":26436,"minecraft:mob_kills":6,"minecraft:drop":8,"minecraft:damage_dealt":1267,"minecraft:interact_with_crafting_table":5,"minecraft:fly_one_cm":75549,"minecraft:player_kills":1,"minecraft:crouch_one_cm":619,"minecraft:play_time":34589,"minecraft:deaths":2,"minecraft:sneak_time":552,"minecraft:jump":444,"minecraft:leave_game":3,"minecraft:time_since_death":10190,"minecraft:walk_on_water_one_cm":90,"minecraft:total_world_time":34589,"minecraft:fall_one_cm":19012},"minecraft:killed_by":{"minecraft:zombie":1},"minecraft:used":{"minecraft:stone_sword":21,"minecraft:apple":1,"minecraft:stone_pickaxe":88,"minecraft:birch_sapling":2,"minecraft:wooden_pickaxe":24,"minecraft:white_terracotta":2,"minecraft:rotten_flesh":2,"minecraft:stone_axe":4,"minecraft:cobblestone":9,"minecraft:dirt":7,"minecraft:mutton":1,"minecraft:sweet_berries":4,"minecraft:crafting_table":3,"minecraft:oak_sapling":4,"alexsmobs:animal_dictionary":1,"minecraft:coarse_dirt":1},"minecraft:mined":{"minecraft:podzol":2,"minecraft:large_fern":1,"minecraft:white_terracotta":2,"minecraft:coarse_dirt":1,"minecraft:sweet_berry_bush":3,"minecraft:crafting_table":5,"minecraft:grass":11,"minecraft:grass_block":3,"minecraft:oak_log":7,"minecraft:coal_ore":15,"minecraft:gravel":2,"minecraft:dirt":10,"minecraft:copper_ore":1,"minecraft:cobblestone":9,"minecraft:tall_grass":2,"minecraft:stone":57,"minecraft:moss_block":1,"minecraft:oak_leaves":12,"minecraft:fern":3},"minecraft:dropped":{"minecraft:wheat_seeds":2,"alexsmobs:gazelle_horn":2,"minecraft:stick":8},"minecraft:picked_up":{"minecraft:coarse_dirt":1,"minecraft:stick":2,"minecraft:crafting_table":5,"minecraft:sweet_berries":3,"minecraft:gravel":2,"minecraft:oak_log":7,"minecraft:dirt":12,"alexsmobs:gazelle_horn":4,"minecraft:string":1,"minecraft:raw_copper":4,"minecraft:stone_sword":1,"minecraft:rotten_flesh":3,"minecraft:apple":1,"minecraft:stone_axe":1,"minecraft:wheat_seeds":3,"minecraft:stone_pickaxe":1,"minecraft:white_terracotta":2,"minecraft:oak_sapling":4,"minecraft:moss_block":1,"minecraft:birch_sapling":2,"minecraft:mutton":1,"minecraft:coal":15,"minecraft:cobblestone":73,"minecraft:ender_pearl":1},"minecraft:killed":{"minecraft:zombie":2,"alexsmobs:gazelle":2,"minecraft:spider":1,"minecraft:enderman":1}},"DataVersion":3465}