{"stats":{"minecraft:picked_up":{"minecraft:birch_log":7,"minecraft:raw_iron":87,"minecraft:crafting_table":2,"minecraft:wheat":14,"minecraft:leather":1,"minecraft:yellow_bed":1,"minecraft:dirt":32,"alexsmobs:animal_dictionary":1,"minecraft:stone_pressure_plate":2,"minecraft:lantern":1,"minecraft:arrow":2,"minecraft:experience_bottle":1,"minecraft:bone":2,"minecraft:wheat_seeds":39,"minecraft:iron_ingot":4,"minecraft:emerald":2,"minecraft:gold_ingot":4,"minecraft:coal_block":8,"minecraft:coal":10,"minecraft:cobblestone":38,"minecraft:wooden_axe":1},"minecraft:used":{"minecraft:wheat_seeds":1,"minecraft:apple":2,"minecraft:stone_sword":21,"minecraft:stone_pickaxe":20,"minecraft:bread":12,"minecraft:iron_pickaxe":138,"minecraft:stone_axe":9,"minecraft:cobblestone":130,"minecraft:crafting_table":3,"minecraft:furnace":1,"quark:oak_chest":2,"minecraft:golden_shovel":43,"minecraft:stone_pressure_plate":2,"minecraft:experience_bottle":1},"minecraft:custom":{"minecraft:time_since_rest":23255,"minecraft:interact_with_furnace":6,"minecraft:sprint_one_cm":163458,"minecraft:damage_taken":716,"minecraft:walk_one_cm":61726,"minecraft:mob_kills":4,"minecraft:drop":3,"minecraft:damage_dealt":727,"minecraft:interact_with_crafting_table":6,"minecraft:player_kills":1,"minecraft:swim_one_cm":2447,"minecraft:fly_one_cm":222510,"minecraft:open_barrel":1,"minecraft:open_chest":16,"minecraft:crouch_one_cm":4914,"minecraft:play_time":32734,"minecraft:deaths":1,"minecraft:sneak_time":1159,"minecraft:walk_under_water_one_cm":416,"minecraft:jump":1154,"minecraft:leave_game":4,"minecraft:time_since_death":27770,"minecraft:walk_on_water_one_cm":1156,"minecraft:sleep_in_bed":1,"minecraft:climb_one_cm":2668,"minecraft:total_world_time":32734,"minecraft:fall_one_cm":32763},"minecraft:mined":{"minecraft:birch_log":7,"minecraft:iron_ore":87,"minecraft:wheat":1,"minecraft:yellow_bed":1,"minecraft:crafting_table":2,"minecraft:grass":14,"minecraft:emerald_ore":2,"minecraft:grass_block":32,"minecraft:coal_ore":10,"minecraft:coal_block":8,"minecraft:tall_grass":18,"minecraft:cobblestone":4,"minecraft:stone":34,"minecraft:fern":2},"minecraft:killed_by":{"minecraft:skeleton":1},"minecraft:dropped":{"minecraft:wheat_seeds":2,"alexsmobs:animal_dictionary":1},"minecraft:broken":{"minecraft:golden_shovel":1},"minecraft:killed":{"creeperoverhaul:snowy_creeper":1,"minecraft:sheep":1,"minecraft:skeleton":2},"minecraft:crafted":{"minecraft:oak_planks":4,"minecraft:iron_axe":1,"quark:oak_chest":2,"minecraft:iron_pickaxe":1,"minecraft:iron_shovel":1,"minecraft:furnace":1,"minecraft:hay_block":2,"minecraft:bread":7,"minecraft:wheat":18}},"DataVersion":3465}