{"stats":{"minecraft:picked_up":{"minecraft:wooden_axe":1,"minecraft:birch_log":54,"minecraft:crafting_table":2,"minecraft:wheat":14,"minecraft:leather":5,"minecraft:gold_block":1,"minecraft:oak_log":74,"minecraft:yellow_bed":1,"minecraft:gunpowder":1,"minecraft:dirt":116,"minecraft:lantern":1,"minecraft:iron_axe":1,"minecraft:experience_bottle":1,"minecraft:bone":3,"minecraft:apple":1,"minecraft:wheat_seeds":55,"minecraft:iron_ingot":4,"minecraft:beef":5,"minecraft:oak_boat":4,"minecraft:bamboo":6,"minecraft:coal_block":8,"minecraft:birch_sapling":3,"minecraft:stick":24,"minecraft:raw_iron":89,"minecraft:porkchop":3,"minecraft:cherry_log":3,"alexsmobs:animal_dictionary":1,"minecraft:stone_pressure_plate":2,"minecraft:arrow":4,"minecraft:rotten_flesh":2,"minecraft:cherry_sapling":8,"minecraft:emerald":4,"minecraft:gold_ingot":4,"minecraft:oak_sapling":35,"minecraft:coal":10,"minecraft:cobblestone":43},"minecraft:custom":{"minecraft:interact_with_furnace":14,"minecraft:mob_kills":14,"minecraft:interact_with_crafting_table":11,"minecraft:open_barrel":1,"minecraft:leave_game":8,"minecraft:time_since_death":63109,"minecraft:sleep_in_bed":3,"minecraft:climb_one_cm":2808,"minecraft:time_since_rest":21046,"minecraft:sprint_one_cm":289394,"minecraft:damage_taken":1677,"minecraft:walk_one_cm":113878,"minecraft:drop":59,"minecraft:damage_dealt":2960,"minecraft:player_kills":1,"minecraft:swim_one_cm":2447,"minecraft:fly_one_cm":410034,"minecraft:open_chest":43,"minecraft:crouch_one_cm":7601,"minecraft:play_time":68073,"minecraft:deaths":1,"minecraft:sneak_time":1913,"minecraft:walk_under_water_one_cm":416,"minecraft:boat_one_cm":10800,"minecraft:jump":1812,"minecraft:walk_on_water_one_cm":1911,"minecraft:total_world_time":68073,"minecraft:fall_one_cm":49518},"minecraft:used":{"minecraft:wheat_seeds":1,"minecraft:stone_sword":21,"minecraft:iron_shovel":83,"minecraft:stone_pickaxe":20,"minecraft:torch":6,"minecraft:dirt":32,"minecraft:crafting_table":3,"minecraft:golden_shovel":43,"minecraft:obsidian":1,"minecraft:apple":2,"minecraft:bread":30,"minecraft:iron_axe":34,"minecraft:iron_pickaxe":148,"minecraft:stone_axe":9,"minecraft:fire_charge":3,"minecraft:bow":4,"minecraft:cobblestone":132,"minecraft:furnace":1,"minecraft:cooked_porkchop":2,"quark:oak_chest":2,"minecraft:oak_boat":5,"minecraft:yellow_bed":1,"minecraft:stone_pressure_plate":2,"minecraft:experience_bottle":1},"minecraft:mined":{"minecraft:crafting_table":2,"minecraft:emerald_ore":4,"minecraft:grass_block":101,"minecraft:coal_block":8,"minecraft:tall_grass":41,"minecraft:cobblestone":4,"minecraft:birch_log":54,"minecraft:iron_ore":89,"minecraft:wheat":1,"minecraft:fire":1,"minecraft:yellow_bed":1,"minecraft:gold_block":1,"minecraft:grass":52,"minecraft:oak_log":63,"minecraft:coal_ore":10,"minecraft:dirt":3,"quark:hollow_oak_log":1,"minecraft:bamboo":6,"minecraft:stone":39,"minecraft:oak_leaves":1,"minecraft:fern":2},"minecraft:killed_by":{"minecraft:skeleton":1},"minecraft:dropped":{"minecraft:stone_axe":1,"minecraft:wheat_seeds":46,"minecraft:oak_log":8,"minecraft:stone_sword":1,"alexsmobs:animal_dictionary":1,"minecraft:wooden_axe":1,"minecraft:iron_axe":1},"minecraft:broken":{"minecraft:golden_shovel":1},"minecraft:killed":{"minecraft:pig":1,"minecraft:spider":1,"creeperoverhaul:snowy_creeper":1,"minecraft:sheep":1,"minecraft:skeleton":4,"minecraft:donkey":1,"minecraft:zombie":3,"minecraft:cow":2},"minecraft:crafted":{"minecraft:cooked_beef":5,"minecraft:oak_planks":4,"minecraft:cooked_porkchop":3,"minecraft:iron_helmet":1,"minecraft:furnace":1,"minecraft:hay_block":2,"minecraft:bread":12,"minecraft:air":0,"minecraft:oak_boat":1,"minecraft:iron_boots":1,"minecraft:bow":1,"minecraft:iron_chestplate":1,"minecraft:iron_axe":1,"quark:oak_chest":2,"minecraft:iron_ingot":87,"minecraft:iron_pickaxe":1,"minecraft:iron_shovel":1,"minecraft:iron_leggings":1,"minecraft:wheat":18}},"DataVersion":3465}