{"stats":{"minecraft:picked_up":{"minecraft:crafting_table":3,"minecraft:wheat":15,"minecraft:chicken":5,"minecraft:leather_leggings":5,"minecraft:golden_pickaxe":1,"quark:hollow_oak_log":1,"minecraft:string":19,"minecraft:cooked_salmon":2,"minecraft:moss_carpet":1,"minecraft:iron_axe":4,"minecraft:item_frame":2,"minecraft:experience_bottle":4,"minecraft:zombie_head":3,"minecraft:blackstone":68,"minecraft:cobbled_deepslate":56,"minecraft:beef":9,"minecraft:rose_bush":2,"minecraft:redstone_torch":1,"minecraft:iron_pickaxe":1,"minecraft:birch_sapling":2,"minecraft:furnace":3,"minecraft:egg":1,"minecraft:raw_iron":78,"minecraft:stick":43,"minecraft:torch":4,"minecraft:acacia_log":18,"minecraft:spruce_stairs":1,"ironchest:iron_chest":2,"minecraft:redstone":62,"alexsmobs:centipede_leg":1,"minecraft:iron_horse_armor":2,"minecraft:tnt":1,"minecraft:stone_sword":1,"minecraft:arrow":3,"minecraft:rotten_flesh":23,"minecraft:hay_block":13,"minecraft:iron_block":1,"minecraft:obsidian":28,"minecraft:cobblestone":140,"minecraft:birch_log":13,"minecraft:magma_block":1,"minecraft:leather_chestplate":10,"minecraft:cooked_beef":10,"minecraft:water_bucket":1,"minecraft:andesite":189,"minecraft:leather":2,"minecraft:golden_leggings":2,"alexsmobs:bison_fur":2,"minecraft:flint":4,"minecraft:tuff":8,"minecraft:oak_log":133,"minecraft:dirt":33,"minecraft:lantern":9,"minecraft:leather_boots":5,"minecraft:bone":69,"minecraft:apple":1,"minecraft:wheat_seeds":44,"minecraft:raw_gold":43,"minecraft:rabbit_hide":18,"minecraft:stone_pickaxe":2,"minecraft:cooked_chicken":1,"minecraft:cobweb":10,"minecraft:glass_bottle":2,"minecraft:moss_block":1,"ironfurnaces:iron_furnace":1,"minecraft:iron_sword":3,"minecraft:oak_planks":20,"minecraft:acacia_sapling":3,"minecraft:smooth_basalt":197,"minecraft:gravel":12,"minecraft:blast_furnace":1,"quark:oak_chest":1,"minecraft:spider_eye":2,"minecraft:leather_helmet":3,"minecraft:diamond":43,"minecraft:emerald":2,"minecraft:bread":23,"minecraft:oak_sapling":22,"minecraft:coal":91,"minecraft:ender_pearl":2,"minecraft:diamond_pickaxe":3},"minecraft:used":{"ironchest:wood_to_iron_chest_upgrade":2,"ironfurnaces:gold_furnace":1,"minecraft:stone_shovel":7,"minecraft:iron_sword":214,"minecraft:wooden_shovel":7,"minecraft:cooked_chicken":1,"minecraft:torch":2,"minecraft:dirt":8,"minecraft:spruce_stairs":1,"ironchest:iron_chest":2,"minecraft:axolotl_bucket":2,"minecraft:lantern":8,"minecraft:iron_axe":13,"minecraft:smooth_basalt":87,"minecraft:item_frame":1,"ironfurnaces:iron_furnace":3,"minecraft:magma_block":1,"minecraft:furnace":3,"minecraft:egg":1,"minecraft:cooked_beef":1,"minecraft:cobbled_deepslate":30,"minecraft:wheat_seeds":7,"minecraft:water_bucket":98,"minecraft:leather_leggings":1,"minecraft:birch_planks":24,"minecraft:stone_pickaxe":153,"minecraft:oak_planks":30,"minecraft:blackstone":28,"minecraft:wooden_pickaxe":6,"minecraft:leather_chestplate":1,"minecraft:diamond_axe":37,"minecraft:leather_boots":1,"minecraft:golden_apple":1,"minecraft:crafting_table":9,"minecraft:blast_furnace":1,"expanded_combat:diamond_broad_sword":19,"quark:hollow_oak_log":1,"minecraft:diamond_pickaxe":489,"minecraft:diamond_shovel":18,"minecraft:bread":50,"minecraft:iron_pickaxe":73,"minecraft:leather_helmet":1,"minecraft:golden_leggings":1,"minecraft:golden_helmet":1,"minecraft:cobblestone":9,"minecraft:bucket":100,"minecraft:andesite":2,"quark:oak_chest":3,"alexsmobs:animal_dictionary":2},"minecraft:custom":{"minecraft:interact_with_smithing_table":5,"minecraft:mob_kills":56,"minecraft:interact_with_crafting_table":48,"minecraft:open_barrel":12,"minecraft:leave_game":3,"minecraft:time_since_death":30536,"minecraft:climb_one_cm":2744,"minecraft:sprint_one_cm":322984,"minecraft:walk_one_cm":295661,"minecraft:drop":119,"minecraft:play_time":96839,"minecraft:deaths":1,"minecraft:sneak_time":14578,"minecraft:walk_under_water_one_cm":3312,"minecraft:jump":2028,"minecraft:interact_with_blast_furnace":30,"minecraft:walk_on_water_one_cm":37540,"minecraft:total_world_time":96839,"minecraft:interact_with_furnace":40,"minecraft:sleep_in_bed":1,"minecraft:time_since_rest":30560,"minecraft:damage_taken":2706,"minecraft:damage_absorbed":30,"minecraft:damage_dealt":11656,"minecraft:swim_one_cm":47,"minecraft:fly_one_cm":427321,"minecraft:open_chest":68,"minecraft:crouch_one_cm":37408,"minecraft:fall_one_cm":65984},"minecraft:mined":{"minecraft:tuff":6,"minecraft:deepslate_diamond_ore":44,"minecraft:obsidian":14,"minecraft:acacia_log":9,"minecraft:grass_block":11,"minecraft:moss_block":1,"minecraft:hay_block":13,"minecraft:redstone_ore":7,"minecraft:magma_block":1,"minecraft:furnace":3,"minecraft:cobbled_deepslate":3,"minecraft:iron_ore":27,"minecraft:fire":9,"minecraft:andesite":84,"minecraft:dirt_path":1,"minecraft:deepslate_iron_ore":25,"minecraft:lantern":8,"ironchest:iron_chest":2,"minecraft:stone":139,"minecraft:iron_block":1,"minecraft:acacia_leaves":1,"minecraft:blackstone":68,"quark:oak_chest":1,"ironfurnaces:iron_furnace":1,"minecraft:crafting_table":3,"minecraft:blast_furnace":1,"minecraft:calcite":2,"minecraft:rose_bush":1,"minecraft:cobblestone":2,"minecraft:tall_grass":1,"minecraft:deepslate_gold_ore":27,"minecraft:oak_planks":2,"minecraft:spruce_stairs":1,"minecraft:birch_log":13,"minecraft:wheat":10,"minecraft:birch_leaves":12,"minecraft:grass":3,"minecraft:coal_ore":60,"minecraft:oak_log":66,"minecraft:gravel":11,"minecraft:dirt":10,"quark:hollow_oak_log":1,"minecraft:smooth_basalt":115,"minecraft:oak_leaves":10,"minecraft:deepslate":69},"minecraft:dropped":{"minecraft:water_bucket":1,"minecraft:iron_sword":2,"minecraft:wheat_seeds":37,"minecraft:golden_helmet":2,"minecraft:cooked_beef":5,"minecraft:oak_log":34,"minecraft:diamond":2,"minecraft:crafting_table":1,"minecraft:cobblestone":1,"minecraft:leather":2,"minecraft:iron_horse_armor":2,"minecraft:acacia_log":18,"minecraft:leather_helmet":3,"minecraft:item_frame":1,"minecraft:stick":20,"minecraft:dirt":20,"minecraft:torch":2,"minecraft:rose_bush":2,"minecraft:zombie_head":2,"minecraft:iron_axe":3,"minecraft:iron_shovel":1,"minecraft:string":1,"minecraft:birch_log":5,"minecraft:bone":38,"minecraft:smooth_basalt":109,"minecraft:gravel":6,"alexsmobs:centipede_leg":1,"minecraft:moss_carpet":1,"minecraft:blackstone":40,"alexsmobs:animal_dictionary":1,"minecraft:cobbled_deepslate":19,"minecraft:tuff":8,"minecraft:birch_sapling":2,"minecraft:chicken":4,"minecraft:rotten_flesh":23,"minecraft:iron_boots":1,"minecraft:leather_chestplate":10,"minecraft:diamond_pickaxe":2,"minecraft:andesite":144,"minecraft:oak_sapling":1,"minecraft:leather_boots":3,"minecraft:golden_leggings":5,"minecraft:acacia_sapling":3,"minecraft:leather_leggings":5,"minecraft:redstone_torch":1,"minecraft:spider_eye":1,"minecraft:arrow":3},"minecraft:broken":{"minecraft:golden_helmet":1},"minecraft:killed":{"minecraft:cave_spider":4,"minecraft:witch":2,"minecraft:spider":3,"quark:toretoise":2,"minecraft:skeleton":9,"minecraft:chicken":1,"alexsmobs:bison":1,"alexsmobs:rocky_roller":1,"minecraft:bat":1,"minecraft:zombie":29,"minecraft:enderman":1},"minecraft:crafted":{"minecraft:oak_planks":200,"minecraft:stone_shovel":1,"ironfurnaces:gold_furnace":1,"minecraft:furnace":8,"ironfurnaces:iron_furnace":3,"minecraft:diamond_shovel":1,"expanded_combat:diamond_broad_sword":1,"minecraft:diamond_helmet":1,"minecraft:diamond_leggings":1,"minecraft:iron_axe":1,"minecraft:stone_pickaxe":1,"minecraft:diamond_boots":1,"minecraft:wheat":117,"minecraft:cooked_beef":1,"ironchest:wood_to_iron_chest_upgrade":2,"minecraft:wooden_shovel":1,"minecraft:diamond_sword":1,"minecraft:diamond_axe":1,"minecraft:crafting_table":7,"minecraft:wooden_pickaxe":1,"minecraft:iron_sword":1,"minecraft:cooked_salmon":14,"minecraft:gold_block":3,"minecraft:birch_planks":32,"minecraft:bread":44,"minecraft:air":0,"minecraft:diamond_pickaxe":2,"minecraft:stick":24,"quark:oak_chest":2,"minecraft:iron_ingot":87,"minecraft:iron_pickaxe":1,"minecraft:gold_ingot":32,"minecraft:diamond_chestplate":1}},"DataVersion":3465}