{"stats":{"minecraft:picked_up":{"minecraft:birch_log":8,"minecraft:leather_chestplate":5,"minecraft:crafting_table":1,"minecraft:wheat":15,"minecraft:cooked_beef":1,"minecraft:golden_pickaxe":1,"minecraft:leather_leggings":5,"minecraft:leather":1,"quark:hollow_oak_log":1,"minecraft:oak_log":1,"minecraft:dirt":3,"minecraft:string":1,"minecraft:lantern":1,"minecraft:moss_carpet":1,"minecraft:item_frame":2,"minecraft:leather_boots":1,"minecraft:experience_bottle":2,"minecraft:wheat_seeds":43,"minecraft:stone_pickaxe":1,"minecraft:cooked_chicken":1,"minecraft:rose_bush":2,"minecraft:birch_sapling":2,"minecraft:acacia_sapling":3,"minecraft:stick":6,"minecraft:raw_iron":12,"minecraft:torch":1,"minecraft:acacia_log":9,"minecraft:spruce_stairs":1,"minecraft:leather_helmet":3,"minecraft:stone_sword":1,"minecraft:rotten_flesh":2,"minecraft:hay_block":13,"minecraft:iron_block":1,"minecraft:emerald":1,"minecraft:coal":6,"minecraft:cobblestone":7},"minecraft:used":{"minecraft:wheat_seeds":7,"minecraft:leather_leggings":1,"minecraft:stone_pickaxe":32,"minecraft:leather_chestplate":1,"minecraft:iron_sword":4,"minecraft:leather_boots":1,"minecraft:golden_apple":1,"minecraft:dirt":3,"minecraft:crafting_table":2,"minecraft:spruce_stairs":1,"quark:hollow_oak_log":1,"minecraft:iron_axe":5,"minecraft:bread":6,"minecraft:leather_helmet":1,"minecraft:golden_helmet":1,"minecraft:golden_leggings":1,"minecraft:item_frame":1,"minecraft:cobblestone":6,"alexsmobs:animal_dictionary":2,"minecraft:cooked_beef":1},"minecraft:custom":{"minecraft:interact_with_smithing_table":1,"minecraft:interact_with_furnace":1,"minecraft:interact_with_crafting_table":2,"minecraft:leave_game":3,"minecraft:time_since_death":18839,"minecraft:sleep_in_bed":1,"minecraft:climb_one_cm":2744,"minecraft:time_since_rest":8425,"minecraft:sprint_one_cm":117111,"minecraft:damage_absorbed":30,"minecraft:damage_taken":327,"minecraft:walk_one_cm":78531,"minecraft:drop":14,"minecraft:damage_dealt":14,"minecraft:fly_one_cm":116223,"minecraft:open_chest":16,"minecraft:crouch_one_cm":4392,"minecraft:play_time":18839,"minecraft:sneak_time":944,"minecraft:walk_under_water_one_cm":915,"minecraft:jump":491,"minecraft:walk_on_water_one_cm":972,"minecraft:total_world_time":18839,"minecraft:fall_one_cm":20200},"minecraft:mined":{"minecraft:crafting_table":1,"minecraft:acacia_log":9,"minecraft:grass_block":2,"minecraft:calcite":2,"minecraft:rose_bush":1,"minecraft:tall_grass":1,"minecraft:cobblestone":2,"minecraft:hay_block":13,"minecraft:spruce_stairs":1,"minecraft:birch_log":8,"minecraft:iron_ore":12,"minecraft:wheat":10,"minecraft:birch_leaves":12,"minecraft:oak_log":1,"minecraft:coal_ore":8,"minecraft:dirt_path":1,"quark:hollow_oak_log":1,"minecraft:smooth_basalt":2,"minecraft:stone":5,"minecraft:iron_block":1,"minecraft:oak_leaves":4},"minecraft:dropped":{"minecraft:moss_carpet":1,"minecraft:birch_sapling":1,"minecraft:leather_helmet":3,"minecraft:leather_chestplate":3,"minecraft:leather_leggings":5,"minecraft:string":1},"minecraft:crafted":{"minecraft:oak_planks":4,"minecraft:crafting_table":2,"minecraft:iron_sword":1,"minecraft:birch_planks":32,"minecraft:bread":36,"minecraft:iron_axe":1,"minecraft:stick":8,"minecraft:iron_ingot":9,"minecraft:iron_pickaxe":1,"minecraft:wheat":117}},"DataVersion":3465}