{"stats":{"minecraft:mined":{"minecraft:large_amethyst_bud":5,"minecraft:spruce_planks":7,"minecraft:white_bed":4,"minecraft:oak_sapling":2,"minecraft:farmland":4,"minecraft:andesite_stairs":4,"minecraft:sculk_vein":92,"minecraft:cobblestone_stairs":6,"minecraft:potted_blue_orchid":2,"minecraft:obsidian":14,"minecraft:carved_pumpkin":1,"minecraft:spruce_trapdoor":9,"minecraft:budding_amethyst":3,"minecraft:acacia_log":9,"minecraft:grass_block":190,"minecraft:yellow_carpet":1,"minecraft:cracked_polished_blackstone_bricks":22,"minecraft:purple_stained_glass_pane":4,"minecraft:crimson_fungus":1,"minecraft:hopper":2,"minecraft:spawner":1,"minecraft:polished_blackstone_bricks":51,"minecraft:magma_block":4,"minecraft:sculk_catalyst":8,"minecraft:glowstone":5,"minecraft:iron_ore":139,"ironfurnaces:gold_furnace":3,"minecraft:barrel":2,"minecraft:sticky_piston":4,"minecraft:fire":22,"minecraft:cobbled_deepslate":20,"minecraft:deepslate_lapis_ore":13,"minecraft:anvil":4,"minecraft:enchanting_table":1,"minecraft:sculk_shrieker":2,"minecraft:dirt_path":4,"minecraft:small_amethyst_bud":2,"minecraft:oak_stairs":4,"minecraft:iron_bars":6,"minecraft:spruce_pressure_plate":3,"minecraft:potted_cornflower":1,"minecraft:white_banner":3,"minecraft:iron_block":2,"minecraft:spruce_slab":1,"minecraft:twisting_vines_plant":1,"minecraft:blackstone":101,"minecraft:medium_amethyst_bud":3,"minecraft:crimson_nylium":2,"minecraft:amethyst_cluster":10,"ironfurnaces:iron_furnace":7,"minecraft:powder_snow":8,"minecraft:torch":12,"minecraft:blast_furnace":4,"minecraft:poppy":1,"minecraft:calcite":35,"minecraft:melon":1,"minecraft:chest":1,"minecraft:glass":2,"minecraft:cobblestone":19,"minecraft:oak_planks":30,"minecraft:wall_torch":50,"minecraft:amethyst_block":19,"minecraft:stone_stairs":10,"minecraft:warped_nylium":12,"minecraft:nether_wart_block":5,"minecraft:birch_log":44,"minecraft:wheat":10,"minecraft:blue_ice":6,"minecraft:tnt":11,"minecraft:stone_brick_stairs":8,"minecraft:grass":130,"quark:birch_chest":8,"minecraft:oak_log":522,"minecraft:oak_fence_gate":2,"minecraft:sand":69,"minecraft:dirt":477,"quark:hollow_oak_log":1,"minecraft:smooth_basalt":138,"minecraft:netherrack":160,"minecraft:stripped_crimson_stem":1,"minecraft:oak_leaves":15,"minecraft:deepslate":193,"minecraft:nether_gold_ore":3,"minecraft:crying_obsidian":1,"minecraft:tuff":23,"minecraft:red_carpet":1,"minecraft:deepslate_diamond_ore":84,"quark:shale":1,"minecraft:candle":2,"minecraft:nether_bricks":2,"minecraft:redstone_wire":1,"minecraft:spruce_leaves":34,"minecraft:potted_bamboo":1,"minecraft:moss_block":1,"minecraft:crimson_stem":7,"minecraft:large_fern":1,"minecraft:hay_block":24,"minecraft:redstone_ore":7,"minecraft:oak_trapdoor":3,"minecraft:furnace":5,"minecraft:carrots":2,"minecraft:snow":1,"minecraft:andesite":511,"minecraft:gold_block":13,"minecraft:bookshelf":3,"minecraft:cobblestone_slab":1,"minecraft:shroomlight":3,"minecraft:deepslate_iron_ore":39,"minecraft:vine":1,"minecraft:lantern":12,"ironchest:iron_chest":2,"minecraft:stone":1178,"minecraft:podzol":1,"minecraft:scaffolding":2,"minecraft:acacia_leaves":1,"minecraft:comparator":1,"quark:oak_chest":3,"minecraft:snow_block":8,"minecraft:brown_carpet":10,"minecraft:soul_torch":4,"minecraft:basalt":52,"minecraft:dandelion":2,"minecraft:red_banner":3,"minecraft:oak_fence":8,"minecraft:crafting_table":11,"minecraft:rose_bush":1,"minecraft:sculk_sensor":44,"minecraft:campfire":5,"minecraft:copper_ore":2,"minecraft:tall_grass":26,"minecraft:deepslate_gold_ore":43,"minecraft:polished_blackstone_brick_stairs":2,"minecraft:sculk":1333,"minecraft:diorite":22,"minecraft:warped_wart_block":7,"minecraft:spruce_stairs":3,"minecraft:birch_planks":19,"minecraft:coarse_dirt":1,"minecraft:redstone_torch":1,"minecraft:cobblestone_wall":3,"minecraft:polished_blackstone_slab":2,"minecraft:birch_leaves":19,"minecraft:spruce_log":27,"minecraft:red_wall_banner":2,"minecraft:coal_ore":281,"minecraft:sunflower":1,"minecraft:gravel":35,"minecraft:cobweb":61,"minecraft:oak_button":4,"minecraft:stone_bricks":9,"minecraft:fern":3},"minecraft:killed_by":{"minecraft:piglin_brute":1},"minecraft:killed":{"minecraft:cave_spider":5,"minecraft:witch":3,"minecraft:spider":18,"minecraft:skeleton":41,"quark:shiba":1,"minecraft:chicken":4,"alexsmobs:straddler":14,"artifacts:mimic":1,"minecraft:magma_cube":113,"minecraft:piglin":12,"minecraft:pig":12,"minecraft:zombie_villager":1,"alexsmobs:stradpole":18,"minecraft:strider":1,"minecraft:creeper":2,"alexsmobs:crimson_mosquito":13,"minecraft:sheep":12,"minecraft:zombie":95,"minecraft:donkey":2,"alexsmobs:terrapin":1,"alexsmobs:fly":2,"minecraft:blaze":9,"minecraft:cow":13,"minecraft:vex":1,"quark:toretoise":3,"minecraft:slime":13,"endermanoverhaul:crimson_forest_enderman":3,"minecraft:phantom":5,"minecraft:horse":2,"alexsmobs:bison":10,"alexsmobs:rocky_roller":2,"minecraft:bat":1,"minecraft:hoglin":1,"minecraft:squid":1,"alexsmobs:crow":3,"minecraft:wither_skeleton":13,"minecraft:enderman":3},"minecraft:crafted":{"minecraft:smooth_stone":1,"minecraft:oak_planks":1064,"minecraft:barrel":47,"quark:birch_chest":3,"minecraft:chain":2,"usefulbackpacks:backpack_small":1,"ironfurnaces:iron_furnace":3,"minecraft:stone":1,"minecraft:cobblestone_stairs":16,"minecraft:diamond_shovel":1,"minecraft:bookshelf":6,"minecraft:cooked_mutton":1,"minecraft:glass":2,"expanded_combat:diamond_flail":1,"expanded_combat:diamond_broad_sword":1,"minecraft:diamond_helmet":2,"minecraft:diamond_leggings":1,"minecraft:oak_button":20,"minecraft:stone_hoe":3,"minecraft:stone_bricks":148,"minecraft:oak_fence":6,"minecraft:emerald":12,"minecraft:oak_slab":156,"minecraft:wooden_shovel":1,"minecraft:cooked_porkchop":1,"minecraft:diamond_axe":1,"minecraft:crafting_table":15,"minecraft:spruce_planks":108,"minecraft:wooden_pickaxe":1,"minecraft:smithing_table":1,"minecraft:gold_block":7,"minecraft:birch_planks":156,"minecraft:campfire":11,"minecraft:stone_brick_stairs":40,"minecraft:spruce_trapdoor":26,"minecraft:diamond_pickaxe":3,"minecraft:stick":1368,"quark:oak_chest":4,"minecraft:iron_ingot":139,"minecraft:iron_pickaxe":1,"minecraft:andesite_stairs":12,"minecraft:gold_ingot":186,"minecraft:shears":1,"minecraft:stone_shovel":1,"minecraft:smooth_stone_slab":6,"ironfurnaces:gold_furnace":1,"minecraft:iron_nugget":81,"minecraft:furnace":16,"minecraft:stone_stairs":20,"minecraft:oak_trapdoor":8,"minecraft:diamond_block":1,"minecraft:flint_and_steel":1,"minecraft:lantern":7,"minecraft:spruce_stairs":16,"minecraft:iron_axe":1,"minecraft:iron_hoe":6,"minecraft:stone_pickaxe":1,"minecraft:diamond_boots":1,"usefulbackpacks:backpack_medium":1,"minecraft:wheat":216,"minecraft:cooked_beef":65,"minecraft:crimson_planks":20,"ironchest:wood_to_iron_chest_upgrade":2,"minecraft:diamond_sword":1,"minecraft:iron_sword":1,"ironfurnaces:upgrade_iron":5,"minecraft:cooked_salmon":14,"minecraft:bread":82,"minecraft:air":0,"ironfurnaces:upgrade_gold":4,"minecraft:oak_fence_gate":3,"minecraft:white_wool":4,"minecraft:oak_stairs":64,"minecraft:armor_stand":1,"minecraft:white_bed":2,"ironfurnaces:upgrade_emerald":1,"ironfurnaces:upgrade_diamond":1,"minecraft:torch":48,"minecraft:diamond_chestplate":1},"minecraft:used":{"minecraft:chest":1,"minecraft:stone":82,"minecraft:iron_sword":214,"minecraft:stripped_crimson_stem":1,"ironchest:iron_chest":2,"minecraft:tuff":17,"minecraft:axolotl_bucket":2,"minecraft:snowball":1,"minecraft:glass":62,"minecraft:grass_block":1,"minecraft:lantern":20,"ironfurnaces:iron_furnace":9,"minecraft:stone_brick_stairs":20,"minecraft:stone_bricks":58,"minecraft:golden_sword":3,"minecraft:magma_block":2,"minecraft:item_frame":2,"minecraft:brown_carpet":12,"minecraft:bow":38,"minecraft:oak_sapling":83,"minecraft:furnace":13,"minecraft:gold_block":1,"minecraft:egg":2,"minecraft:oak_planks":198,"minecraft:stone_pickaxe":153,"minecraft:leather_leggings":1,"minecraft:blackstone":41,"minecraft:ender_pearl":1,"minecraft:leather_chestplate":1,"minecraft:wooden_pickaxe":6,"minecraft:diamond_axe":260,"minecraft:golden_apple":1,"minecraft:blast_furnace":3,"minecraft:crossbow":1,"expanded_combat:diamond_broad_sword":455,"minecraft:shears":12,"minecraft:sticky_piston":4,"quark:hollow_oak_log":1,"spartanweaponry:iron_dagger":39,"minecraft:crying_obsidian":1,"minecraft:melon_slice":3,"minecraft:bread":112,"minecraft:gravel":15,"minecraft:golden_helmet":1,"minecraft:nether_wart_block":3,"minecraft:smithing_table":1,"minecraft:andesite":294,"minecraft:oak_fence":7,"minecraft:cobweb":37,"ironchest:wood_to_iron_chest_upgrade":2,"minecraft:experience_bottle":3,"minecraft:oak_trapdoor":15,"ironfurnaces:gold_furnace":4,"quark:birch_chest":11,"minecraft:armor_stand":1,"minecraft:flint_and_steel":8,"minecraft:stone_shovel":7,"minecraft:redstone":1,"minecraft:spruce_planks":2,"minecraft:cooked_salmon":16,"minecraft:stone_hoe":222,"minecraft:wooden_shovel":7,"minecraft:cooked_chicken":1,"minecraft:netherrack":103,"minecraft:torch":90,"minecraft:dirt":458,"minecraft:anvil":4,"minecraft:spruce_stairs":9,"minecraft:cobblestone_wall":3,"minecraft:stone_stairs":25,"minecraft:oak_fence_gate":5,"minecraft:shroomlight":1,"minecraft:iron_hoe":1252,"minecraft:iron_axe":13,"minecraft:oak_stairs":38,"minecraft:crimson_planks":16,"minecraft:barrel":10,"minecraft:melon_seeds":3,"minecraft:smooth_basalt":102,"minecraft:glowstone":9,"minecraft:basalt":50,"minecraft:cooked_beef":78,"minecraft:cobbled_deepslate":230,"minecraft:calcite":7,"minecraft:wheat_seeds":7,"minecraft:cooked_mutton":5,"minecraft:water_bucket":104,"minecraft:cobblestone_stairs":18,"minecraft:birch_planks":124,"minecraft:baked_potato":6,"minecraft:cobblestone_slab":1,"minecraft:leather_boots":1,"minecraft:polished_blackstone_bricks":49,"minecraft:crafting_table":24,"minecraft:oak_slab":22,"minecraft:white_bed":6,"minecraft:campfire":11,"spartanweaponry:iron_battleaxe":4,"minecraft:oak_log":48,"minecraft:diamond_pickaxe":3201,"minecraft:apple":2,"minecraft:diamond_shovel":847,"minecraft:spruce_pressure_plate":3,"minecraft:cracked_polished_blackstone_bricks":22,"minecraft:iron_pickaxe":73,"expanded_combat:diamond_flail":511,"minecraft:oak_button":10,"minecraft:leather_helmet":1,"minecraft:spruce_trapdoor":23,"minecraft:golden_leggings":1,"minecraft:cobblestone":568,"minecraft:white_banner":3,"minecraft:andesite_stairs":11,"minecraft:red_banner":3,"minecraft:cooked_porkchop":29,"minecraft:bucket":105,"quark:oak_chest":7,"alexsmobs:animal_dictionary":2,"minecraft:candle":1},"minecraft:picked_up":{"minecraft:iron_chestplate":1,"minecraft:wheat":33,"minecraft:anvil":4,"minecraft:flower_pot":4,"quark:hollow_oak_log":1,"minecraft:oak_stairs":5,"minecraft:enchanted_book":2,"minecraft:stone_brick_stairs":37,"minecraft:amethyst_block":1,"minecraft:polished_blackstone_brick_stairs":1,"minecraft:string":111,"minecraft:raw_copper":10,"minecraft:cooked_salmon":53,"minecraft:smooth_stone_slab":5,"minecraft:iron_leggings":1,"minecraft:sticky_piston":4,"minecraft:experience_bottle":6,"minecraft:zombie_head":3,"minecraft:shroomlight":1,"alexsmobs:blood_sac":11,"minecraft:smooth_stone":2,"minecraft:gold_nugget":13,"minecraft:cobbled_deepslate":230,"minecraft:comparator":6,"minecraft:spruce_planks":22,"minecraft:rose_bush":2,"minecraft:redstone_torch":3,"minecraft:cobblestone_slab":1,"minecraft:calcite":26,"minecraft:iron_pickaxe":1,"minecraft:melon_slice":3,"minecraft:furnace":11,"minecraft:spruce_pressure_plate":3,"minecraft:stick":208,"minecraft:oak_fence":19,"minecraft:torch":89,"minecraft:acacia_log":18,"minecraft:spruce_stairs":3,"minecraft:porkchop":29,"minecraft:pointed_dripstone":2,"minecraft:diorite":22,"alexsmobs:centipede_leg":1,"minecraft:brown_carpet":13,"minecraft:stone_sword":6,"quark:clear_shard":59,"minecraft:rotten_flesh":143,"minecraft:iron_block":2,"minecraft:carved_pumpkin":3,"minecraft:blaze_rod":2,"minecraft:obsidian":29,"minecraft:iron_bars":6,"minecraft:snowball":21,"minecraft:cobblestone":1200,"minecraft:birch_log":44,"minecraft:enchanting_table":1,"minecraft:magma_block":3,"minecraft:leather_chestplate":10,"minecraft:feather":2,"minecraft:cooked_beef":70,"spartanweaponry:handle":1,"minecraft:water_bucket":1,"minecraft:cherry_planks":9,"minecraft:andesite":684,"spartanweaponry:iron_battleaxe":1,"minecraft:golden_leggings":2,"minecraft:potato":1,"alexsmobs:bison_fur":8,"minecraft:flint":6,"minecraft:tuff":25,"alexsmobs:rocky_shell":1,"minecraft:lapis_lazuli":64,"minecraft:dirt":993,"minecraft:lantern":14,"minecraft:leather_boots":5,"minecraft:bone":114,"spartanweaponry:iron_greatsword":2,"minecraft:bow":4,"minecraft:wheat_seeds":140,"minecraft:raw_gold":64,"minecraft:bamboo":1,"minecraft:glowstone_dust":12,"minecraft:moss_block":1,"minecraft:stone_hoe":1,"minecraft:oak_planks":671,"ironfurnaces:iron_furnace":7,"minecraft:cooked_porkchop":1,"quark:shale":1,"minecraft:warped_wart_block":2,"minecraft:stripped_crimson_stem":1,"minecraft:polished_blackstone_slab":2,"minecraft:sand":62,"minecraft:grass_block":1,"minecraft:barrel":49,"minecraft:diamond":93,"minecraft:cracked_polished_blackstone_bricks":22,"minecraft:grass":2,"minecraft:oak_leaves":6,"minecraft:bread":85,"minecraft:emerald":3,"alexsmobs:maggot":2,"minecraft:oak_sapling":604,"minecraft:netherrack":319,"minecraft:diamond_pickaxe":8,"minecraft:charcoal":10,"minecraft:crafting_table":11,"minecraft:chicken":5,"minecraft:golden_pickaxe":1,"minecraft:leather_leggings":5,"minecraft:gold_block":20,"usefulbackpacks:backpack_medium":1,"minecraft:cornflower":2,"minecraft:oak_trapdoor":16,"minecraft:moss_carpet":1,"minecraft:stone_stairs":19,"minecraft:iron_axe":4,"minecraft:flint_and_steel":1,"minecraft:item_frame":5,"minecraft:blackstone":91,"minecraft:blue_orchid":2,"minecraft:candle":5,"minecraft:beef":89,"minecraft:andesite_stairs":4,"minecraft:poppy":1,"minecraft:iron_nugget":11,"minecraft:light_gray_wool":1,"minecraft:spruce_slab":1,"minecraft:egg":2,"minecraft:phantom_membrane":1,"minecraft:chest":1,"minecraft:birch_sapling":8,"minecraft:spruce_trapdoor":32,"minecraft:raw_iron":222,"alexsmobs:straddlite":1,"ironchest:iron_chest":2,"minecraft:polished_blackstone_bricks":49,"quark:birch_chest":8,"minecraft:carrot":7,"minecraft:redstone":94,"minecraft:iron_horse_armor":2,"minecraft:tnt":14,"minecraft:arrow":39,"artifacts:cowboy_hat":1,"ironfurnaces:gold_furnace":3,"minecraft:hay_block":24,"minecraft:gold_ingot":54,"minecraft:mutton":15,"minecraft:white_wool":15,"minecraft:rail":20,"minecraft:basalt":50,"minecraft:crimson_stem":5,"minecraft:glow_ink_sac":2,"minecraft:salmon":2,"minecraft:leather":23,"minecraft:birch_planks":32,"minecraft:filled_map":2,"minecraft:crimson_fungus":3,"minecraft:oak_log":713,"minecraft:cobblestone_wall":3,"minecraft:golden_boots":1,"minecraft:nether_wart_block":3,"minecraft:gunpowder":1,"minecraft:cobblestone_stairs":6,"alexsmobs:mosquito_proboscis":2,"minecraft:white_banner":3,"minecraft:red_carpet":6,"minecraft:apple":30,"minecraft:stone_bricks":11,"minecraft:rabbit_hide":18,"minecraft:iron_ingot":50,"minecraft:oak_fence_gate":2,"minecraft:stone_pickaxe":2,"minecraft:cooked_chicken":1,"minecraft:cobweb":17,"minecraft:glass_bottle":2,"minecraft:acacia_sapling":3,"minecraft:iron_sword":3,"minecraft:book":31,"minecraft:scaffolding":2,"minecraft:oak_slab":40,"minecraft:smooth_basalt":222,"minecraft:dandelion":6,"expanded_combat:diamond_flail":1,"minecraft:gravel":40,"minecraft:amethyst_shard":38,"minecraft:red_banner":5,"minecraft:soul_torch":4,"minecraft:spruce_sapling":95,"minecraft:blast_furnace":4,"minecraft:white_bed":4,"minecraft:spruce_log":91,"minecraft:crying_obsidian":1,"quark:oak_chest":3,"minecraft:spider_eye":10,"minecraft:leather_helmet":3,"minecraft:diamond_shovel":1,"minecraft:slime_ball":7,"minecraft:diamond_axe":2,"minecraft:oak_button":63,"minecraft:baked_potato":9,"minecraft:black_wool":1,"minecraft:coal":460,"minecraft:hopper":2,"minecraft:ender_pearl":3},"minecraft:broken":{"minecraft:golden_helmet":1,"minecraft:golden_boots":1,"minecraft:diamond_helmet":1,"minecraft:iron_leggings":1,"minecraft:diamond_boots":1,"minecraft:golden_sword":1,"minecraft:diamond_pickaxe":1,"minecraft:iron_hoe":5,"minecraft:diamond_chestplate":1,"minecraft:diamond_leggings":1,"minecraft:stone_hoe":1},"minecraft:dropped":{"minecraft:iron_sword":2,"minecraft:candle":4,"minecraft:birch_planks":4,"minecraft:diamond_axe":2,"minecraft:cooked_beef":8,"minecraft:oak_log":145,"minecraft:baked_potato":2,"minecraft:glow_ink_sac":2,"minecraft:diamond":5,"minecraft:crafting_table":2,"minecraft:leather":2,"minecraft:iron_horse_armor":2,"minecraft:rail":20,"minecraft:leather_helmet":3,"minecraft:red_carpet":6,"minecraft:item_frame":3,"minecraft:cobblestone_stairs":2,"minecraft:gold_block":4,"minecraft:dirt":468,"minecraft:grass":2,"minecraft:cornflower":1,"minecraft:mutton":10,"minecraft:snout_armor_trim_smithing_template":1,"minecraft:snowball":20,"minecraft:chain":1,"minecraft:gold_nugget":4,"minecraft:phantom_membrane":1,"minecraft:polished_blackstone_slab":2,"minecraft:birch_log":5,"minecraft:white_wool":5,"minecraft:gold_ingot":3,"minecraft:bone":44,"minecraft:gravel":17,"alexsmobs:centipede_leg":1,"minecraft:crimson_fungus":1,"minecraft:blackstone":42,"minecraft:iron_nugget":5,"expanded_combat:diamond_flail":1,"alexsmobs:animal_dictionary":1,"minecraft:cobbled_deepslate":84,"minecraft:wheat":3,"minecraft:birch_sapling":8,"minecraft:obsidian":5,"minecraft:rotten_flesh":104,"minecraft:oak_planks":306,"minecraft:diamond_shovel":1,"minecraft:stone_stairs":10,"quark:shale":1,"minecraft:carrot":7,"minecraft:poppy":1,"minecraft:leather_chestplate":10,"minecraft:gunpowder":1,"minecraft:charcoal":4,"minecraft:leather_boots":3,"minecraft:acacia_sapling":3,"minecraft:leather_leggings":5,"minecraft:arrow":7,"minecraft:beef":5,"minecraft:warped_wart_block":2,"minecraft:scaffolding":2,"minecraft:oak_leaves":4,"minecraft:stone_brick_stairs":30,"minecraft:netherrack":216,"minecraft:enchanting_table":1,"minecraft:water_bucket":1,"minecraft:stone_hoe":1,"minecraft:bread":19,"usefulbackpacks:backpack_medium":1,"minecraft:oak_slab":8,"minecraft:wheat_seeds":92,"minecraft:golden_helmet":2,"minecraft:bookshelf":6,"minecraft:oak_fence":15,"minecraft:feather":2,"minecraft:cobblestone":35,"minecraft:apple":18,"minecraft:amethyst_block":1,"minecraft:acacia_log":18,"minecraft:coal":46,"minecraft:stick":23,"quark:clear_shard":28,"minecraft:diorite":16,"minecraft:torch":5,"minecraft:rose_bush":2,"spartanweaponry:iron_greatsword":1,"minecraft:cherry_planks":1,"minecraft:cooked_salmon":38,"minecraft:zombie_head":2,"minecraft:iron_axe":3,"minecraft:smooth_stone":2,"minecraft:iron_shovel":1,"minecraft:string":14,"minecraft:spruce_sapling":57,"minecraft:dandelion":6,"minecraft:smooth_basalt":119,"minecraft:moss_carpet":1,"alexsmobs:maggot":2,"minecraft:oak_trapdoor":8,"minecraft:stone_sword":4,"minecraft:raw_copper":10,"minecraft:tuff":8,"minecraft:experience_bottle":1,"minecraft:red_banner":2,"minecraft:chicken":4,"minecraft:light_gray_wool":1,"minecraft:iron_hoe":1,"minecraft:iron_boots":1,"minecraft:comparator":2,"minecraft:flint_and_steel":3,"minecraft:blast_furnace":1,"minecraft:filled_map":2,"minecraft:potato":1,"minecraft:oak_button":60,"minecraft:spruce_trapdoor":22,"minecraft:spruce_planks":20,"minecraft:diamond_pickaxe":6,"minecraft:andesite":300,"minecraft:golden_leggings":5,"minecraft:oak_sapling":455,"minecraft:carved_pumpkin":3,"minecraft:redstone_torch":3,"minecraft:stone_bricks":3,"minecraft:spider_eye":6,"minecraft:bamboo":1,"minecraft:brown_carpet":1,"minecraft:spruce_log":48,"minecraft:blue_orchid":2,"minecraft:bow":1,"minecraft:calcite":19,"minecraft:magma_block":1},"minecraft:custom":{"minecraft:interact_with_crafting_table":271,"minecraft:open_barrel":91,"minecraft:leave_game":16,"minecraft:time_since_death":65267,"minecraft:sprint_one_cm":1685425,"minecraft:drop":438,"minecraft:talked_to_villager":28,"minecraft:play_time":639676,"minecraft:deaths":11,"minecraft:jump":11245,"minecraft:walk_on_water_one_cm":82075,"minecraft:interact_with_furnace":299,"minecraft:traded_with_villager":12,"minecraft:interact_with_cartography_table":1,"minecraft:sleep_in_bed":2,"minecraft:damage_dealt":65472,"minecraft:crouch_one_cm":180920,"minecraft:interact_with_smoker":1,"minecraft:horse_one_cm":288868,"minecraft:interact_with_smithing_table":8,"minecraft:interact_with_anvil":21,"minecraft:mob_kills":477,"minecraft:inspect_hopper":2,"minecraft:damage_dealt_resisted":485,"minecraft:climb_one_cm":10321,"minecraft:walk_one_cm":1775785,"minecraft:sneak_time":49499,"minecraft:walk_under_water_one_cm":19920,"minecraft:interact_with_blast_furnace":40,"minecraft:total_world_time":639676,"minecraft:time_since_rest":65306,"minecraft:damage_absorbed":30,"minecraft:damage_taken":19392,"minecraft:swim_one_cm":22576,"minecraft:fly_one_cm":2042684,"minecraft:open_chest":348,"minecraft:fall_one_cm":333977}},"DataVersion":3465}