{"stats":{"minecraft:crafted":{"minecraft:oak_planks":4,"minecraft:crafting_table":1,"minecraft:bread":36,"minecraft:wheat":108},"minecraft:custom":{"minecraft:time_since_rest":9029,"minecraft:interact_with_smithing_table":1,"minecraft:interact_with_furnace":1,"minecraft:sprint_one_cm":28466,"minecraft:damage_taken":227,"minecraft:walk_one_cm":24292,"minecraft:drop":12,"minecraft:damage_dealt":4,"minecraft:interact_with_crafting_table":1,"minecraft:fly_one_cm":17143,"minecraft:open_chest":9,"minecraft:crouch_one_cm":1252,"minecraft:play_time":9029,"minecraft:sneak_time":341,"minecraft:jump":98,"minecraft:leave_game":2,"minecraft:time_since_death":9029,"minecraft:climb_one_cm":1405,"minecraft:total_world_time":9029,"minecraft:fall_one_cm":7103},"minecraft:used":{"minecraft:leather_leggings":1,"minecraft:bread":4,"minecraft:leather_helmet":1,"minecraft:leather_chestplate":1,"minecraft:leather_boots":1,"minecraft:golden_leggings":1,"minecraft:golden_helmet":1,"minecraft:crafting_table":1,"alexsmobs:animal_dictionary":1},"minecraft:mined":{"minecraft:hay_block":13,"minecraft:wheat":2,"minecraft:grass_block":1,"minecraft:oak_log":1,"minecraft:rose_bush":1,"minecraft:tall_grass":1,"minecraft:oak_leaves":4},"minecraft:dropped":{"minecraft:leather_chestplate":3,"minecraft:leather_leggings":5,"minecraft:string":1,"minecraft:leather_helmet":3},"minecraft:picked_up":{"minecraft:wheat":2,"minecraft:leather_chestplate":5,"minecraft:leather_leggings":5,"minecraft:leather":1,"minecraft:torch":1,"minecraft:oak_log":1,"minecraft:leather_helmet":3,"minecraft:string":1,"minecraft:dirt":1,"minecraft:lantern":1,"minecraft:leather_boots":1,"minecraft:experience_bottle":2,"minecraft:wheat_seeds":9,"minecraft:hay_block":13,"minecraft:rose_bush":2}},"DataVersion":3465}