{"stats":{"minecraft:custom":{"minecraft:time_since_rest":2299,"minecraft:sprint_one_cm":33552,"minecraft:play_time":8239,"minecraft:damage_taken":930,"minecraft:deaths":3,"minecraft:walk_one_cm":11422,"minecraft:drop":4,"minecraft:jump":304,"minecraft:damage_dealt":70,"minecraft:leave_game":1,"minecraft:time_since_death":2279,"minecraft:total_world_time":8239,"minecraft:fall_one_cm":7899,"minecraft:fly_one_cm":60417},"minecraft:used":{"minecraft:coarse_dirt":1},"minecraft:mined":{"minecraft:grass":1,"minecraft:grass_block":1,"minecraft:coarse_dirt":1,"minecraft:tall_grass":3},"minecraft:dropped":{"minecraft:wheat_seeds":1,"minecraft:oak_log":1,"minecraft:oak_sapling":2},"minecraft:picked_up":{"minecraft:coarse_dirt":1,"minecraft:stone_slab":1,"minecraft:wheat_seeds":5,"minecraft:oak_log":1,"minecraft:oak_sapling":3,"minecraft:dirt":6,"minecraft:cobblestone":9}},"DataVersion":3465}