{"stats":{"minecraft:crafted":{"minecraft:oak_planks":40,"minecraft:crafting_table":1,"minecraft:spruce_planks":4,"minecraft:stick":12,"minecraft:wooden_pickaxe":1,"minecraft:stone_pickaxe":1,"minecraft:wooden_axe":1,"minecraft:stone_sword":1,"minecraft:furnace":1,"minecraft:birch_planks":20,"minecraft:stone_axe":1},"minecraft:custom":{"minecraft:time_since_rest":10209,"minecraft:interact_with_furnace":2,"minecraft:sprint_one_cm":74005,"minecraft:damage_taken":1400,"minecraft:walk_one_cm":32908,"minecraft:mob_kills":1,"minecraft:drop":9,"minecraft:damage_dealt":145,"minecraft:interact_with_crafting_table":13,"minecraft:fly_one_cm":127888,"minecraft:crouch_one_cm":5481,"minecraft:play_time":20239,"minecraft:deaths":4,"minecraft:sneak_time":1904,"minecraft:jump":616,"minecraft:leave_game":1,"minecraft:time_since_death":10185,"minecraft:walk_on_water_one_cm":390,"minecraft:total_world_time":20239,"minecraft:fall_one_cm":18053},"minecraft:killed_by":{"minecraft:player":1},"minecraft:used":{"minecraft:stone_pickaxe":39,"minecraft:birch_sapling":3,"minecraft:oak_planks":35,"minecraft:white_terracotta":1,"minecraft:wooden_pickaxe":7,"minecraft:stone_axe":12,"minecraft:sweet_berries":20,"minecraft:crafting_table":2,"minecraft:furnace":1,"minecraft:coarse_dirt":1},"minecraft:mined":{"minecraft:white_terracotta":1,"minecraft:coarse_dirt":1,"minecraft:furnace":1,"minecraft:birch_log":5,"minecraft:spruce_log":1,"minecraft:birch_leaves":4,"minecraft:crafting_table":2,"minecraft:grass":6,"minecraft:coal_ore":20,"minecraft:grass_block":1,"minecraft:oak_log":10,"minecraft:tall_grass":3,"minecraft:stone":24,"minecraft:oak_planks":1,"minecraft:fern":1},"minecraft:dropped":{"alexsmobs:maggot":1,"minecraft:wheat_seeds":1,"alexsmobs:gazelle_horn":2,"minecraft:oak_log":1,"minecraft:birch_sapling":2,"minecraft:oak_sapling":2},"minecraft:picked_up":{"minecraft:birch_log":5,"minecraft:crafting_table":2,"minecraft:stick":2,"minecraft:coarse_dirt":1,"minecraft:sweet_berries":17,"minecraft:stone_slab":1,"minecraft:oak_log":11,"minecraft:spruce_log":1,"alexsmobs:gazelle_horn":2,"minecraft:dirt":6,"minecraft:wheat_seeds":5,"minecraft:white_terracotta":1,"alexsmobs:maggot":1,"minecraft:oak_sapling":3,"minecraft:birch_sapling":5,"minecraft:oak_planks":1,"minecraft:coal":20,"minecraft:cobblestone":33,"minecraft:furnace":1},"minecraft:killed":{"alexsmobs:fly":1}},"DataVersion":3465}