{"stats":{"minecraft:mined":{"minecraft:large_amethyst_bud":4,"minecraft:white_bed":4,"minecraft:spruce_planks":7,"minecraft:oak_sapling":2,"minecraft:andesite_stairs":4,"minecraft:sculk_vein":2,"minecraft:cobblestone_stairs":6,"minecraft:potted_blue_orchid":2,"minecraft:carved_pumpkin":1,"minecraft:obsidian":14,"minecraft:spruce_trapdoor":9,"minecraft:budding_amethyst":3,"minecraft:acacia_log":9,"minecraft:grass_block":89,"minecraft:yellow_carpet":1,"minecraft:hopper":2,"minecraft:magma_block":1,"minecraft:sculk_catalyst":1,"ironfurnaces:gold_furnace":3,"minecraft:iron_ore":117,"minecraft:cobbled_deepslate":3,"minecraft:fire":11,"minecraft:barrel":1,"minecraft:anvil":1,"minecraft:small_amethyst_bud":2,"minecraft:dirt_path":4,"minecraft:oak_stairs":4,"minecraft:iron_bars":4,"minecraft:spruce_pressure_plate":3,"minecraft:potted_cornflower":1,"minecraft:white_banner":3,"minecraft:iron_block":2,"minecraft:spruce_slab":1,"minecraft:blackstone":68,"minecraft:medium_amethyst_bud":2,"minecraft:amethyst_cluster":4,"minecraft:powder_snow":8,"ironfurnaces:iron_furnace":7,"minecraft:torch":4,"minecraft:blast_furnace":4,"minecraft:calcite":28,"minecraft:chest":1,"minecraft:cobblestone":11,"minecraft:oak_planks":7,"minecraft:wall_torch":20,"minecraft:amethyst_block":12,"minecraft:stone_stairs":9,"minecraft:birch_log":13,"minecraft:wheat":10,"minecraft:tnt":11,"minecraft:stone_brick_stairs":8,"minecraft:grass":54,"minecraft:oak_log":336,"minecraft:oak_fence_gate":2,"minecraft:dirt":360,"quark:hollow_oak_log":1,"minecraft:smooth_basalt":124,"minecraft:oak_leaves":11,"minecraft:deepslate":125,"minecraft:tuff":12,"minecraft:deepslate_diamond_ore":44,"minecraft:candle":1,"minecraft:spruce_leaves":34,"minecraft:potted_bamboo":1,"minecraft:moss_block":1,"minecraft:large_fern":1,"minecraft:hay_block":24,"minecraft:redstone_ore":7,"minecraft:oak_trapdoor":3,"minecraft:furnace":3,"minecraft:andesite":476,"minecraft:bookshelf":1,"minecraft:deepslate_iron_ore":25,"minecraft:lantern":12,"ironchest:iron_chest":2,"minecraft:stone":900,"minecraft:acacia_leaves":1,"minecraft:scaffolding":2,"minecraft:comparator":1,"quark:oak_chest":3,"minecraft:snow_block":7,"minecraft:brown_carpet":10,"minecraft:red_banner":3,"minecraft:oak_fence":8,"minecraft:crafting_table":11,"minecraft:rose_bush":1,"minecraft:campfire":5,"minecraft:tall_grass":24,"minecraft:deepslate_gold_ore":29,"minecraft:sculk":69,"minecraft:diorite":22,"minecraft:spruce_stairs":3,"minecraft:coarse_dirt":1,"minecraft:cobblestone_wall":3,"minecraft:spruce_log":27,"minecraft:birch_leaves":19,"minecraft:red_wall_banner":2,"minecraft:coal_ore":230,"minecraft:sunflower":1,"minecraft:gravel":17,"minecraft:cobweb":23,"minecraft:oak_button":4,"minecraft:stone_bricks":9,"minecraft:fern":3},"minecraft:killed":{"minecraft:cave_spider":4,"minecraft:witch":2,"minecraft:spider":11,"minecraft:skeleton":19,"quark:shiba":1,"minecraft:chicken":4,"minecraft:pig":12,"minecraft:creeper":1,"minecraft:sheep":12,"minecraft:donkey":2,"minecraft:zombie":61,"alexsmobs:fly":2,"minecraft:cow":13,"quark:toretoise":2,"minecraft:phantom":3,"minecraft:horse":2,"alexsmobs:bison":10,"alexsmobs:rocky_roller":1,"minecraft:bat":1,"minecraft:squid":1,"alexsmobs:crow":3,"minecraft:enderman":1},"minecraft:crafted":{"minecraft:smooth_stone":1,"minecraft:oak_planks":944,"minecraft:barrel":47,"usefulbackpacks:backpack_small":1,"ironfurnaces:iron_furnace":3,"minecraft:stone":0,"minecraft:cobblestone_stairs":16,"minecraft:diamond_shovel":1,"minecraft:cooked_mutton":1,"expanded_combat:diamond_broad_sword":1,"minecraft:diamond_helmet":1,"minecraft:diamond_leggings":1,"minecraft:oak_button":20,"minecraft:stone_bricks":148,"minecraft:oak_fence":6,"minecraft:oak_slab":156,"minecraft:wooden_shovel":1,"minecraft:cooked_porkchop":0,"minecraft:diamond_axe":1,"minecraft:crafting_table":13,"minecraft:spruce_planks":108,"minecraft:wooden_pickaxe":1,"minecraft:gold_block":3,"minecraft:birch_planks":32,"minecraft:campfire":11,"minecraft:stone_brick_stairs":40,"minecraft:spruce_trapdoor":26,"minecraft:diamond_pickaxe":2,"minecraft:stick":96,"quark:oak_chest":4,"minecraft:iron_ingot":97,"minecraft:iron_pickaxe":1,"minecraft:andesite_stairs":12,"minecraft:gold_ingot":50,"minecraft:shears":1,"minecraft:stone_shovel":1,"minecraft:smooth_stone_slab":6,"ironfurnaces:gold_furnace":1,"minecraft:iron_nugget":36,"minecraft:furnace":8,"minecraft:oak_trapdoor":8,"minecraft:stone_stairs":20,"minecraft:flint_and_steel":1,"minecraft:lantern":3,"minecraft:spruce_stairs":16,"minecraft:iron_axe":1,"minecraft:stone_pickaxe":1,"minecraft:diamond_boots":1,"usefulbackpacks:backpack_medium":1,"minecraft:wheat":216,"minecraft:cooked_beef":1,"ironchest:wood_to_iron_chest_upgrade":2,"minecraft:diamond_sword":1,"minecraft:iron_sword":1,"minecraft:cooked_salmon":14,"minecraft:bread":82,"minecraft:air":0,"minecraft:oak_fence_gate":3,"minecraft:white_wool":4,"minecraft:oak_stairs":64,"minecraft:armor_stand":1,"minecraft:white_bed":2,"minecraft:torch":44,"minecraft:diamond_chestplate":1},"minecraft:used":{"minecraft:chest":1,"minecraft:stone":81,"minecraft:iron_sword":214,"ironchest:iron_chest":2,"minecraft:axolotl_bucket":2,"minecraft:lantern":16,"minecraft:stone_brick_stairs":19,"minecraft:stone_bricks":58,"minecraft:item_frame":1,"ironfurnaces:iron_furnace":9,"minecraft:magma_block":1,"minecraft:brown_carpet":12,"minecraft:bow":4,"minecraft:oak_sapling":2,"minecraft:furnace":3,"minecraft:egg":2,"minecraft:leather_leggings":1,"minecraft:oak_planks":67,"minecraft:stone_pickaxe":153,"minecraft:blackstone":28,"minecraft:ender_pearl":1,"minecraft:wooden_pickaxe":6,"minecraft:leather_chestplate":1,"minecraft:diamond_axe":154,"minecraft:golden_apple":1,"minecraft:blast_furnace":3,"expanded_combat:diamond_broad_sword":320,"quark:hollow_oak_log":1,"spartanweaponry:iron_dagger":39,"minecraft:bread":69,"minecraft:gravel":2,"minecraft:golden_helmet":1,"minecraft:andesite":190,"ironchest:wood_to_iron_chest_upgrade":2,"minecraft:oak_fence":7,"minecraft:oak_trapdoor":15,"ironfurnaces:gold_furnace":4,"minecraft:flint_and_steel":3,"minecraft:armor_stand":1,"minecraft:stone_shovel":7,"minecraft:spruce_planks":2,"minecraft:wooden_shovel":7,"minecraft:cooked_salmon":16,"minecraft:cooked_chicken":1,"minecraft:torch":36,"minecraft:dirt":212,"minecraft:spruce_stairs":9,"minecraft:cobblestone_wall":3,"minecraft:stone_stairs":25,"minecraft:oak_fence_gate":5,"minecraft:iron_axe":13,"minecraft:oak_stairs":38,"minecraft:barrel":9,"minecraft:smooth_basalt":87,"minecraft:cooked_beef":10,"minecraft:cobbled_deepslate":86,"minecraft:calcite":7,"minecraft:wheat_seeds":7,"minecraft:cooked_mutton":5,"minecraft:water_bucket":103,"minecraft:cobblestone_stairs":18,"minecraft:birch_planks":24,"minecraft:leather_boots":1,"minecraft:oak_slab":22,"minecraft:crafting_table":22,"minecraft:white_bed":6,"minecraft:campfire":11,"spartanweaponry:iron_battleaxe":4,"minecraft:oak_log":47,"minecraft:diamond_pickaxe":2170,"minecraft:apple":2,"minecraft:diamond_shovel":484,"minecraft:oak_button":10,"minecraft:spruce_pressure_plate":3,"minecraft:iron_pickaxe":73,"minecraft:leather_helmet":1,"minecraft:spruce_trapdoor":23,"minecraft:golden_leggings":1,"minecraft:cobblestone":293,"minecraft:white_banner":3,"minecraft:cooked_porkchop":1,"minecraft:andesite_stairs":11,"minecraft:red_banner":3,"minecraft:bucket":105,"quark:oak_chest":7,"alexsmobs:animal_dictionary":2,"minecraft:candle":1},"minecraft:picked_up":{"minecraft:wheat":33,"minecraft:flower_pot":4,"minecraft:anvil":1,"quark:hollow_oak_log":1,"minecraft:oak_stairs":5,"minecraft:stone_brick_stairs":36,"minecraft:amethyst_block":1,"minecraft:string":60,"minecraft:cooked_salmon":53,"minecraft:smooth_stone_slab":5,"minecraft:experience_bottle":6,"minecraft:zombie_head":3,"minecraft:cobbled_deepslate":112,"minecraft:smooth_stone":1,"minecraft:comparator":6,"minecraft:spruce_planks":22,"minecraft:rose_bush":2,"minecraft:redstone_torch":1,"minecraft:calcite":26,"minecraft:iron_pickaxe":1,"minecraft:furnace":9,"minecraft:spruce_pressure_plate":3,"minecraft:stick":113,"minecraft:oak_fence":19,"minecraft:torch":37,"minecraft:acacia_log":18,"minecraft:spruce_stairs":3,"minecraft:porkchop":24,"minecraft:diorite":22,"alexsmobs:centipede_leg":1,"minecraft:brown_carpet":13,"minecraft:stone_sword":1,"minecraft:rotten_flesh":112,"minecraft:iron_block":2,"minecraft:carved_pumpkin":3,"minecraft:obsidian":29,"minecraft:iron_bars":4,"minecraft:cobblestone":879,"minecraft:birch_log":13,"minecraft:magma_block":1,"minecraft:leather_chestplate":10,"minecraft:feather":2,"minecraft:cooked_beef":10,"minecraft:water_bucket":1,"minecraft:andesite":571,"spartanweaponry:iron_battleaxe":1,"minecraft:golden_leggings":2,"alexsmobs:bison_fur":8,"minecraft:flint":4,"minecraft:tuff":14,"minecraft:dirt":732,"minecraft:lantern":14,"minecraft:leather_boots":5,"minecraft:bone":83,"minecraft:bow":1,"minecraft:wheat_seeds":120,"minecraft:raw_gold":45,"minecraft:bamboo":1,"minecraft:moss_block":1,"minecraft:oak_planks":574,"ironfurnaces:iron_furnace":7,"minecraft:barrel":48,"minecraft:diamond":43,"minecraft:emerald":3,"minecraft:bread":42,"alexsmobs:maggot":2,"minecraft:oak_sapling":519,"minecraft:diamond_pickaxe":5,"minecraft:charcoal":10,"minecraft:crafting_table":11,"minecraft:chicken":5,"minecraft:golden_pickaxe":1,"minecraft:leather_leggings":5,"minecraft:gold_block":6,"minecraft:cornflower":2,"minecraft:oak_trapdoor":16,"minecraft:stone_stairs":17,"minecraft:moss_carpet":1,"minecraft:iron_axe":4,"minecraft:flint_and_steel":1,"minecraft:item_frame":4,"minecraft:blackstone":68,"minecraft:blue_orchid":2,"minecraft:candle":1,"minecraft:beef":89,"minecraft:andesite_stairs":4,"minecraft:light_gray_wool":1,"minecraft:iron_nugget":4,"minecraft:spruce_slab":1,"minecraft:chest":1,"minecraft:birch_sapling":2,"minecraft:spruce_trapdoor":30,"minecraft:egg":2,"minecraft:raw_iron":168,"ironchest:iron_chest":2,"minecraft:redstone":93,"minecraft:iron_horse_armor":2,"minecraft:tnt":14,"minecraft:arrow":18,"ironfurnaces:gold_furnace":3,"minecraft:hay_block":24,"minecraft:mutton":15,"minecraft:white_wool":15,"minecraft:salmon":2,"minecraft:leather":21,"minecraft:oak_log":526,"minecraft:cobblestone_wall":3,"minecraft:gunpowder":1,"minecraft:cobblestone_stairs":6,"minecraft:white_banner":3,"minecraft:apple":25,"minecraft:stone_bricks":10,"minecraft:rabbit_hide":18,"minecraft:oak_fence_gate":2,"minecraft:iron_ingot":35,"minecraft:stone_pickaxe":2,"minecraft:cooked_chicken":1,"minecraft:cobweb":10,"minecraft:glass_bottle":2,"minecraft:iron_sword":3,"minecraft:acacia_sapling":3,"minecraft:book":5,"minecraft:scaffolding":2,"minecraft:oak_slab":40,"minecraft:smooth_basalt":197,"minecraft:gravel":21,"minecraft:amethyst_shard":14,"minecraft:blast_furnace":4,"minecraft:spruce_sapling":95,"minecraft:red_banner":5,"minecraft:white_bed":4,"minecraft:spruce_log":91,"quark:oak_chest":3,"minecraft:spider_eye":3,"minecraft:leather_helmet":3,"minecraft:oak_button":63,"minecraft:baked_potato":3,"minecraft:black_wool":1,"minecraft:coal":392,"minecraft:hopper":2,"minecraft:ender_pearl":2},"minecraft:broken":{"minecraft:golden_helmet":1},"minecraft:dropped":{"minecraft:iron_sword":2,"minecraft:cooked_beef":5,"minecraft:oak_log":134,"minecraft:baked_potato":2,"minecraft:diamond":2,"minecraft:crafting_table":2,"minecraft:leather":2,"minecraft:iron_horse_armor":2,"minecraft:leather_helmet":3,"minecraft:item_frame":3,"minecraft:cobblestone_stairs":2,"minecraft:gold_block":4,"minecraft:dirt":439,"minecraft:cornflower":1,"minecraft:mutton":10,"minecraft:white_wool":5,"minecraft:birch_log":5,"minecraft:bone":39,"minecraft:gravel":11,"alexsmobs:centipede_leg":1,"minecraft:blackstone":40,"minecraft:iron_nugget":2,"alexsmobs:animal_dictionary":1,"minecraft:cobbled_deepslate":19,"minecraft:wheat":3,"minecraft:birch_sapling":2,"minecraft:obsidian":1,"minecraft:rotten_flesh":100,"minecraft:oak_planks":239,"minecraft:stone_stairs":8,"minecraft:leather_chestplate":10,"minecraft:gunpowder":1,"minecraft:charcoal":4,"minecraft:leather_boots":3,"minecraft:acacia_sapling":3,"minecraft:leather_leggings":5,"minecraft:arrow":7,"minecraft:beef":5,"minecraft:scaffolding":2,"minecraft:stone_brick_stairs":30,"minecraft:water_bucket":1,"minecraft:bread":19,"minecraft:oak_slab":8,"minecraft:wheat_seeds":87,"minecraft:golden_helmet":2,"minecraft:feather":2,"minecraft:oak_fence":15,"minecraft:cobblestone":26,"minecraft:amethyst_block":1,"minecraft:apple":18,"minecraft:acacia_log":18,"minecraft:coal":46,"minecraft:stick":23,"minecraft:torch":5,"minecraft:rose_bush":2,"minecraft:cooked_salmon":38,"minecraft:zombie_head":2,"minecraft:iron_axe":3,"minecraft:smooth_stone":1,"minecraft:iron_shovel":1,"minecraft:string":1,"minecraft:spruce_sapling":57,"minecraft:smooth_basalt":109,"minecraft:moss_carpet":1,"alexsmobs:maggot":2,"minecraft:oak_trapdoor":8,"minecraft:tuff":8,"minecraft:experience_bottle":1,"minecraft:red_banner":2,"minecraft:chicken":4,"minecraft:light_gray_wool":1,"minecraft:iron_boots":1,"minecraft:comparator":2,"minecraft:flint_and_steel":2,"minecraft:blast_furnace":1,"minecraft:oak_button":60,"minecraft:spruce_trapdoor":20,"minecraft:spruce_planks":20,"minecraft:diamond_pickaxe":4,"minecraft:andesite":174,"minecraft:golden_leggings":5,"minecraft:oak_sapling":451,"minecraft:carved_pumpkin":3,"minecraft:redstone_torch":1,"minecraft:spider_eye":2,"minecraft:stone_bricks":2,"minecraft:bamboo":1,"minecraft:brown_carpet":1,"minecraft:spruce_log":48,"minecraft:blue_orchid":2},"minecraft:custom":{"minecraft:interact_with_crafting_table":162,"minecraft:open_barrel":12,"minecraft:leave_game":8,"minecraft:time_since_death":54928,"minecraft:sprint_one_cm":943170,"minecraft:drop":294,"minecraft:talked_to_villager":12,"minecraft:play_time":327876,"minecraft:deaths":2,"minecraft:jump":6075,"minecraft:walk_on_water_one_cm":44346,"minecraft:interact_with_furnace":116,"minecraft:sleep_in_bed":2,"minecraft:damage_dealt":31487,"minecraft:crouch_one_cm":96074,"minecraft:horse_one_cm":288868,"minecraft:interact_with_smithing_table":5,"minecraft:mob_kills":176,"minecraft:climb_one_cm":6141,"minecraft:walk_one_cm":991778,"minecraft:sneak_time":28596,"minecraft:walk_under_water_one_cm":6478,"minecraft:interact_with_blast_furnace":38,"minecraft:total_world_time":327876,"minecraft:time_since_rest":54951,"minecraft:damage_taken":5113,"minecraft:damage_absorbed":30,"minecraft:swim_one_cm":11011,"minecraft:fly_one_cm":1162871,"minecraft:open_chest":213,"minecraft:fall_one_cm":156862}},"DataVersion":3465}