{"stats":{"minecraft:mined":{"minecraft:large_amethyst_bud":5,"minecraft:spruce_planks":7,"minecraft:white_bed":4,"minecraft:oak_sapling":2,"minecraft:farmland":4,"minecraft:andesite_stairs":4,"minecraft:sculk_vein":92,"minecraft:cobblestone_stairs":6,"minecraft:potted_blue_orchid":2,"minecraft:obsidian":14,"minecraft:carved_pumpkin":1,"minecraft:spruce_trapdoor":9,"minecraft:budding_amethyst":3,"minecraft:acacia_log":9,"minecraft:grass_block":174,"minecraft:yellow_carpet":1,"minecraft:hopper":2,"minecraft:magma_block":1,"minecraft:sculk_catalyst":8,"ironfurnaces:gold_furnace":3,"minecraft:iron_ore":123,"minecraft:barrel":1,"minecraft:cobbled_deepslate":5,"minecraft:fire":17,"minecraft:anvil":1,"minecraft:enchanting_table":1,"minecraft:sculk_shrieker":2,"minecraft:dirt_path":4,"minecraft:small_amethyst_bud":2,"minecraft:oak_stairs":4,"minecraft:iron_bars":4,"minecraft:spruce_pressure_plate":3,"minecraft:potted_cornflower":1,"minecraft:white_banner":3,"minecraft:iron_block":2,"minecraft:spruce_slab":1,"minecraft:blackstone":71,"minecraft:medium_amethyst_bud":3,"minecraft:amethyst_cluster":10,"ironfurnaces:iron_furnace":7,"minecraft:powder_snow":8,"minecraft:torch":10,"minecraft:blast_furnace":4,"minecraft:calcite":35,"minecraft:melon":1,"minecraft:chest":1,"minecraft:glass":2,"minecraft:cobblestone":16,"minecraft:oak_planks":30,"minecraft:wall_torch":36,"minecraft:amethyst_block":19,"minecraft:stone_stairs":10,"minecraft:birch_log":34,"minecraft:wheat":10,"minecraft:tnt":11,"minecraft:stone_brick_stairs":8,"minecraft:grass":112,"quark:birch_chest":8,"minecraft:oak_log":349,"minecraft:oak_fence_gate":2,"minecraft:sand":69,"minecraft:dirt":466,"quark:hollow_oak_log":1,"minecraft:smooth_basalt":131,"minecraft:oak_leaves":11,"minecraft:deepslate":176,"minecraft:tuff":21,"minecraft:deepslate_diamond_ore":50,"quark:shale":1,"minecraft:candle":1,"minecraft:spruce_leaves":34,"minecraft:potted_bamboo":1,"minecraft:moss_block":1,"minecraft:large_fern":1,"minecraft:hay_block":24,"minecraft:redstone_ore":7,"minecraft:oak_trapdoor":3,"minecraft:furnace":5,"minecraft:carrots":2,"minecraft:snow":1,"minecraft:andesite":499,"minecraft:bookshelf":3,"minecraft:deepslate_iron_ore":39,"minecraft:lantern":12,"ironchest:iron_chest":2,"minecraft:stone":1146,"minecraft:podzol":1,"minecraft:acacia_leaves":1,"minecraft:scaffolding":2,"minecraft:comparator":1,"quark:oak_chest":3,"minecraft:snow_block":8,"minecraft:brown_carpet":10,"minecraft:dandelion":1,"minecraft:red_banner":3,"minecraft:oak_fence":8,"minecraft:crafting_table":11,"minecraft:rose_bush":1,"minecraft:sculk_sensor":44,"minecraft:campfire":5,"minecraft:copper_ore":2,"minecraft:tall_grass":26,"minecraft:deepslate_gold_ore":41,"minecraft:sculk":1333,"minecraft:diorite":22,"minecraft:spruce_stairs":3,"minecraft:birch_planks":18,"minecraft:coarse_dirt":1,"minecraft:cobblestone_wall":3,"minecraft:birch_leaves":19,"minecraft:spruce_log":27,"minecraft:red_wall_banner":2,"minecraft:coal_ore":240,"minecraft:sunflower":1,"minecraft:gravel":17,"minecraft:cobweb":24,"minecraft:oak_button":4,"minecraft:stone_bricks":9,"minecraft:fern":3},"minecraft:killed":{"minecraft:cave_spider":4,"minecraft:witch":2,"minecraft:spider":13,"minecraft:skeleton":28,"quark:shiba":1,"minecraft:chicken":4,"artifacts:mimic":1,"minecraft:pig":12,"minecraft:zombie_villager":1,"minecraft:creeper":2,"minecraft:sheep":12,"minecraft:donkey":2,"minecraft:zombie":84,"alexsmobs:terrapin":1,"alexsmobs:fly":2,"minecraft:cow":13,"quark:toretoise":2,"minecraft:slime":13,"minecraft:phantom":5,"minecraft:horse":2,"alexsmobs:bison":10,"alexsmobs:rocky_roller":1,"minecraft:bat":1,"minecraft:squid":1,"alexsmobs:crow":3,"minecraft:enderman":2},"minecraft:crafted":{"minecraft:smooth_stone":1,"minecraft:oak_planks":984,"minecraft:barrel":47,"quark:birch_chest":3,"minecraft:chain":1,"usefulbackpacks:backpack_small":1,"ironfurnaces:iron_furnace":3,"minecraft:stone":1,"minecraft:cobblestone_stairs":16,"minecraft:diamond_shovel":1,"minecraft:bookshelf":6,"minecraft:cooked_mutton":1,"minecraft:glass":0,"expanded_combat:diamond_broad_sword":1,"minecraft:diamond_helmet":1,"minecraft:diamond_leggings":1,"minecraft:oak_button":20,"minecraft:stone_hoe":3,"minecraft:stone_bricks":148,"minecraft:oak_fence":6,"minecraft:oak_slab":156,"minecraft:wooden_shovel":1,"minecraft:cooked_porkchop":0,"minecraft:diamond_axe":1,"minecraft:crafting_table":14,"minecraft:spruce_planks":108,"minecraft:wooden_pickaxe":1,"minecraft:gold_block":3,"minecraft:birch_planks":116,"minecraft:campfire":11,"minecraft:stone_brick_stairs":40,"minecraft:spruce_trapdoor":26,"minecraft:diamond_pickaxe":2,"minecraft:stick":116,"quark:oak_chest":4,"minecraft:iron_ingot":101,"minecraft:iron_pickaxe":1,"minecraft:andesite_stairs":12,"minecraft:gold_ingot":50,"minecraft:shears":1,"minecraft:stone_shovel":1,"minecraft:smooth_stone_slab":6,"ironfurnaces:gold_furnace":1,"minecraft:iron_nugget":72,"minecraft:furnace":13,"minecraft:oak_trapdoor":8,"minecraft:stone_stairs":20,"minecraft:flint_and_steel":1,"minecraft:lantern":7,"minecraft:spruce_stairs":16,"minecraft:iron_axe":1,"minecraft:iron_hoe":6,"minecraft:stone_pickaxe":1,"minecraft:diamond_boots":1,"usefulbackpacks:backpack_medium":1,"minecraft:wheat":216,"minecraft:cooked_beef":65,"ironchest:wood_to_iron_chest_upgrade":2,"minecraft:diamond_sword":1,"minecraft:iron_sword":1,"minecraft:cooked_salmon":14,"minecraft:bread":82,"minecraft:air":0,"minecraft:oak_fence_gate":3,"minecraft:white_wool":4,"minecraft:oak_stairs":64,"minecraft:armor_stand":1,"minecraft:white_bed":2,"minecraft:torch":44,"minecraft:diamond_chestplate":1},"minecraft:used":{"minecraft:chest":1,"minecraft:stone":82,"minecraft:iron_sword":214,"ironchest:iron_chest":2,"minecraft:tuff":1,"minecraft:axolotl_bucket":2,"minecraft:glass":62,"minecraft:lantern":20,"minecraft:grass_block":1,"minecraft:stone_brick_stairs":20,"minecraft:stone_bricks":58,"minecraft:item_frame":2,"ironfurnaces:iron_furnace":9,"minecraft:magma_block":1,"minecraft:brown_carpet":12,"minecraft:bow":4,"minecraft:oak_sapling":2,"minecraft:furnace":10,"minecraft:egg":2,"minecraft:leather_leggings":1,"minecraft:oak_planks":198,"minecraft:stone_pickaxe":153,"minecraft:blackstone":28,"minecraft:ender_pearl":1,"minecraft:wooden_pickaxe":6,"minecraft:leather_chestplate":1,"minecraft:diamond_axe":244,"minecraft:golden_apple":1,"minecraft:blast_furnace":3,"expanded_combat:diamond_broad_sword":450,"quark:hollow_oak_log":1,"spartanweaponry:iron_dagger":39,"minecraft:melon_slice":3,"minecraft:bread":69,"minecraft:gravel":2,"minecraft:golden_helmet":1,"minecraft:andesite":294,"minecraft:experience_bottle":3,"ironchest:wood_to_iron_chest_upgrade":2,"minecraft:oak_fence":7,"minecraft:oak_trapdoor":15,"ironfurnaces:gold_furnace":4,"quark:birch_chest":11,"minecraft:flint_and_steel":8,"minecraft:armor_stand":1,"minecraft:stone_shovel":7,"minecraft:spruce_planks":2,"minecraft:cooked_salmon":16,"minecraft:wooden_shovel":7,"minecraft:cooked_chicken":1,"minecraft:stone_hoe":202,"minecraft:torch":56,"minecraft:dirt":439,"minecraft:spruce_stairs":9,"minecraft:cobblestone_wall":3,"minecraft:stone_stairs":25,"minecraft:oak_fence_gate":5,"minecraft:iron_hoe":1252,"minecraft:iron_axe":13,"minecraft:oak_stairs":38,"minecraft:melon_seeds":3,"minecraft:barrel":9,"minecraft:smooth_basalt":87,"minecraft:cooked_beef":38,"minecraft:cobbled_deepslate":194,"minecraft:calcite":7,"minecraft:wheat_seeds":7,"minecraft:cooked_mutton":5,"minecraft:water_bucket":104,"minecraft:cobblestone_stairs":18,"minecraft:birch_planks":104,"minecraft:leather_boots":1,"minecraft:oak_slab":22,"minecraft:crafting_table":23,"minecraft:white_bed":6,"minecraft:campfire":11,"spartanweaponry:iron_battleaxe":4,"minecraft:oak_log":48,"minecraft:diamond_pickaxe":2614,"minecraft:apple":2,"minecraft:diamond_shovel":799,"minecraft:spruce_pressure_plate":3,"minecraft:oak_button":10,"minecraft:iron_pickaxe":73,"minecraft:leather_helmet":1,"minecraft:spruce_trapdoor":23,"minecraft:golden_leggings":1,"minecraft:cobblestone":538,"minecraft:white_banner":3,"minecraft:cooked_porkchop":1,"minecraft:andesite_stairs":11,"minecraft:red_banner":3,"minecraft:bucket":105,"quark:oak_chest":7,"alexsmobs:animal_dictionary":2,"minecraft:candle":1},"minecraft:picked_up":{"minecraft:wheat":33,"minecraft:flower_pot":4,"minecraft:anvil":1,"quark:hollow_oak_log":1,"minecraft:oak_stairs":5,"minecraft:enchanted_book":2,"minecraft:stone_brick_stairs":37,"minecraft:amethyst_block":1,"minecraft:string":62,"minecraft:raw_copper":10,"minecraft:cooked_salmon":53,"minecraft:smooth_stone_slab":5,"minecraft:experience_bottle":6,"minecraft:zombie_head":3,"minecraft:smooth_stone":2,"minecraft:cobbled_deepslate":197,"minecraft:comparator":6,"minecraft:spruce_planks":22,"minecraft:rose_bush":2,"minecraft:redstone_torch":1,"minecraft:calcite":26,"minecraft:iron_pickaxe":1,"minecraft:melon_slice":3,"minecraft:furnace":11,"minecraft:spruce_pressure_plate":3,"minecraft:stick":115,"minecraft:oak_fence":19,"minecraft:torch":76,"minecraft:acacia_log":18,"minecraft:spruce_stairs":3,"minecraft:porkchop":24,"minecraft:diorite":22,"alexsmobs:centipede_leg":1,"minecraft:brown_carpet":13,"minecraft:stone_sword":1,"quark:clear_shard":12,"minecraft:rotten_flesh":134,"minecraft:iron_block":2,"minecraft:carved_pumpkin":3,"minecraft:obsidian":29,"minecraft:iron_bars":4,"minecraft:snowball":20,"minecraft:cobblestone":1161,"minecraft:birch_log":34,"minecraft:enchanting_table":1,"minecraft:magma_block":1,"minecraft:leather_chestplate":10,"minecraft:feather":2,"minecraft:cooked_beef":70,"spartanweaponry:handle":1,"minecraft:cherry_planks":9,"minecraft:water_bucket":1,"minecraft:andesite":624,"spartanweaponry:iron_battleaxe":1,"minecraft:golden_leggings":2,"minecraft:potato":1,"alexsmobs:bison_fur":8,"minecraft:flint":4,"minecraft:tuff":23,"minecraft:dirt":954,"minecraft:lantern":14,"minecraft:leather_boots":5,"minecraft:bone":91,"minecraft:bow":1,"minecraft:wheat_seeds":132,"minecraft:raw_gold":63,"minecraft:bamboo":1,"minecraft:moss_block":1,"minecraft:stone_hoe":1,"minecraft:oak_planks":606,"ironfurnaces:iron_furnace":7,"quark:shale":1,"minecraft:sand":62,"minecraft:grass_block":1,"minecraft:barrel":48,"minecraft:diamond":55,"minecraft:emerald":3,"minecraft:bread":42,"alexsmobs:maggot":2,"minecraft:oak_sapling":519,"minecraft:diamond_pickaxe":6,"minecraft:charcoal":10,"minecraft:crafting_table":11,"minecraft:chicken":5,"minecraft:golden_pickaxe":1,"minecraft:leather_leggings":5,"minecraft:gold_block":6,"usefulbackpacks:backpack_medium":1,"minecraft:cornflower":2,"minecraft:oak_trapdoor":16,"minecraft:stone_stairs":19,"minecraft:moss_carpet":1,"minecraft:iron_axe":4,"minecraft:flint_and_steel":1,"minecraft:item_frame":5,"minecraft:blackstone":70,"minecraft:blue_orchid":2,"minecraft:candle":1,"minecraft:beef":89,"minecraft:andesite_stairs":4,"minecraft:iron_nugget":11,"minecraft:light_gray_wool":1,"minecraft:spruce_slab":1,"minecraft:chest":1,"minecraft:birch_sapling":2,"minecraft:spruce_trapdoor":32,"minecraft:phantom_membrane":1,"minecraft:egg":2,"minecraft:raw_iron":188,"ironchest:iron_chest":2,"quark:birch_chest":8,"minecraft:carrot":7,"minecraft:redstone":93,"minecraft:iron_horse_armor":2,"minecraft:tnt":14,"minecraft:arrow":29,"artifacts:cowboy_hat":1,"ironfurnaces:gold_furnace":3,"minecraft:hay_block":24,"minecraft:mutton":15,"minecraft:rail":20,"minecraft:white_wool":15,"minecraft:glow_ink_sac":2,"minecraft:salmon":2,"minecraft:leather":21,"minecraft:filled_map":2,"minecraft:birch_planks":32,"minecraft:oak_log":538,"minecraft:cobblestone_wall":3,"minecraft:gunpowder":1,"minecraft:cobblestone_stairs":6,"minecraft:white_banner":3,"minecraft:apple":25,"minecraft:stone_bricks":11,"minecraft:rabbit_hide":18,"minecraft:iron_ingot":48,"minecraft:oak_fence_gate":2,"minecraft:stone_pickaxe":2,"minecraft:cooked_chicken":1,"minecraft:cobweb":10,"minecraft:glass_bottle":2,"minecraft:iron_sword":3,"minecraft:acacia_sapling":3,"minecraft:book":31,"minecraft:scaffolding":2,"minecraft:oak_slab":40,"minecraft:smooth_basalt":207,"minecraft:dandelion":3,"minecraft:gravel":27,"minecraft:amethyst_shard":38,"minecraft:spruce_sapling":95,"minecraft:red_banner":5,"minecraft:blast_furnace":4,"minecraft:white_bed":4,"minecraft:spruce_log":91,"quark:oak_chest":3,"minecraft:spider_eye":3,"minecraft:leather_helmet":3,"minecraft:diamond_shovel":1,"minecraft:slime_ball":7,"minecraft:oak_button":63,"minecraft:baked_potato":3,"minecraft:black_wool":1,"minecraft:coal":402,"minecraft:hopper":2,"minecraft:ender_pearl":2},"minecraft:broken":{"minecraft:golden_helmet":1,"minecraft:diamond_pickaxe":1,"minecraft:iron_hoe":5,"minecraft:stone_hoe":1},"minecraft:dropped":{"minecraft:iron_sword":2,"minecraft:birch_planks":4,"minecraft:cooked_beef":5,"minecraft:oak_log":135,"minecraft:baked_potato":2,"minecraft:diamond":5,"minecraft:crafting_table":2,"minecraft:leather":2,"minecraft:iron_horse_armor":2,"minecraft:rail":20,"minecraft:leather_helmet":3,"minecraft:item_frame":3,"minecraft:cobblestone_stairs":2,"minecraft:gold_block":4,"minecraft:dirt":448,"minecraft:cornflower":1,"minecraft:mutton":10,"minecraft:snowball":20,"minecraft:birch_log":5,"minecraft:white_wool":5,"minecraft:bone":39,"minecraft:gravel":17,"alexsmobs:centipede_leg":1,"minecraft:blackstone":42,"minecraft:iron_nugget":5,"alexsmobs:animal_dictionary":1,"minecraft:cobbled_deepslate":83,"minecraft:wheat":3,"minecraft:birch_sapling":2,"minecraft:obsidian":5,"minecraft:rotten_flesh":100,"minecraft:oak_planks":241,"minecraft:diamond_shovel":1,"minecraft:stone_stairs":8,"quark:shale":1,"minecraft:leather_chestplate":10,"minecraft:gunpowder":1,"minecraft:charcoal":4,"minecraft:leather_boots":3,"minecraft:acacia_sapling":3,"minecraft:leather_leggings":5,"minecraft:arrow":7,"minecraft:beef":5,"minecraft:scaffolding":2,"minecraft:stone_brick_stairs":30,"minecraft:enchanting_table":1,"minecraft:stone_hoe":1,"minecraft:water_bucket":1,"minecraft:bread":19,"usefulbackpacks:backpack_medium":1,"minecraft:oak_slab":8,"minecraft:wheat_seeds":88,"minecraft:golden_helmet":2,"minecraft:bookshelf":6,"minecraft:oak_fence":15,"minecraft:feather":2,"minecraft:cobblestone":29,"minecraft:apple":18,"minecraft:amethyst_block":1,"minecraft:acacia_log":18,"minecraft:coal":46,"minecraft:stick":23,"minecraft:diorite":16,"minecraft:torch":5,"minecraft:rose_bush":2,"minecraft:cherry_planks":1,"minecraft:cooked_salmon":38,"minecraft:zombie_head":2,"minecraft:iron_axe":3,"minecraft:smooth_stone":2,"minecraft:iron_shovel":1,"minecraft:string":1,"minecraft:spruce_sapling":57,"minecraft:dandelion":3,"minecraft:smooth_basalt":109,"minecraft:moss_carpet":1,"alexsmobs:maggot":2,"minecraft:oak_trapdoor":8,"minecraft:raw_copper":10,"minecraft:tuff":8,"minecraft:experience_bottle":1,"minecraft:red_banner":2,"minecraft:chicken":4,"minecraft:light_gray_wool":1,"minecraft:iron_boots":1,"minecraft:iron_hoe":1,"minecraft:comparator":2,"minecraft:flint_and_steel":3,"minecraft:blast_furnace":1,"minecraft:filled_map":2,"minecraft:oak_button":60,"minecraft:spruce_trapdoor":22,"minecraft:spruce_planks":20,"minecraft:diamond_pickaxe":5,"minecraft:andesite":222,"minecraft:golden_leggings":5,"minecraft:oak_sapling":451,"minecraft:carved_pumpkin":3,"minecraft:redstone_torch":1,"minecraft:spider_eye":2,"minecraft:stone_bricks":3,"minecraft:bamboo":1,"minecraft:brown_carpet":1,"minecraft:spruce_log":48,"minecraft:blue_orchid":2,"minecraft:calcite":19},"minecraft:custom":{"minecraft:interact_with_crafting_table":204,"minecraft:open_barrel":18,"minecraft:leave_game":11,"minecraft:time_since_death":215205,"minecraft:sprint_one_cm":1221993,"minecraft:drop":340,"minecraft:talked_to_villager":12,"minecraft:play_time":488153,"minecraft:deaths":2,"minecraft:jump":8031,"minecraft:walk_on_water_one_cm":76445,"minecraft:interact_with_furnace":214,"minecraft:sleep_in_bed":2,"minecraft:damage_dealt":40795,"minecraft:crouch_one_cm":137369,"minecraft:horse_one_cm":288868,"minecraft:interact_with_smithing_table":5,"minecraft:mob_kills":233,"minecraft:climb_one_cm":6512,"minecraft:walk_one_cm":1328210,"minecraft:sneak_time":39742,"minecraft:walk_under_water_one_cm":19804,"minecraft:interact_with_blast_furnace":38,"minecraft:total_world_time":488153,"minecraft:time_since_rest":215228,"minecraft:damage_taken":7162,"minecraft:damage_absorbed":30,"minecraft:swim_one_cm":21745,"minecraft:fly_one_cm":1485055,"minecraft:open_chest":314,"minecraft:fall_one_cm":218975}},"DataVersion":3465}