{"stats":{"minecraft:crafted":{"minecraft:smooth_stone":1,"minecraft:oak_sign":6,"quark:birch_chest":3,"quark:trowel":1,"minecraft:chain":2,"ironfurnaces:iron_furnace":3,"minecraft:diamond_shovel":1,"minecraft:bookshelf":6,"minecraft:cooked_mutton":1,"minecraft:glass":4,"minecraft:diamond_helmet":3,"minecraft:diamond_leggings":4,"minecraft:wooden_shovel":2,"minecraft:emerald":44,"minecraft:cooked_porkchop":1,"minecraft:diamond_axe":1,"minecraft:smithing_table":1,"quark:blackstone_furnace":1,"minecraft:campfire":11,"minecraft:stone_brick_stairs":40,"quark:oak_chest":12,"minecraft:iron_pickaxe":7,"minecraft:gold_ingot":197,"minecraft:stone_shovel":1,"minecraft:smooth_stone_slab":6,"minecraft:iron_nugget":81,"minecraft:stone_stairs":20,"minecraft:lantern":7,"minecraft:spruce_stairs":16,"minecraft:stone_pickaxe":2,"minecraft:diamond_boots":3,"minecraft:wheat":216,"ironchest:wood_to_iron_chest_upgrade":2,"ironfurnaces:upgrade_iron":11,"ironfurnaces:upgrade_gold":8,"minecraft:oak_fence_gate":3,"minecraft:wooden_axe":1,"minecraft:oak_stairs":92,"minecraft:iron_shovel":1,"minecraft:iron_leggings":1,"minecraft:armor_stand":1,"minecraft:white_bed":2,"ironfurnaces:upgrade_diamond":7,"minecraft:oak_planks":2648,"minecraft:barrel":47,"usefulbackpacks:backpack_small":1,"minecraft:stone":1,"minecraft:cobblestone_stairs":32,"spartanweaponry:bolt":192,"expanded_combat:diamond_flail":1,"expanded_combat:diamond_broad_sword":1,"minecraft:iron_boots":1,"minecraft:oak_button":20,"minecraft:stone_hoe":3,"minecraft:stone_bricks":148,"minecraft:oak_fence":6,"minecraft:oak_slab":156,"minecraft:crafting_table":27,"minecraft:spruce_planks":108,"minecraft:baked_potato":18,"minecraft:wooden_pickaxe":6,"minecraft:iron_helmet":1,"minecraft:gold_block":13,"minecraft:birch_planks":244,"minecraft:spruce_trapdoor":26,"minecraft:iron_chestplate":1,"minecraft:diamond_pickaxe":5,"minecraft:stick":3580,"minecraft:iron_ingot":214,"minecraft:andesite_stairs":12,"minecraft:shears":2,"ironfurnaces:gold_furnace":1,"minecraft:furnace":28,"minecraft:diamond_block":1,"minecraft:oak_trapdoor":8,"minecraft:flint_and_steel":2,"minecraft:netherite_chestplate":1,"minecraft:netherite_leggings":1,"minecraft:iron_axe":2,"minecraft:iron_hoe":6,"usefulbackpacks:backpack_medium":1,"minecraft:cooked_beef":65,"minecraft:crimson_planks":20,"minecraft:diamond_sword":1,"minecraft:iron_sword":1,"minecraft:cooked_salmon":14,"minecraft:bucket":1,"minecraft:stone_axe":3,"minecraft:bread":82,"minecraft:air":0,"minecraft:jungle_planks":180,"minecraft:white_wool":4,"ironfurnaces:upgrade_emerald":1,"minecraft:torch":120,"minecraft:diamond_chestplate":4},"minecraft:custom":{"minecraft:interact_with_crafting_table":377,"minecraft:open_barrel":93,"minecraft:leave_game":21,"minecraft:time_since_death":103399,"minecraft:play_time":920144,"minecraft:deaths":28,"minecraft:jump":14629,"minecraft:interact_with_furnace":444,"minecraft:traded_with_villager":56,"minecraft:interact_with_cartography_table":1,"minecraft:sleep_in_bed":7,"minecraft:damage_dealt":72058,"minecraft:interact_with_smoker":1,"minecraft:inspect_dispenser":1,"minecraft:horse_one_cm":288868,"minecraft:interact_with_smithing_table":17,"minecraft:inspect_dropper":1,"minecraft:interact_with_anvil":29,"minecraft:inspect_hopper":2,"minecraft:sneak_time":71793,"minecraft:interact_with_blast_furnace":40,"minecraft:total_world_time":920144,"minecraft:time_since_rest":90122,"minecraft:swim_one_cm":38643,"minecraft:fly_one_cm":2570490,"minecraft:open_chest":477,"minecraft:fall_one_cm":430560,"minecraft:sprint_one_cm":2175234,"minecraft:drop":678,"minecraft:talked_to_villager":100,"minecraft:walk_on_water_one_cm":102946,"minecraft:player_kills":1,"minecraft:crouch_one_cm":254579,"minecraft:mob_kills":514,"minecraft:damage_dealt_resisted":485,"minecraft:climb_one_cm":12266,"minecraft:walk_one_cm":2675319,"minecraft:walk_under_water_one_cm":46254,"minecraft:damage_taken":25837,"minecraft:damage_absorbed":40},"minecraft:killed_by":{"minecraft:piglin_brute":1,"minecraft:player":7},"minecraft:used":{"minecraft:dispenser":1,"minecraft:chest":1,"minecraft:stone":82,"minecraft:rotten_flesh":3,"ironchest:iron_chest":2,"minecraft:snowball":1,"minecraft:grass_block":1,"minecraft:stone_brick_stairs":20,"ironfurnaces:iron_furnace":9,"minecraft:bow":38,"minecraft:furnace":25,"minecraft:oak_sapling":83,"minecraft:egg":2,"minecraft:potato":140,"minecraft:leather_leggings":1,"minecraft:blackstone":255,"minecraft:wooden_pickaxe":200,"minecraft:leather_chestplate":1,"minecraft:golden_apple":2,"minecraft:blast_furnace":3,"expanded_combat:diamond_broad_sword":541,"spartanweaponry:iron_dagger":39,"minecraft:crying_obsidian":1,"minecraft:nether_wart_block":3,"minecraft:smithing_table":1,"minecraft:oak_trapdoor":15,"ironchest:wood_to_iron_chest_upgrade":2,"ironfurnaces:gold_furnace":4,"minecraft:armor_stand":1,"minecraft:cooked_salmon":16,"minecraft:netherrack":105,"minecraft:torch":145,"minecraft:anvil":4,"minecraft:stone_stairs":25,"minecraft:oak_fence_gate":5,"minecraft:shroomlight":1,"minecraft:iron_axe":99,"minecraft:melon_seeds":3,"minecraft:barrel":10,"minecraft:smooth_basalt":103,"minecraft:basalt":50,"minecraft:glowstone":9,"minecraft:observer":2,"minecraft:cobbled_deepslate":230,"minecraft:calcite":9,"minecraft:wheat_seeds":7,"minecraft:water_bucket":110,"minecraft:birch_planks":124,"minecraft:fletching_table":1,"minecraft:leather_boots":1,"minecraft:polished_blackstone_bricks":49,"minecraft:oak_slab":26,"minecraft:tnt":11,"minecraft:crafting_table":44,"minecraft:campfire":11,"minecraft:white_bed":6,"spartanweaponry:iron_battleaxe":4,"minecraft:oak_log":48,"minecraft:diamond_pickaxe":5631,"minecraft:diamond_shovel":870,"minecraft:oak_button":10,"minecraft:iron_pickaxe":451,"minecraft:spruce_pressure_plate":3,"minecraft:leather_helmet":1,"minecraft:spruce_trapdoor":24,"minecraft:cobblestone":741,"minecraft:cooked_porkchop":34,"minecraft:andesite_stairs":11,"quark:oak_chest":15,"minecraft:candle":1,"minecraft:iron_shovel":133,"minecraft:oak_sign":9,"minecraft:iron_sword":214,"minecraft:stripped_crimson_stem":1,"minecraft:tuff":17,"minecraft:axolotl_bucket":2,"quark:trowel":8,"minecraft:obsidian":25,"minecraft:glass":62,"minecraft:lantern":22,"minecraft:stone_bricks":58,"minecraft:item_frame":2,"minecraft:golden_sword":3,"minecraft:magma_block":2,"minecraft:brown_carpet":12,"minecraft:scaffolding":1,"minecraft:gold_block":1,"minecraft:diamond_boots":1,"spartanweaponry:diamond_heavy_crossbow":12,"minecraft:stone_pickaxe":159,"minecraft:oak_planks":730,"minecraft:ender_pearl":2,"minecraft:diamond_axe":300,"minecraft:crossbow":1,"minecraft:shears":12,"minecraft:redstone_torch":1,"minecraft:sticky_piston":4,"quark:hollow_oak_log":1,"minecraft:bread":112,"minecraft:melon_slice":6,"minecraft:gravel":15,"minecraft:golden_helmet":1,"minecraft:andesite":294,"minecraft:experience_bottle":3,"minecraft:cobweb":37,"minecraft:oak_fence":7,"quark:birch_chest":11,"minecraft:flint_and_steel":15,"minecraft:stone_shovel":7,"minecraft:redstone":1,"minecraft:spruce_planks":2,"minecraft:wooden_shovel":12,"minecraft:stone_hoe":222,"minecraft:cooked_chicken":1,"minecraft:dirt":525,"minecraft:spruce_stairs":9,"minecraft:cobblestone_wall":3,"minecraft:spruce_fence":2,"minecraft:iron_hoe":1252,"minecraft:oak_stairs":53,"minecraft:red_candle":4,"minecraft:crimson_planks":16,"minecraft:cooked_beef":78,"minecraft:cooked_mutton":5,"minecraft:cobblestone_stairs":36,"minecraft:polished_andesite":3,"minecraft:baked_potato":13,"minecraft:cobblestone_slab":3,"minecraft:apple":9,"minecraft:cracked_polished_blackstone_bricks":22,"expanded_combat:diamond_flail":534,"minecraft:golden_leggings":1,"minecraft:stone_axe":43,"minecraft:white_banner":3,"minecraft:red_banner":3,"minecraft:bucket":111,"alexsmobs:animal_dictionary":2},"minecraft:mined":{"minecraft:white_bed":4,"minecraft:jungle_leaves":2,"minecraft:carved_pumpkin":1,"minecraft:obsidian":14,"minecraft:acacia_log":9,"minecraft:yellow_carpet":1,"minecraft:jungle_log":46,"minecraft:hopper":2,"minecraft:crimson_fungus":1,"minecraft:oak_wall_sign":2,"minecraft:spawner":2,"minecraft:polished_blackstone_bricks":51,"minecraft:magma_block":27,"minecraft:cobbled_deepslate":20,"minecraft:fire":22,"minecraft:sticky_piston":4,"minecraft:barrel":2,"minecraft:fletching_table":2,"minecraft:deepslate_lapis_ore":36,"minecraft:enchanting_table":1,"minecraft:sculk_shrieker":2,"minecraft:dirt_path":4,"minecraft:oak_stairs":7,"minecraft:small_amethyst_bud":2,"minecraft:spruce_pressure_plate":3,"minecraft:white_banner":3,"minecraft:iron_block":2,"minecraft:crimson_nylium":2,"minecraft:amethyst_cluster":10,"minecraft:powder_snow":8,"ironfurnaces:iron_furnace":7,"minecraft:torch":15,"minecraft:blast_furnace":4,"minecraft:melon":3,"minecraft:dead_bush":3,"minecraft:glass":2,"minecraft:amethyst_block":19,"minecraft:wheat":10,"minecraft:stone_brick_stairs":8,"minecraft:grass":206,"quark:birch_chest":8,"minecraft:oak_fence_gate":2,"minecraft:smooth_basalt":143,"minecraft:stripped_crimson_stem":1,"minecraft:deepslate":242,"quark:shale":1,"minecraft:nether_bricks":2,"minecraft:spruce_fence":2,"minecraft:redstone_wire":1,"minecraft:potted_bamboo":1,"minecraft:moss_block":2,"minecraft:redstone_ore":7,"minecraft:snow":1,"minecraft:andesite":611,"minecraft:cobblestone_slab":4,"minecraft:vine":1,"minecraft:rail":1,"ironchest:iron_chest":2,"minecraft:oak_slab":4,"minecraft:comparator":1,"quark:oak_chest":3,"minecraft:brown_carpet":10,"minecraft:observer":2,"minecraft:dandelion":2,"minecraft:campfire":5,"minecraft:tall_grass":89,"minecraft:copper_ore":5,"minecraft:deepslate_gold_ore":133,"minecraft:diorite":22,"minecraft:warped_wart_block":7,"minecraft:coarse_dirt":1,"minecraft:cobblestone_wall":3,"minecraft:spruce_log":27,"minecraft:birch_leaves":19,"minecraft:red_wall_banner":2,"minecraft:sunflower":1,"minecraft:gravel":62,"minecraft:cobweb":73,"minecraft:oak_button":4,"minecraft:stone_bricks":10,"minecraft:fern":7,"minecraft:large_amethyst_bud":5,"minecraft:spruce_planks":7,"minecraft:oak_sapling":2,"minecraft:farmland":4,"minecraft:andesite_stairs":4,"minecraft:cobblestone_stairs":10,"minecraft:sculk_vein":92,"minecraft:potted_blue_orchid":2,"minecraft:spruce_trapdoor":10,"minecraft:budding_amethyst":3,"minecraft:grass_block":220,"minecraft:cracked_polished_blackstone_bricks":22,"minecraft:purple_stained_glass_pane":4,"minecraft:glowstone":5,"minecraft:sculk_catalyst":8,"ironfurnaces:gold_furnace":3,"minecraft:iron_ore":191,"minecraft:anvil":4,"minecraft:iron_bars":6,"minecraft:azalea":2,"minecraft:potted_cornflower":1,"minecraft:spruce_slab":1,"minecraft:blackstone":1024,"minecraft:twisting_vines_plant":1,"minecraft:medium_amethyst_bud":3,"minecraft:calcite":37,"minecraft:poppy":1,"minecraft:chest":1,"minecraft:cobblestone":73,"minecraft:oak_planks":155,"minecraft:wall_torch":73,"minecraft:stone_stairs":10,"minecraft:red_candle":1,"minecraft:warped_nylium":12,"minecraft:nether_wart_block":5,"minecraft:birch_log":69,"minecraft:blue_ice":6,"minecraft:tnt":11,"minecraft:oak_log":984,"minecraft:sand":109,"minecraft:dirt":555,"quark:hollow_oak_log":1,"minecraft:dispenser":1,"minecraft:netherrack":167,"minecraft:oak_leaves":26,"minecraft:nether_gold_ore":3,"minecraft:crying_obsidian":1,"minecraft:red_carpet":1,"minecraft:tuff":28,"minecraft:deepslate_diamond_ore":300,"minecraft:candle":2,"minecraft:spruce_leaves":34,"minecraft:infested_chiseled_stone_bricks":2,"minecraft:crimson_stem":7,"minecraft:large_fern":1,"minecraft:hay_block":24,"minecraft:oak_trapdoor":3,"minecraft:furnace":6,"minecraft:carrots":2,"minecraft:gold_block":13,"minecraft:bookshelf":3,"minecraft:deepslate_iron_ore":60,"minecraft:shroomlight":3,"minecraft:lantern":14,"minecraft:stone":2375,"minecraft:redstone_wall_torch":1,"minecraft:podzol":1,"minecraft:acacia_leaves":4,"minecraft:scaffolding":3,"minecraft:snow_block":8,"minecraft:soul_torch":4,"minecraft:basalt":52,"minecraft:red_banner":3,"minecraft:oak_fence":8,"minecraft:crafting_table":22,"minecraft:rose_bush":1,"minecraft:sculk_sensor":44,"minecraft:lectern":1,"minecraft:stone_slab":1,"minecraft:lapis_ore":13,"minecraft:polished_blackstone_brick_stairs":2,"minecraft:sculk":1333,"minecraft:spruce_stairs":3,"minecraft:birch_planks":19,"minecraft:polished_blackstone_slab":2,"minecraft:redstone_torch":1,"minecraft:coal_ore":470,"minecraft:polished_andesite":4},"minecraft:broken":{"minecraft:golden_boots":1,"minecraft:diamond_helmet":2,"minecraft:iron_chestplate":1,"minecraft:iron_leggings":1,"minecraft:golden_sword":1,"minecraft:diamond_pickaxe":2,"minecraft:iron_hoe":5,"minecraft:diamond_leggings":1,"minecraft:stone_hoe":1,"minecraft:wooden_pickaxe":2,"minecraft:iron_axe":1,"minecraft:iron_pickaxe":1,"minecraft:golden_helmet":1,"minecraft:diamond_boots":1,"minecraft:diamond_chestplate":1},"minecraft:dropped":{"minecraft:iron_sword":2,"minecraft:cooked_beef":8,"minecraft:glow_ink_sac":2,"minecraft:diamond":5,"minecraft:crafting_table":4,"minecraft:saddle":1,"minecraft:rail":21,"minecraft:leather_helmet":3,"minecraft:red_carpet":6,"minecraft:item_frame":3,"minecraft:gold_block":8,"minecraft:dirt":485,"minecraft:grass":2,"minecraft:snout_armor_trim_smithing_template":1,"minecraft:jungle_sapling":2,"minecraft:chain":1,"minecraft:gold_nugget":7,"minecraft:phantom_membrane":1,"minecraft:iron_pickaxe":6,"minecraft:polished_blackstone_slab":2,"minecraft:white_wool":5,"minecraft:bone":45,"alexsmobs:centipede_leg":1,"minecraft:stone_axe":6,"alexsmobs:gazelle_horn":1,"minecraft:iron_nugget":5,"alexsmobs:animal_dictionary":1,"minecraft:cobbled_deepslate":84,"minecraft:birch_sapling":10,"minecraft:wheat":3,"minecraft:obsidian":7,"minecraft:rotten_flesh":135,"minecraft:oak_planks":367,"minecraft:charcoal":4,"minecraft:jungle_log":1,"minecraft:leather_boots":3,"quark:trowel":9,"minecraft:acacia_sapling":3,"minecraft:leather_leggings":5,"minecraft:glass":28,"minecraft:beef":5,"minecraft:warped_wart_block":2,"minecraft:stone_brick_stairs":30,"minecraft:iron_ingot":2,"minecraft:golden_boots":1,"usefulbackpacks:backpack_medium":1,"minecraft:wheat_seeds":120,"minecraft:oak_fence":15,"minecraft:iron_helmet":4,"minecraft:feather":2,"minecraft:cobblestone":555,"minecraft:apple":50,"minecraft:coal":54,"minecraft:wooden_axe":1,"minecraft:rose_bush":2,"minecraft:cherry_planks":1,"minecraft:cooked_salmon":38,"minecraft:oak_stairs":16,"minecraft:smooth_stone":2,"minecraft:iron_shovel":1,"minecraft:string":46,"minecraft:spruce_sapling":57,"minecraft:furnace":1,"minecraft:moss_carpet":1,"minecraft:stone_sword":4,"minecraft:experience_bottle":1,"minecraft:red_banner":2,"minecraft:chicken":4,"minecraft:iron_boots":3,"spartanweaponry:bolt":63,"minecraft:oak_sign":2,"minecraft:blast_furnace":1,"minecraft:potato":556,"minecraft:spruce_trapdoor":22,"minecraft:spruce_planks":20,"minecraft:diamond_pickaxe":6,"minecraft:wooden_shovel":1,"minecraft:carved_pumpkin":3,"minecraft:redstone_torch":3,"minecraft:spider_eye":6,"minecraft:stone_bricks":3,"minecraft:bamboo":1,"minecraft:brown_carpet":1,"minecraft:bow":1,"minecraft:blue_orchid":2,"minecraft:magma_block":24,"minecraft:moss_block":1,"minecraft:candle":4,"minecraft:birch_planks":4,"minecraft:diamond_axe":4,"minecraft:oak_log":334,"minecraft:baked_potato":2,"minecraft:ender_pearl":4,"alexsmobs:rocky_shell":1,"minecraft:leather":2,"minecraft:jungle_planks":163,"minecraft:iron_horse_armor":2,"minecraft:cobblestone_stairs":6,"minecraft:cornflower":1,"minecraft:mutton":11,"minecraft:snowball":20,"minecraft:birch_log":29,"minecraft:gold_ingot":3,"minecraft:gravel":22,"minecraft:crimson_fungus":1,"minecraft:blackstone":825,"expanded_combat:diamond_flail":1,"minecraft:cherry_sapling":56,"minecraft:diamond_shovel":1,"minecraft:stone_stairs":10,"quark:shale":1,"minecraft:carrot":44,"minecraft:poppy":5,"minecraft:leather_chestplate":10,"minecraft:gunpowder":1,"minecraft:azalea":1,"minecraft:arrow":14,"minecraft:scaffolding":2,"minecraft:oak_leaves":8,"minecraft:netherrack":220,"minecraft:enchanting_table":1,"minecraft:water_bucket":1,"minecraft:stone_hoe":1,"minecraft:bread":19,"minecraft:oak_slab":8,"minecraft:golden_helmet":2,"minecraft:bookshelf":6,"minecraft:amethyst_block":1,"minecraft:acacia_log":18,"minecraft:stick":148,"quark:clear_shard":34,"minecraft:diorite":16,"minecraft:torch":5,"spartanweaponry:iron_battleaxe":1,"minecraft:melon_slice":4,"minecraft:zombie_head":2,"spartanweaponry:iron_greatsword":1,"minecraft:iron_leggings":1,"minecraft:iron_axe":3,"minecraft:bucket":1,"minecraft:dandelion":12,"minecraft:smooth_basalt":120,"alexsmobs:maggot":2,"minecraft:oak_trapdoor":8,"minecraft:raw_copper":10,"minecraft:tuff":8,"minecraft:wither_skeleton_skull":1,"minecraft:light_gray_wool":1,"minecraft:comparator":2,"minecraft:iron_hoe":1,"minecraft:flint_and_steel":3,"minecraft:filled_map":2,"minecraft:oak_button":60,"minecraft:diamond_chestplate":1,"minecraft:iron_chestplate":1,"minecraft:andesite":340,"minecraft:golden_leggings":5,"minecraft:oak_sapling":1075,"minecraft:spruce_log":48,"minecraft:stone_pickaxe":1,"minecraft:wooden_pickaxe":4,"minecraft:magma_cream":7,"minecraft:calcite":19},"minecraft:picked_up":{"minecraft:iron_chestplate":1,"minecraft:flower_pot":4,"minecraft:anvil":4,"minecraft:oak_stairs":8,"minecraft:enchanted_book":2,"minecraft:amethyst_block":1,"minecraft:polished_blackstone_brick_stairs":1,"minecraft:string":143,"minecraft:cooked_salmon":53,"minecraft:shroomlight":1,"minecraft:gold_nugget":13,"minecraft:cobbled_deepslate":250,"minecraft:spruce_planks":22,"minecraft:melon_slice":10,"minecraft:spruce_pressure_plate":3,"spartanweaponry:diamond_heavy_crossbow":5,"minecraft:acacia_log":18,"alexsmobs:centipede_leg":1,"minecraft:brown_carpet":13,"minecraft:stone_sword":6,"quark:clear_shard":59,"minecraft:iron_block":2,"minecraft:carved_pumpkin":3,"minecraft:blaze_rod":2,"minecraft:iron_bars":6,"minecraft:snowball":21,"minecraft:birch_log":90,"minecraft:magma_block":26,"spartanweaponry:handle":1,"minecraft:feather":2,"minecraft:cooked_beef":70,"minecraft:water_bucket":1,"minecraft:jungle_log":46,"spartanweaponry:iron_battleaxe":2,"alexsmobs:bison_fur":8,"minecraft:flint":10,"minecraft:lantern":16,"spartanweaponry:iron_greatsword":2,"minecraft:glowstone_dust":12,"minecraft:moss_block":2,"minecraft:warped_wart_block":2,"minecraft:stripped_crimson_stem":1,"minecraft:barrel":49,"minecraft:polished_andesite":3,"minecraft:dispenser":1,"minecraft:bread":85,"alexsmobs:maggot":2,"minecraft:diamond_pickaxe":8,"minecraft:crafting_table":21,"minecraft:leather_leggings":5,"minecraft:golden_pickaxe":1,"usefulbackpacks:backpack_medium":1,"minecraft:cornflower":2,"minecraft:flint_and_steel":1,"minecraft:beef":89,"minecraft:jungle_sapling":8,"minecraft:poppy":5,"minecraft:iron_nugget":11,"minecraft:spruce_slab":1,"minecraft:chest":1,"minecraft:birch_sapling":10,"minecraft:egg":2,"minecraft:spruce_fence":2,"alexsmobs:straddlite":1,"ironchest:iron_chest":2,"minecraft:carrot":44,"minecraft:redstone":94,"minecraft:tnt":14,"minecraft:diamond_chestplate":1,"ironfurnaces:gold_furnace":3,"minecraft:hay_block":24,"minecraft:gold_ingot":54,"minecraft:mutton":16,"minecraft:white_wool":15,"minecraft:rail":21,"minecraft:filled_map":2,"minecraft:oak_log":1402,"minecraft:golden_boots":1,"alexsmobs:mosquito_proboscis":2,"minecraft:white_banner":3,"minecraft:apple":69,"minecraft:stone_bricks":12,"minecraft:oak_fence_gate":2,"minecraft:stone_pickaxe":2,"minecraft:cobweb":17,"minecraft:glass_bottle":2,"minecraft:iron_sword":3,"minecraft:smooth_basalt":224,"expanded_combat:diamond_flail":1,"minecraft:gravel":63,"minecraft:spruce_sapling":95,"minecraft:spruce_log":91,"minecraft:crying_obsidian":1,"minecraft:leather_helmet":3,"minecraft:diamond_shovel":1,"minecraft:slime_ball":7,"minecraft:stone_axe":4,"minecraft:diamond_axe":4,"minecraft:oak_button":63,"minecraft:baked_potato":9,"minecraft:hopper":2,"minecraft:ender_pearl":7,"minecraft:wheat":33,"quark:hollow_oak_log":1,"minecraft:stone_brick_stairs":37,"alexsmobs:gazelle_horn":1,"minecraft:raw_copper":10,"minecraft:red_candle":4,"minecraft:smooth_stone_slab":5,"minecraft:iron_leggings":1,"minecraft:sticky_piston":4,"spartanweaponry:bolt":62,"minecraft:zombie_head":3,"minecraft:experience_bottle":6,"minecraft:oak_sign":5,"alexsmobs:blood_sac":11,"minecraft:smooth_stone":2,"minecraft:comparator":6,"minecraft:rose_bush":2,"minecraft:redstone_torch":4,"minecraft:cobblestone_slab":3,"minecraft:calcite":28,"minecraft:azalea":1,"minecraft:iron_pickaxe":2,"minecraft:iron_boots":1,"minecraft:furnace":12,"minecraft:stick":410,"minecraft:oak_fence":19,"minecraft:torch":117,"minecraft:spruce_stairs":3,"minecraft:porkchop":29,"minecraft:pointed_dripstone":2,"minecraft:diorite":22,"minecraft:rotten_flesh":155,"minecraft:obsidian":31,"quark:trowel":8,"minecraft:cobblestone":2343,"spartanweaponry:diamond_longbow":5,"minecraft:enchanting_table":1,"minecraft:leather_chestplate":10,"minecraft:cherry_planks":9,"minecraft:andesite":758,"minecraft:golden_leggings":2,"minecraft:potato":558,"minecraft:tuff":29,"alexsmobs:rocky_shell":1,"minecraft:lapis_lazuli":298,"minecraft:dirt":1081,"minecraft:leather_boots":5,"minecraft:glass":28,"minecraft:bone":126,"minecraft:bow":4,"minecraft:wheat_seeds":168,"minecraft:raw_gold":154,"minecraft:fletching_table":1,"minecraft:bamboo":1,"ironfurnaces:iron_furnace":7,"minecraft:oak_planks":892,"minecraft:stone_hoe":1,"minecraft:cooked_porkchop":1,"quark:shale":1,"minecraft:polished_blackstone_slab":2,"minecraft:sand":102,"minecraft:grass_block":1,"minecraft:diamond":314,"minecraft:cracked_polished_blackstone_bricks":22,"minecraft:grass":2,"minecraft:emerald":3,"minecraft:oak_sapling":1224,"minecraft:netherrack":325,"minecraft:oak_leaves":8,"minecraft:charcoal":10,"minecraft:chicken":5,"minecraft:wooden_pickaxe":1,"minecraft:gold_block":24,"minecraft:oak_trapdoor":16,"minecraft:stone_stairs":19,"minecraft:moss_carpet":1,"minecraft:iron_axe":4,"minecraft:item_frame":5,"minecraft:blackstone":1073,"minecraft:blue_orchid":2,"minecraft:candle":5,"minecraft:andesite_stairs":4,"minecraft:observer":2,"minecraft:light_gray_wool":1,"minecraft:spruce_trapdoor":33,"minecraft:phantom_membrane":1,"minecraft:raw_iron":294,"minecraft:polished_blackstone_bricks":49,"quark:birch_chest":8,"minecraft:iron_horse_armor":2,"minecraft:arrow":46,"artifacts:cowboy_hat":1,"minecraft:basalt":50,"minecraft:glow_ink_sac":2,"minecraft:crimson_stem":5,"minecraft:salmon":2,"minecraft:leather":23,"minecraft:birch_planks":32,"minecraft:crimson_fungus":3,"minecraft:gunpowder":1,"minecraft:nether_wart_block":3,"minecraft:cobblestone_wall":3,"minecraft:cobblestone_stairs":12,"minecraft:red_carpet":6,"minecraft:rabbit_hide":18,"minecraft:iron_ingot":52,"minecraft:cooked_chicken":1,"minecraft:acacia_sapling":3,"minecraft:book":31,"minecraft:scaffolding":3,"minecraft:oak_slab":44,"minecraft:dandelion":12,"minecraft:amethyst_shard":38,"minecraft:soul_torch":4,"minecraft:red_banner":5,"minecraft:blast_furnace":4,"minecraft:white_bed":4,"quark:oak_chest":3,"minecraft:spider_eye":10,"minecraft:iron_helmet":4,"minecraft:cherry_sapling":56,"minecraft:black_wool":1,"minecraft:coal":631},"minecraft:killed":{"minecraft:cave_spider":5,"minecraft:skeleton":47,"minecraft:chicken":4,"alexsmobs:straddler":14,"minecraft:magma_cube":113,"minecraft:donkey":2,"minecraft:zombie":111,"minecraft:cow":13,"quark:toretoise":3,"endermanoverhaul:crimson_forest_enderman":3,"minecraft:horse":2,"alexsmobs:rocky_roller":2,"minecraft:enderman":3,"minecraft:witch":3,"minecraft:spider":21,"quark:shiba":1,"minecraft:silverfish":3,"artifacts:mimic":1,"minecraft:piglin":12,"minecraft:pig":12,"minecraft:zombie_villager":2,"alexsmobs:stradpole":18,"minecraft:strider":1,"minecraft:creeper":3,"alexsmobs:crimson_mosquito":13,"minecraft:sheep":12,"alexsmobs:terrapin":1,"alexsmobs:fly":2,"minecraft:blaze":9,"minecraft:vex":1,"minecraft:slime":13,"minecraft:phantom":5,"alexsmobs:bison":10,"minecraft:bat":1,"minecraft:hoglin":1,"minecraft:squid":1,"alexsmobs:gazelle":2,"alexsmobs:crow":3,"minecraft:wither_skeleton":13,"minecraft:villager":5}},"DataVersion":3465}