{"stats":{"minecraft:mined":{"minecraft:white_bed":4,"minecraft:cherry_log":16,"minecraft:jungle_leaves":2,"minecraft:carved_pumpkin":1,"minecraft:obsidian":14,"minecraft:acacia_log":19,"minecraft:yellow_carpet":1,"minecraft:jungle_log":46,"minecraft:hopper":2,"minecraft:crimson_fungus":1,"minecraft:oak_wall_sign":2,"minecraft:spawner":2,"minecraft:polished_blackstone_bricks":51,"minecraft:magma_block":27,"minecraft:cobbled_deepslate":20,"minecraft:fire":28,"minecraft:sticky_piston":4,"minecraft:barrel":2,"minecraft:moss_carpet":1,"minecraft:fletching_table":2,"minecraft:deepslate_lapis_ore":36,"minecraft:enchanting_table":1,"minecraft:sculk_shrieker":2,"minecraft:dirt_path":4,"minecraft:oak_stairs":7,"minecraft:small_amethyst_bud":2,"minecraft:spruce_pressure_plate":3,"minecraft:white_banner":3,"minecraft:iron_block":2,"minecraft:crimson_nylium":2,"minecraft:amethyst_cluster":10,"minecraft:powder_snow":8,"ironfurnaces:iron_furnace":7,"minecraft:torch":15,"minecraft:blast_furnace":4,"minecraft:melon":3,"minecraft:dead_bush":3,"minecraft:glass":2,"minecraft:amethyst_block":19,"minecraft:wheat":10,"minecraft:stone_brick_stairs":8,"minecraft:grass":357,"quark:birch_chest":15,"minecraft:oak_fence_gate":2,"minecraft:smooth_basalt":143,"minecraft:stripped_crimson_stem":1,"minecraft:deepslate":242,"quark:shale":1,"minecraft:nether_bricks":2,"minecraft:spruce_fence":2,"minecraft:redstone_wire":1,"minecraft:potted_bamboo":1,"minecraft:moss_block":2,"minecraft:redstone_ore":7,"minecraft:snow":1,"minecraft:andesite":611,"minecraft:potatoes":1,"minecraft:cobblestone_slab":4,"minecraft:vine":1,"minecraft:rail":1,"ironchest:iron_chest":2,"minecraft:white_wool":8,"minecraft:oak_slab":4,"minecraft:comparator":1,"quark:oak_chest":9,"minecraft:brown_carpet":10,"minecraft:observer":2,"minecraft:dandelion":2,"minecraft:campfire":5,"minecraft:tall_grass":206,"minecraft:copper_ore":5,"minecraft:deepslate_gold_ore":133,"minecraft:diorite":22,"minecraft:warped_wart_block":7,"minecraft:coarse_dirt":1,"minecraft:cobblestone_wall":3,"minecraft:spruce_log":27,"minecraft:birch_leaves":19,"minecraft:red_wall_banner":2,"minecraft:sunflower":1,"minecraft:gravel":102,"minecraft:cobweb":73,"minecraft:oak_button":4,"minecraft:stone_bricks":10,"minecraft:fern":7,"minecraft:large_amethyst_bud":5,"minecraft:spruce_planks":7,"minecraft:oak_sapling":3,"minecraft:farmland":5,"minecraft:andesite_stairs":4,"minecraft:cobblestone_stairs":10,"minecraft:sculk_vein":92,"minecraft:potted_blue_orchid":2,"minecraft:spruce_trapdoor":10,"minecraft:budding_amethyst":3,"minecraft:grass_block":225,"minecraft:cracked_polished_blackstone_bricks":22,"minecraft:purple_stained_glass_pane":4,"minecraft:glowstone":5,"minecraft:sculk_catalyst":8,"ironfurnaces:gold_furnace":3,"minecraft:iron_ore":191,"minecraft:anvil":4,"minecraft:iron_bars":6,"minecraft:potted_cornflower":1,"minecraft:azalea":2,"minecraft:spruce_slab":1,"minecraft:blackstone":1024,"minecraft:twisting_vines_plant":1,"minecraft:medium_amethyst_bud":3,"minecraft:calcite":37,"minecraft:poppy":1,"minecraft:chest":1,"minecraft:cobblestone":79,"minecraft:oak_planks":156,"minecraft:wall_torch":73,"minecraft:stone_stairs":10,"minecraft:warped_nylium":12,"minecraft:red_candle":1,"minecraft:nether_wart_block":5,"minecraft:birch_log":146,"minecraft:blue_ice":6,"minecraft:tnt":11,"minecraft:oak_log":1080,"minecraft:sand":129,"minecraft:dirt":569,"quark:hollow_oak_log":1,"minecraft:dispenser":1,"minecraft:netherrack":167,"minecraft:oak_leaves":36,"minecraft:nether_gold_ore":3,"minecraft:crying_obsidian":1,"minecraft:red_carpet":1,"minecraft:tuff":28,"minecraft:deepslate_diamond_ore":303,"minecraft:candle":2,"minecraft:birch_slab":1,"minecraft:spruce_leaves":34,"minecraft:infested_chiseled_stone_bricks":2,"minecraft:crimson_stem":7,"minecraft:large_fern":1,"minecraft:hay_block":24,"minecraft:oak_trapdoor":3,"minecraft:furnace":10,"minecraft:carrots":2,"minecraft:peony":1,"minecraft:gold_block":15,"minecraft:bookshelf":14,"minecraft:deepslate_iron_ore":60,"minecraft:shroomlight":3,"minecraft:lantern":14,"minecraft:stripped_jungle_log":1,"minecraft:stone":2403,"minecraft:redstone_wall_torch":1,"minecraft:podzol":1,"minecraft:acacia_leaves":7,"minecraft:scaffolding":3,"minecraft:snow_block":8,"minecraft:soul_torch":4,"minecraft:basalt":52,"minecraft:red_banner":3,"minecraft:oak_fence":8,"minecraft:crafting_table":25,"minecraft:rose_bush":1,"minecraft:sculk_sensor":44,"minecraft:lectern":1,"minecraft:stone_slab":1,"minecraft:lapis_ore":13,"minecraft:polished_blackstone_brick_stairs":2,"minecraft:sculk":1333,"minecraft:spruce_stairs":3,"minecraft:birch_planks":19,"ironfurnaces:diamond_furnace":1,"minecraft:polished_blackstone_slab":2,"minecraft:redstone_torch":2,"minecraft:bee_nest":1,"minecraft:coal_ore":470,"minecraft:polished_andesite":7},"minecraft:killed_by":{"minecraft:piglin_brute":1,"minecraft:player":8},"minecraft:killed":{"alexsmobs:lobster":1,"minecraft:cave_spider":14,"minecraft:skeleton":47,"minecraft:guardian":2,"minecraft:chicken":11,"alexsmobs:straddler":14,"alexsmobs:skelewag":2,"minecraft:magma_cube":113,"alexsmobs:seal":7,"minecraft:zombie":122,"minecraft:donkey":2,"cataclysm:deepling":3,"minecraft:cow":15,"alexsmobs:raccoon":1,"quark:toretoise":3,"alexsmobs:seagull":3,"endermanoverhaul:crimson_forest_enderman":3,"minecraft:horse":2,"alexsmobs:rocky_roller":2,"cataclysm:deepling_angler":1,"alexsmobs:catfish":1,"alexsmobs:elephant":3,"minecraft:enderman":4,"minecraft:witch":3,"minecraft:spider":26,"quark:shiba":1,"minecraft:bee":3,"minecraft:silverfish":3,"alexsmobs:kangaroo":13,"artifacts:mimic":1,"minecraft:wolf":1,"minecraft:piglin":12,"minecraft:pig":12,"minecraft:zombie_villager":2,"alexsmobs:stradpole":18,"minecraft:strider":1,"minecraft:creeper":3,"alexsmobs:crimson_mosquito":13,"minecraft:sheep":21,"cataclysm:deepling_brute":2,"alexsmobs:terrapin":1,"alexsmobs:fly":2,"minecraft:blaze":9,"minecraft:vex":1,"minecraft:slime":13,"minecraft:phantom":6,"cataclysm:lionfish":2,"alexsmobs:bison":11,"minecraft:drowned":2,"minecraft:bat":1,"minecraft:hoglin":1,"minecraft:squid":1,"alexsmobs:emu":3,"creeperoverhaul:ocean_creeper":3,"alexsmobs:gazelle":6,"alexsmobs:crow":3,"minecraft:wither_skeleton":13,"minecraft:villager":5},"minecraft:crafted":{"minecraft:smooth_stone":1,"minecraft:oak_sign":6,"quark:birch_chest":3,"quark:trowel":1,"minecraft:chain":2,"ironfurnaces:iron_furnace":3,"minecraft:diamond_shovel":2,"minecraft:bookshelf":6,"minecraft:cooked_mutton":1,"minecraft:glass":4,"minecraft:diamond_helmet":4,"minecraft:diamond_leggings":5,"minecraft:wooden_shovel":2,"minecraft:emerald":95,"minecraft:cooked_porkchop":1,"minecraft:diamond_axe":2,"minecraft:smithing_table":1,"quark:blackstone_furnace":1,"minecraft:campfire":11,"minecraft:stone_brick_stairs":40,"quark:oak_chest":12,"minecraft:iron_pickaxe":7,"minecraft:gold_ingot":215,"minecraft:stone_shovel":1,"minecraft:smooth_stone_slab":6,"minecraft:iron_nugget":81,"minecraft:stone_stairs":20,"minecraft:lantern":7,"minecraft:spruce_stairs":16,"minecraft:stone_pickaxe":2,"minecraft:diamond_boots":4,"minecraft:wheat":216,"ironchest:wood_to_iron_chest_upgrade":2,"ironfurnaces:upgrade_iron":11,"ironfurnaces:upgrade_gold":10,"minecraft:oak_fence_gate":3,"minecraft:wooden_axe":1,"minecraft:oak_stairs":92,"minecraft:iron_shovel":1,"minecraft:iron_leggings":1,"minecraft:armor_stand":1,"minecraft:white_bed":2,"ironfurnaces:upgrade_diamond":7,"minecraft:oak_planks":2748,"minecraft:barrel":47,"minecraft:cooked_chicken":0,"usefulbackpacks:backpack_small":1,"minecraft:cobblestone_stairs":32,"minecraft:stone":8,"spartanweaponry:bolt":192,"expanded_combat:diamond_flail":1,"expanded_combat:diamond_broad_sword":1,"minecraft:iron_boots":1,"minecraft:oak_button":20,"minecraft:oak_fence":6,"minecraft:stone_hoe":3,"minecraft:stone_bricks":148,"minecraft:oak_slab":156,"minecraft:crafting_table":30,"minecraft:spruce_planks":108,"minecraft:iron_helmet":1,"minecraft:wooden_pickaxe":6,"minecraft:baked_potato":18,"minecraft:gold_block":13,"minecraft:birch_planks":288,"minecraft:spruce_trapdoor":26,"minecraft:iron_chestplate":1,"minecraft:diamond_pickaxe":7,"minecraft:stick":4820,"minecraft:iron_ingot":214,"minecraft:andesite_stairs":12,"minecraft:shears":2,"ironfurnaces:gold_furnace":1,"minecraft:furnace":28,"minecraft:diamond_block":1,"minecraft:oak_trapdoor":8,"minecraft:flint_and_steel":4,"minecraft:netherite_chestplate":1,"minecraft:netherite_leggings":1,"spartanweaponry:diamond_battle_hammer":1,"minecraft:leather":1,"minecraft:iron_axe":2,"minecraft:iron_hoe":6,"usefulbackpacks:backpack_medium":1,"minecraft:cooked_beef":65,"minecraft:crimson_planks":20,"minecraft:diamond_sword":1,"alexsmobs:cooked_kangaroo_meat":0,"minecraft:iron_sword":1,"spartanweaponry:handle":4,"minecraft:cooked_salmon":14,"minecraft:bucket":1,"minecraft:stone_axe":3,"minecraft:bread":82,"minecraft:acacia_boat":3,"minecraft:air":0,"minecraft:jungle_planks":180,"minecraft:white_wool":4,"ironfurnaces:upgrade_emerald":7,"minecraft:acacia_planks":40,"minecraft:torch":120,"minecraft:diamond_chestplate":5},"minecraft:used":{"alexsmobs:emu_egg":1,"minecraft:peony":1,"minecraft:dispenser":1,"minecraft:chest":1,"minecraft:stone":92,"minecraft:rotten_flesh":8,"ironchest:iron_chest":2,"minecraft:snowball":1,"minecraft:grass_block":1,"minecraft:stone_brick_stairs":20,"ironfurnaces:iron_furnace":9,"minecraft:bow":38,"minecraft:oak_sapling":88,"minecraft:furnace":25,"minecraft:egg":3,"minecraft:potato":156,"minecraft:leather_leggings":1,"minecraft:blackstone":255,"minecraft:leather_chestplate":1,"minecraft:wooden_pickaxe":200,"minecraft:golden_apple":2,"minecraft:blast_furnace":3,"expanded_combat:diamond_broad_sword":628,"spartanweaponry:iron_dagger":39,"minecraft:crying_obsidian":1,"minecraft:birch_slab":1,"minecraft:nether_wart_block":3,"minecraft:smithing_table":1,"ironchest:wood_to_iron_chest_upgrade":2,"minecraft:oak_trapdoor":15,"ironfurnaces:gold_furnace":4,"spartanweaponry:diamond_battle_hammer":196,"minecraft:armor_stand":1,"minecraft:cooked_salmon":16,"minecraft:netherrack":105,"minecraft:torch":145,"minecraft:anvil":4,"ironfurnaces:diamond_furnace":1,"minecraft:stone_stairs":25,"minecraft:oak_fence_gate":5,"minecraft:shroomlight":1,"minecraft:iron_axe":99,"minecraft:barrel":10,"minecraft:melon_seeds":3,"minecraft:smooth_basalt":103,"minecraft:basalt":50,"minecraft:glowstone":9,"minecraft:beef":11,"minecraft:observer":2,"minecraft:cobbled_deepslate":230,"minecraft:acacia_planks":1,"minecraft:calcite":9,"minecraft:wheat_seeds":7,"minecraft:water_bucket":110,"minecraft:birch_planks":168,"minecraft:fletching_table":1,"minecraft:leather_boots":1,"minecraft:polished_blackstone_bricks":49,"minecraft:tnt":11,"minecraft:crafting_table":49,"minecraft:oak_slab":26,"minecraft:white_bed":6,"minecraft:campfire":11,"minecraft:cod":2,"spartanweaponry:iron_battleaxe":4,"minecraft:oak_log":48,"minecraft:diamond_pickaxe":5679,"minecraft:diamond_shovel":871,"minecraft:oak_button":10,"minecraft:iron_pickaxe":451,"minecraft:spruce_pressure_plate":3,"minecraft:leather_helmet":1,"minecraft:spruce_trapdoor":24,"minecraft:cobblestone":764,"minecraft:cooked_porkchop":34,"minecraft:andesite_stairs":11,"quark:oak_chest":15,"minecraft:candle":1,"minecraft:moss_carpet":1,"minecraft:iron_shovel":217,"minecraft:oak_sign":9,"minecraft:iron_sword":214,"minecraft:stripped_crimson_stem":1,"minecraft:tuff":17,"minecraft:axolotl_bucket":2,"quark:trowel":8,"minecraft:obsidian":25,"minecraft:glass":62,"minecraft:lantern":22,"minecraft:stone_bricks":58,"minecraft:item_frame":2,"minecraft:golden_sword":3,"minecraft:magma_block":2,"minecraft:brown_carpet":12,"minecraft:scaffolding":1,"minecraft:gold_block":1,"minecraft:diamond_boots":1,"spartanweaponry:diamond_heavy_crossbow":14,"minecraft:stone_pickaxe":159,"minecraft:oak_planks":730,"minecraft:ender_pearl":2,"minecraft:diamond_axe":364,"minecraft:crossbow":1,"minecraft:shears":12,"minecraft:redstone_torch":1,"minecraft:sticky_piston":4,"quark:hollow_oak_log":1,"minecraft:melon_slice":6,"minecraft:bread":112,"minecraft:gravel":15,"minecraft:golden_helmet":1,"minecraft:andesite":294,"minecraft:bone_meal":12,"minecraft:cobweb":37,"minecraft:experience_bottle":4,"minecraft:oak_fence":7,"quark:birch_chest":11,"minecraft:flint_and_steel":36,"minecraft:stone_shovel":7,"minecraft:redstone":1,"minecraft:spruce_planks":2,"minecraft:wooden_shovel":12,"minecraft:stone_hoe":222,"minecraft:cooked_chicken":4,"minecraft:dirt":525,"minecraft:spruce_stairs":9,"minecraft:cobblestone_wall":3,"minecraft:spruce_fence":2,"minecraft:iron_hoe":1252,"minecraft:oak_stairs":53,"minecraft:red_candle":4,"minecraft:crimson_planks":16,"minecraft:cooked_beef":78,"minecraft:cooked_mutton":5,"minecraft:acacia_boat":3,"minecraft:cobblestone_stairs":36,"minecraft:polished_andesite":6,"minecraft:baked_potato":72,"minecraft:cobblestone_slab":3,"minecraft:apple":13,"minecraft:cracked_polished_blackstone_bricks":22,"expanded_combat:diamond_flail":534,"minecraft:golden_leggings":1,"minecraft:stone_axe":43,"minecraft:white_banner":3,"minecraft:red_banner":3,"minecraft:bucket":111,"alexsmobs:animal_dictionary":2},"minecraft:picked_up":{"minecraft:iron_chestplate":1,"minecraft:flower_pot":4,"minecraft:anvil":4,"minecraft:prismarine_shard":5,"minecraft:lead":6,"minecraft:oak_stairs":8,"minecraft:enchanted_book":3,"minecraft:amethyst_block":1,"minecraft:polished_blackstone_brick_stairs":1,"minecraft:string":144,"minecraft:cooked_salmon":53,"minecraft:shroomlight":1,"alexsmobs:emu_feather":4,"minecraft:gold_nugget":13,"minecraft:cobbled_deepslate":250,"minecraft:spruce_planks":22,"minecraft:melon_slice":10,"minecraft:spruce_pressure_plate":3,"minecraft:acacia_log":28,"spartanweaponry:diamond_heavy_crossbow":5,"minecraft:cherry_log":16,"alexsmobs:centipede_leg":1,"minecraft:brown_carpet":13,"minecraft:stone_sword":6,"quark:clear_shard":59,"minecraft:iron_block":2,"minecraft:carved_pumpkin":3,"minecraft:blaze_rod":2,"minecraft:iron_bars":6,"minecraft:snowball":21,"minecraft:birch_log":169,"minecraft:magma_block":26,"minecraft:feather":12,"minecraft:cooked_beef":70,"spartanweaponry:handle":1,"minecraft:birch_slab":1,"minecraft:water_bucket":1,"minecraft:jungle_log":46,"spartanweaponry:iron_battleaxe":2,"minecraft:brown_wool":1,"alexsmobs:bison_fur":8,"minecraft:flint":17,"alexsmobs:cooked_kangaroo_meat":2,"minecraft:lantern":16,"spartanweaponry:iron_greatsword":2,"minecraft:glowstone_dust":12,"minecraft:moss_block":2,"minecraft:warped_wart_block":2,"minecraft:stripped_crimson_stem":1,"alexsmobs:animal_dictionary":1,"minecraft:barrel":49,"minecraft:polished_andesite":6,"alexsmobs:kangaroo_hide":16,"minecraft:dispenser":1,"minecraft:bread":85,"alexsmobs:maggot":2,"minecraft:diamond_pickaxe":9,"minecraft:crafting_table":25,"minecraft:golden_pickaxe":1,"minecraft:leather_leggings":5,"usefulbackpacks:backpack_medium":1,"minecraft:cornflower":2,"minecraft:flint_and_steel":1,"minecraft:beef":100,"minecraft:spruce_slab":1,"minecraft:poppy":5,"minecraft:jungle_sapling":8,"minecraft:iron_nugget":11,"ironfurnaces:diamond_furnace":1,"minecraft:chest":1,"minecraft:birch_sapling":37,"minecraft:egg":3,"ironchest:iron_chest":2,"alexsmobs:straddlite":1,"minecraft:spruce_fence":2,"minecraft:carrot":44,"minecraft:redstone":94,"minecraft:tnt":14,"minecraft:diamond_chestplate":1,"minecraft:peony":1,"ironfurnaces:gold_furnace":3,"minecraft:hay_block":24,"minecraft:gold_ingot":54,"minecraft:mutton":22,"minecraft:white_wool":29,"alexsmobs:kangaroo_meat":2,"minecraft:rail":21,"minecraft:filled_map":2,"minecraft:oak_log":1498,"minecraft:golden_boots":1,"alexsmobs:mosquito_proboscis":2,"minecraft:white_banner":3,"minecraft:apple":74,"minecraft:stone_bricks":12,"minecraft:oak_fence_gate":2,"minecraft:stone_pickaxe":2,"minecraft:cobweb":17,"minecraft:glass_bottle":2,"minecraft:iron_sword":3,"minecraft:smooth_basalt":224,"expanded_combat:diamond_flail":1,"minecraft:gravel":90,"minecraft:spruce_sapling":95,"minecraft:spruce_log":91,"minecraft:crying_obsidian":1,"minecraft:leather_helmet":3,"minecraft:diamond_shovel":1,"minecraft:slime_ball":7,"minecraft:stone_axe":4,"minecraft:diamond_axe":5,"minecraft:oak_button":63,"minecraft:baked_potato":9,"minecraft:hopper":2,"minecraft:ender_pearl":7,"minecraft:wheat":34,"quark:hollow_oak_log":1,"minecraft:stone_brick_stairs":37,"alexsmobs:gazelle_horn":2,"minecraft:raw_copper":10,"minecraft:smooth_stone_slab":5,"minecraft:iron_leggings":1,"minecraft:red_candle":4,"minecraft:sticky_piston":4,"minecraft:experience_bottle":7,"minecraft:zombie_head":3,"spartanweaponry:bolt":62,"minecraft:oak_sign":5,"alexsmobs:blood_sac":11,"minecraft:smooth_stone":2,"minecraft:comparator":6,"minecraft:rose_bush":2,"minecraft:redstone_torch":5,"minecraft:cobblestone_slab":3,"minecraft:calcite":28,"minecraft:azalea":1,"minecraft:iron_pickaxe":2,"minecraft:iron_boots":1,"minecraft:furnace":16,"minecraft:stick":476,"minecraft:oak_fence":19,"minecraft:torch":117,"minecraft:spruce_stairs":3,"minecraft:porkchop":29,"minecraft:pointed_dripstone":2,"minecraft:diorite":22,"minecraft:rotten_flesh":166,"alexsmobs:emu_egg":1,"minecraft:obsidian":32,"minecraft:cod":5,"quark:trowel":8,"minecraft:cobblestone":2376,"spartanweaponry:diamond_longbow":5,"minecraft:enchanting_table":1,"minecraft:leather_chestplate":10,"minecraft:cherry_planks":9,"minecraft:andesite":758,"minecraft:golden_leggings":2,"minecraft:potato":559,"minecraft:tuff":29,"alexsmobs:rocky_shell":1,"minecraft:lapis_lazuli":298,"minecraft:dirt":1093,"minecraft:leather_boots":5,"minecraft:glass":28,"minecraft:bone":128,"minecraft:acacia_planks":5,"minecraft:bow":4,"minecraft:wheat_seeds":184,"minecraft:raw_gold":154,"minecraft:fletching_table":1,"minecraft:bamboo":1,"ironfurnaces:iron_furnace":7,"minecraft:oak_planks":892,"minecraft:stone_hoe":1,"minecraft:cooked_porkchop":1,"quark:shale":1,"minecraft:polished_blackstone_slab":2,"minecraft:sand":122,"minecraft:grass_block":1,"minecraft:diamond":317,"minecraft:cracked_polished_blackstone_bricks":22,"minecraft:grass":2,"minecraft:emerald":4,"minecraft:oak_sapling":1263,"minecraft:netherrack":325,"minecraft:oak_leaves":8,"minecraft:charcoal":10,"minecraft:chicken":12,"minecraft:wooden_pickaxe":1,"minecraft:gold_block":26,"minecraft:oak_trapdoor":16,"minecraft:stone_stairs":19,"minecraft:moss_carpet":3,"minecraft:iron_axe":4,"minecraft:item_frame":7,"minecraft:blackstone":1096,"minecraft:blue_orchid":2,"minecraft:candle":5,"minecraft:andesite_stairs":4,"minecraft:observer":2,"minecraft:light_gray_wool":1,"minecraft:spruce_trapdoor":33,"minecraft:phantom_membrane":1,"minecraft:raw_iron":294,"minecraft:polished_blackstone_bricks":49,"quark:birch_chest":8,"minecraft:iron_horse_armor":2,"minecraft:arrow":48,"artifacts:cowboy_hat":1,"minecraft:basalt":50,"minecraft:glow_ink_sac":2,"minecraft:crimson_stem":5,"minecraft:salmon":2,"minecraft:leather":23,"minecraft:birch_planks":32,"minecraft:crimson_fungus":3,"minecraft:cobblestone_wall":3,"minecraft:nether_wart_block":3,"minecraft:gunpowder":1,"minecraft:cobblestone_stairs":12,"minecraft:red_carpet":6,"minecraft:rabbit_hide":18,"minecraft:iron_ingot":53,"minecraft:cooked_chicken":2,"minecraft:acacia_sapling":6,"minecraft:book":65,"minecraft:scaffolding":3,"minecraft:oak_slab":44,"minecraft:dandelion":12,"minecraft:amethyst_shard":38,"minecraft:soul_torch":4,"minecraft:red_banner":5,"minecraft:blast_furnace":4,"minecraft:white_bed":4,"quark:oak_chest":3,"minecraft:spider_eye":11,"alexsmobs:raw_catfish":2,"minecraft:iron_helmet":4,"minecraft:cherry_sapling":58,"minecraft:black_wool":1,"minecraft:coal":648},"minecraft:broken":{"minecraft:golden_boots":1,"minecraft:diamond_helmet":2,"minecraft:iron_chestplate":1,"minecraft:iron_leggings":1,"minecraft:golden_sword":1,"minecraft:diamond_pickaxe":2,"minecraft:iron_hoe":5,"minecraft:diamond_leggings":1,"minecraft:stone_hoe":1,"minecraft:wooden_pickaxe":2,"minecraft:iron_axe":1,"minecraft:iron_pickaxe":1,"minecraft:golden_helmet":1,"minecraft:diamond_boots":1,"minecraft:diamond_chestplate":1},"minecraft:dropped":{"minecraft:iron_sword":2,"minecraft:cooked_beef":8,"minecraft:glow_ink_sac":2,"minecraft:diamond":8,"minecraft:crafting_table":5,"minecraft:saddle":1,"minecraft:rail":21,"minecraft:leather_helmet":3,"minecraft:red_carpet":6,"minecraft:item_frame":5,"minecraft:emerald":53,"minecraft:gold_block":8,"minecraft:dirt":496,"minecraft:grass":2,"minecraft:snout_armor_trim_smithing_template":1,"minecraft:jungle_sapling":2,"minecraft:chain":1,"minecraft:gold_nugget":7,"alexsmobs:emu_feather":4,"minecraft:phantom_membrane":1,"minecraft:sand":20,"minecraft:iron_pickaxe":6,"minecraft:polished_blackstone_slab":2,"minecraft:white_wool":5,"minecraft:bone":46,"alexsmobs:centipede_leg":1,"minecraft:stone_axe":6,"alexsmobs:gazelle_horn":2,"minecraft:iron_nugget":5,"minecraft:cooked_chicken":1,"alexsmobs:animal_dictionary":2,"minecraft:cobbled_deepslate":84,"minecraft:birch_sapling":37,"minecraft:wheat":4,"minecraft:obsidian":8,"minecraft:rotten_flesh":141,"minecraft:oak_planks":367,"alexsmobs:blood_sac":1,"minecraft:charcoal":4,"minecraft:jungle_log":1,"minecraft:leather_boots":3,"quark:trowel":9,"minecraft:acacia_sapling":6,"minecraft:leather_leggings":5,"endrem:nether_eye":1,"minecraft:glass":28,"minecraft:beef":5,"minecraft:warped_wart_block":2,"minecraft:stone_brick_stairs":30,"minecraft:enchanted_book":1,"minecraft:golden_boots":1,"minecraft:iron_ingot":12,"usefulbackpacks:backpack_medium":1,"minecraft:wheat_seeds":120,"minecraft:oak_fence":15,"minecraft:iron_helmet":4,"minecraft:feather":2,"minecraft:cobblestone":561,"minecraft:apple":51,"minecraft:coal":54,"alexsmobs:raw_catfish":2,"minecraft:wooden_axe":1,"minecraft:rose_bush":2,"minecraft:cherry_planks":1,"minecraft:cooked_salmon":38,"minecraft:rib_armor_trim_smithing_template":1,"minecraft:oak_stairs":16,"minecraft:smooth_stone":2,"minecraft:iron_shovel":1,"minecraft:string":46,"minecraft:acacia_planks":1,"minecraft:spruce_sapling":57,"minecraft:furnace":5,"minecraft:moss_carpet":2,"minecraft:stone_sword":4,"minecraft:experience_bottle":1,"minecraft:red_banner":2,"minecraft:chicken":8,"minecraft:iron_boots":3,"spartanweaponry:bolt":63,"minecraft:oak_sign":2,"alexsmobs:cooked_kangaroo_meat":2,"minecraft:blast_furnace":1,"minecraft:potato":556,"minecraft:spruce_trapdoor":22,"minecraft:spruce_planks":20,"minecraft:diamond_pickaxe":7,"minecraft:wooden_shovel":1,"minecraft:carved_pumpkin":3,"minecraft:redstone_torch":3,"endrem:cursed_eye":1,"minecraft:spider_eye":7,"minecraft:stone_bricks":3,"minecraft:bamboo":1,"minecraft:brown_carpet":1,"minecraft:bow":1,"minecraft:blue_orchid":2,"minecraft:magma_block":24,"minecraft:moss_block":1,"minecraft:candle":4,"minecraft:birch_planks":4,"minecraft:diamond_axe":5,"minecraft:oak_log":335,"minecraft:baked_potato":2,"minecraft:ender_pearl":4,"minecraft:netherite_upgrade_smithing_template":4,"alexsmobs:rocky_shell":1,"minecraft:leather":2,"minecraft:iron_horse_armor":2,"minecraft:jungle_planks":163,"minecraft:cod":3,"minecraft:flint":4,"minecraft:cobblestone_stairs":6,"minecraft:cornflower":1,"minecraft:mutton":17,"minecraft:snowball":20,"minecraft:birch_log":33,"minecraft:gold_ingot":3,"minecraft:gravel":39,"minecraft:crimson_fungus":1,"minecraft:blackstone":848,"expanded_combat:diamond_flail":1,"minecraft:cherry_sapling":58,"minecraft:diamond_shovel":1,"minecraft:stone_stairs":10,"quark:shale":1,"minecraft:carrot":44,"minecraft:poppy":5,"minecraft:leather_chestplate":10,"minecraft:gunpowder":1,"minecraft:azalea":1,"minecraft:arrow":15,"minecraft:scaffolding":2,"minecraft:oak_leaves":8,"minecraft:netherrack":220,"minecraft:enchanting_table":1,"minecraft:water_bucket":1,"minecraft:stone_hoe":1,"minecraft:bread":19,"minecraft:oak_slab":8,"minecraft:cherry_log":2,"minecraft:golden_helmet":2,"minecraft:bookshelf":6,"minecraft:prismarine_shard":5,"minecraft:lead":5,"minecraft:amethyst_block":1,"minecraft:acacia_log":18,"minecraft:stick":339,"quark:clear_shard":34,"minecraft:diorite":16,"minecraft:torch":5,"spartanweaponry:iron_battleaxe":1,"minecraft:melon_slice":4,"minecraft:brown_wool":1,"minecraft:zombie_head":2,"spartanweaponry:iron_greatsword":1,"minecraft:iron_leggings":1,"minecraft:iron_axe":3,"minecraft:bucket":1,"minecraft:dandelion":12,"minecraft:smooth_basalt":120,"alexsmobs:maggot":2,"minecraft:oak_trapdoor":8,"minecraft:raw_copper":10,"minecraft:tuff":8,"minecraft:wither_skeleton_skull":2,"minecraft:light_gray_wool":1,"minecraft:iron_hoe":1,"minecraft:comparator":2,"minecraft:flint_and_steel":3,"minecraft:filled_map":2,"minecraft:oak_button":60,"minecraft:diamond_chestplate":1,"minecraft:iron_chestplate":1,"minecraft:andesite":340,"minecraft:golden_leggings":5,"minecraft:oak_sapling":1099,"minecraft:spruce_log":48,"minecraft:stone_pickaxe":1,"minecraft:wooden_pickaxe":4,"minecraft:magma_cream":7,"minecraft:calcite":19},"minecraft:custom":{"minecraft:interact_with_crafting_table":416,"minecraft:open_barrel":94,"minecraft:bell_ring":2,"minecraft:eat_cake_slice":4,"minecraft:leave_game":24,"minecraft:time_since_death":34255,"minecraft:play_time":1063608,"minecraft:deaths":31,"minecraft:jump":17264,"minecraft:interact_with_furnace":495,"minecraft:traded_with_villager":107,"minecraft:interact_with_cartography_table":1,"minecraft:sleep_in_bed":8,"minecraft:damage_dealt":91721,"minecraft:interact_with_smoker":1,"minecraft:inspect_dispenser":1,"minecraft:horse_one_cm":288868,"minecraft:interact_with_smithing_table":17,"minecraft:inspect_dropper":1,"minecraft:interact_with_anvil":29,"minecraft:inspect_hopper":2,"minecraft:sneak_time":74371,"minecraft:interact_with_blast_furnace":40,"minecraft:total_world_time":1063608,"minecraft:time_since_rest":21426,"minecraft:swim_one_cm":365818,"minecraft:fly_one_cm":3264954,"minecraft:open_chest":650,"minecraft:fall_one_cm":510987,"minecraft:sprint_one_cm":2653115,"minecraft:drop":786,"minecraft:talked_to_villager":152,"minecraft:walk_on_water_one_cm":137897,"minecraft:player_kills":1,"minecraft:crouch_one_cm":261308,"minecraft:mob_kills":617,"minecraft:damage_dealt_resisted":485,"minecraft:climb_one_cm":12406,"minecraft:walk_one_cm":3026877,"minecraft:walk_under_water_one_cm":152432,"minecraft:boat_one_cm":142661,"minecraft:damage_taken":29927,"minecraft:damage_absorbed":40}},"DataVersion":3465}