{"stats":{"minecraft:crafted":{"minecraft:oak_planks":40,"minecraft:stone_shovel":1,"minecraft:emerald":36,"alexsmobs:cooked_lobster_tail":5,"minecraft:crafting_table":1,"minecraft:spruce_planks":12,"minecraft:wooden_pickaxe":1,"minecraft:iron_sword":1,"minecraft:furnace":3,"minecraft:birch_planks":20,"minecraft:stone_axe":1,"minecraft:bread":21,"minecraft:air":0,"minecraft:iron_axe":1,"minecraft:stick":24,"minecraft:iron_ingot":12,"minecraft:iron_pickaxe":1,"minecraft:stone_pickaxe":1,"minecraft:wooden_axe":1,"minecraft:stone_sword":1,"minecraft:torch":4,"minecraft:wheat":137},"minecraft:custom":{"minecraft:interact_with_furnace":34,"minecraft:mob_kills":36,"minecraft:interact_with_crafting_table":23,"minecraft:open_barrel":2,"minecraft:leave_game":1,"minecraft:time_since_death":30628,"minecraft:climb_one_cm":9019,"minecraft:time_since_rest":30652,"minecraft:sprint_one_cm":160672,"minecraft:damage_taken":2270,"minecraft:walk_one_cm":206410,"minecraft:drop":20,"minecraft:damage_dealt":3926,"minecraft:swim_one_cm":10274,"minecraft:fly_one_cm":168560,"minecraft:open_chest":43,"minecraft:crouch_one_cm":10047,"minecraft:play_time":56239,"minecraft:deaths":5,"minecraft:sneak_time":3340,"minecraft:walk_under_water_one_cm":21168,"minecraft:jump":1079,"minecraft:walk_on_water_one_cm":7900,"minecraft:interact_with_smoker":1,"minecraft:total_world_time":56239,"minecraft:fall_one_cm":28911},"minecraft:killed_by":{"minecraft:player":1},"minecraft:mined":{"minecraft:light_gray_stained_glass_pane":4,"minecraft:mossy_cobblestone":1,"minecraft:powder_snow":6,"minecraft:glow_lichen":1,"minecraft:crafting_table":4,"minecraft:torch":2,"minecraft:grass_block":1,"minecraft:decorated_pot":4,"minecraft:tall_grass":5,"minecraft:cyan_bed":1,"minecraft:oak_planks":1,"minecraft:hay_block":16,"minecraft:white_terracotta":1,"minecraft:coarse_dirt":1,"minecraft:furnace":5,"minecraft:birch_log":5,"minecraft:iron_ore":13,"minecraft:spruce_log":1,"minecraft:birch_leaves":4,"minecraft:grass":6,"minecraft:bookshelf":24,"minecraft:oak_log":10,"minecraft:coal_ore":26,"minecraft:dirt":3,"minecraft:cobweb":2,"minecraft:stone":37,"minecraft:oak_leaves":1,"minecraft:fern":1},"minecraft:used":{"minecraft:leather_leggings":1,"minecraft:stone_sword":59,"minecraft:snow_block":2,"minecraft:birch_planks":10,"minecraft:stone_pickaxe":75,"minecraft:oak_planks":35,"minecraft:ender_pearl":1,"minecraft:wooden_pickaxe":7,"minecraft:white_terracotta":1,"minecraft:iron_sword":42,"minecraft:leather_boots":1,"minecraft:cooked_chicken":2,"minecraft:torch":4,"minecraft:dirt":3,"minecraft:crafting_table":4,"minecraft:snowball":92,"alexsmobs:maggot":1,"minecraft:bread":4,"minecraft:iron_axe":27,"minecraft:iron_pickaxe":4,"alexsmobs:cooked_lobster_tail":5,"minecraft:string":1,"minecraft:birch_sapling":3,"minecraft:leather_helmet":1,"minecraft:stone_axe":13,"minecraft:sweet_berries":20,"minecraft:furnace":5,"minecraft:pumpkin_pie":1,"minecraft:coarse_dirt":1,"minecraft:cobweb":2},"minecraft:dropped":{"minecraft:furnace":3,"minecraft:iron_ingot":2,"alexsmobs:maggot":1,"minecraft:wheat_seeds":4,"alexsmobs:gazelle_horn":2,"minecraft:oak_log":1,"minecraft:birch_sapling":2,"minecraft:cobblestone":1,"minecraft:lantern":2,"minecraft:torch":2,"minecraft:leather_boots":1,"minecraft:oak_sapling":2,"minecraft:stone_pickaxe":1},"minecraft:picked_up":{"minecraft:birch_log":5,"minecraft:coarse_dirt":1,"minecraft:crafting_table":4,"minecraft:wheat":15,"minecraft:feather":3,"minecraft:stone_slab":1,"minecraft:oak_log":11,"minecraft:brick":12,"alexsmobs:gazelle_horn":2,"minecraft:dirt":9,"minecraft:string":3,"minecraft:lantern":2,"minecraft:bone":4,"minecraft:wheat_seeds":11,"minecraft:cooked_chicken":1,"minecraft:birch_sapling":5,"minecraft:oak_planks":1,"minecraft:furnace":5,"minecraft:book":63,"minecraft:stick":2,"minecraft:raw_iron":13,"minecraft:sweet_berries":17,"minecraft:torch":2,"minecraft:snow_block":2,"minecraft:spruce_log":6,"minecraft:cyan_bed":1,"minecraft:redstone":1,"minecraft:arrow":2,"minecraft:rotten_flesh":1,"minecraft:hay_block":16,"minecraft:white_terracotta":1,"alexsmobs:maggot":2,"minecraft:oak_sapling":3,"minecraft:coal":37,"minecraft:snowball":92,"alexsmobs:lobster_tail":7,"minecraft:cobblestone":43},"minecraft:killed":{"alexsmobs:lobster":16,"minecraft:witch":1,"alexsmobs:seal":3,"minecraft:spider":3,"alexsmobs:seagull":1,"minecraft:skeleton":1,"alexsmobs:blue_jay":2,"minecraft:zombie":1,"minecraft:bee":2,"quark:crab":1,"alexsmobs:fly":4,"minecraft:enderman":1}},"DataVersion":3465}