{"stats":{"minecraft:crafted":{"minecraft:oak_planks":4,"minecraft:crafting_table":1,"minecraft:iron_ingot":9,"minecraft:bread":36,"minecraft:wheat":117},"minecraft:custom":{"minecraft:time_since_rest":4615,"minecraft:interact_with_smithing_table":1,"minecraft:interact_with_furnace":1,"minecraft:sprint_one_cm":90668,"minecraft:damage_taken":287,"minecraft:walk_one_cm":61745,"minecraft:drop":12,"minecraft:damage_dealt":14,"minecraft:interact_with_crafting_table":1,"minecraft:fly_one_cm":71635,"minecraft:open_chest":15,"minecraft:crouch_one_cm":3583,"minecraft:play_time":15029,"minecraft:sneak_time":815,"minecraft:walk_under_water_one_cm":915,"minecraft:jump":340,"minecraft:leave_game":2,"minecraft:walk_on_water_one_cm":972,"minecraft:time_since_death":15029,"minecraft:sleep_in_bed":1,"minecraft:climb_one_cm":2744,"minecraft:total_world_time":15029,"minecraft:fall_one_cm":13137,"minecraft:damage_absorbed":30},"minecraft:used":{"minecraft:wheat_seeds":7,"quark:hollow_oak_log":1,"minecraft:leather_leggings":1,"minecraft:bread":6,"minecraft:stone_pickaxe":31,"minecraft:leather_helmet":1,"minecraft:leather_chestplate":1,"minecraft:leather_boots":1,"minecraft:item_frame":1,"minecraft:golden_leggings":1,"minecraft:golden_helmet":1,"minecraft:golden_apple":1,"minecraft:dirt":3,"minecraft:cobblestone":6,"minecraft:crafting_table":1,"minecraft:spruce_stairs":1,"alexsmobs:animal_dictionary":2},"minecraft:mined":{"minecraft:spruce_stairs":1,"minecraft:hay_block":13,"minecraft:iron_ore":12,"minecraft:wheat":10,"minecraft:coal_ore":7,"minecraft:calcite":2,"minecraft:grass_block":2,"minecraft:oak_log":1,"minecraft:dirt_path":1,"minecraft:rose_bush":1,"quark:hollow_oak_log":1,"minecraft:cobblestone":2,"minecraft:smooth_basalt":2,"minecraft:tall_grass":1,"minecraft:iron_block":1,"minecraft:stone":5,"minecraft:oak_leaves":4},"minecraft:dropped":{"minecraft:leather_chestplate":3,"minecraft:leather_leggings":5,"minecraft:string":1,"minecraft:leather_helmet":3},"minecraft:picked_up":{"minecraft:raw_iron":12,"minecraft:wheat":15,"minecraft:leather_chestplate":5,"minecraft:cooked_beef":1,"minecraft:golden_pickaxe":1,"minecraft:leather_leggings":5,"minecraft:leather":1,"minecraft:torch":1,"quark:hollow_oak_log":1,"minecraft:spruce_stairs":1,"minecraft:oak_log":1,"minecraft:moss_carpet":1,"minecraft:leather_helmet":3,"minecraft:string":1,"minecraft:dirt":3,"minecraft:lantern":1,"minecraft:item_frame":2,"minecraft:stone_sword":1,"minecraft:leather_boots":1,"minecraft:experience_bottle":2,"minecraft:rotten_flesh":2,"minecraft:wheat_seeds":43,"minecraft:iron_block":1,"minecraft:hay_block":13,"minecraft:stone_pickaxe":1,"minecraft:cooked_chicken":1,"minecraft:rose_bush":2,"minecraft:coal":5,"minecraft:cobblestone":7}},"DataVersion":3465}