{"stats":{"minecraft:picked_up":{"minecraft:crafting_table":2,"minecraft:wheat":15,"minecraft:leather_leggings":5,"minecraft:golden_pickaxe":1,"quark:hollow_oak_log":1,"minecraft:string":5,"minecraft:moss_carpet":1,"minecraft:item_frame":2,"minecraft:experience_bottle":2,"minecraft:zombie_head":2,"minecraft:blackstone":30,"minecraft:cobbled_deepslate":34,"minecraft:rose_bush":2,"minecraft:redstone_torch":1,"minecraft:birch_sapling":2,"minecraft:egg":1,"minecraft:raw_iron":68,"minecraft:stick":8,"minecraft:torch":4,"minecraft:acacia_log":18,"minecraft:spruce_stairs":1,"minecraft:redstone":31,"alexsmobs:centipede_leg":1,"minecraft:iron_horse_armor":1,"minecraft:stone_sword":1,"minecraft:arrow":3,"minecraft:rotten_flesh":15,"minecraft:hay_block":13,"minecraft:iron_block":1,"minecraft:obsidian":14,"minecraft:cobblestone":10,"minecraft:birch_log":8,"minecraft:magma_block":1,"minecraft:leather_chestplate":5,"minecraft:cooked_beef":1,"minecraft:andesite":6,"minecraft:leather":2,"minecraft:golden_leggings":2,"minecraft:tuff":4,"minecraft:oak_log":13,"minecraft:dirt":3,"minecraft:lantern":8,"minecraft:leather_boots":3,"minecraft:bone":9,"minecraft:wheat_seeds":43,"minecraft:raw_gold":35,"minecraft:rabbit_hide":9,"minecraft:stone_pickaxe":1,"minecraft:cooked_chicken":1,"minecraft:cobweb":5,"minecraft:moss_block":1,"minecraft:iron_sword":1,"minecraft:oak_planks":2,"minecraft:acacia_sapling":3,"minecraft:smooth_basalt":105,"minecraft:spider_eye":1,"minecraft:leather_helmet":3,"minecraft:diamond":40,"minecraft:emerald":1,"minecraft:bread":23,"minecraft:oak_sapling":1,"minecraft:coal":32,"minecraft:ender_pearl":1,"minecraft:diamond_pickaxe":2},"minecraft:used":{"minecraft:iron_sword":214,"minecraft:wooden_shovel":2,"minecraft:cooked_chicken":1,"minecraft:torch":2,"minecraft:dirt":3,"minecraft:spruce_stairs":1,"minecraft:axolotl_bucket":2,"minecraft:lantern":7,"minecraft:iron_axe":12,"minecraft:smooth_basalt":82,"minecraft:item_frame":1,"minecraft:magma_block":1,"minecraft:egg":1,"minecraft:cooked_beef":1,"minecraft:cobbled_deepslate":30,"minecraft:wheat_seeds":7,"minecraft:water_bucket":92,"minecraft:leather_leggings":1,"minecraft:birch_planks":24,"minecraft:stone_pickaxe":32,"minecraft:oak_planks":26,"minecraft:blackstone":28,"minecraft:leather_chestplate":1,"minecraft:leather_boots":1,"minecraft:golden_apple":1,"minecraft:crafting_table":5,"quark:hollow_oak_log":1,"minecraft:diamond_pickaxe":285,"minecraft:bread":43,"minecraft:iron_pickaxe":73,"minecraft:leather_helmet":1,"minecraft:golden_leggings":1,"minecraft:golden_helmet":1,"minecraft:cobblestone":9,"minecraft:bucket":94,"minecraft:andesite":2,"alexsmobs:animal_dictionary":2},"minecraft:custom":{"minecraft:interact_with_smithing_table":5,"minecraft:mob_kills":48,"minecraft:interact_with_crafting_table":8,"minecraft:open_barrel":11,"minecraft:leave_game":3,"minecraft:time_since_death":6536,"minecraft:climb_one_cm":2744,"minecraft:sprint_one_cm":277568,"minecraft:walk_one_cm":244798,"minecraft:drop":49,"minecraft:play_time":72839,"minecraft:deaths":1,"minecraft:sneak_time":11700,"minecraft:walk_under_water_one_cm":2037,"minecraft:jump":1579,"minecraft:interact_with_blast_furnace":8,"minecraft:walk_on_water_one_cm":29537,"minecraft:total_world_time":72839,"minecraft:interact_with_furnace":1,"minecraft:sleep_in_bed":1,"minecraft:time_since_rest":6560,"minecraft:damage_taken":2495,"minecraft:damage_absorbed":30,"minecraft:damage_dealt":10096,"minecraft:swim_one_cm":47,"minecraft:fly_one_cm":300635,"minecraft:open_chest":25,"minecraft:crouch_one_cm":33387,"minecraft:fall_one_cm":47954},"minecraft:mined":{"minecraft:tuff":4,"minecraft:deepslate_diamond_ore":42,"minecraft:obsidian":14,"minecraft:acacia_log":9,"minecraft:grass_block":2,"minecraft:moss_block":1,"minecraft:hay_block":13,"minecraft:redstone_ore":7,"minecraft:magma_block":1,"minecraft:cobbled_deepslate":3,"minecraft:iron_ore":17,"minecraft:fire":9,"minecraft:andesite":4,"minecraft:dirt_path":1,"minecraft:deepslate_iron_ore":25,"minecraft:lantern":7,"minecraft:stone":7,"minecraft:iron_block":1,"minecraft:acacia_leaves":1,"minecraft:blackstone":38,"minecraft:crafting_table":2,"minecraft:calcite":2,"minecraft:rose_bush":1,"minecraft:cobblestone":2,"minecraft:tall_grass":1,"minecraft:deepslate_gold_ore":27,"minecraft:spruce_stairs":1,"minecraft:birch_log":8,"minecraft:wheat":10,"minecraft:birch_leaves":12,"minecraft:coal_ore":34,"minecraft:oak_log":13,"quark:hollow_oak_log":1,"minecraft:smooth_basalt":113,"minecraft:oak_leaves":8,"minecraft:deepslate":36},"minecraft:dropped":{"minecraft:iron_sword":2,"minecraft:wheat_seeds":36,"minecraft:golden_helmet":1,"minecraft:cobblestone":1,"minecraft:leather":1,"minecraft:acacia_log":18,"minecraft:leather_helmet":3,"minecraft:torch":2,"minecraft:rose_bush":2,"minecraft:iron_shovel":1,"minecraft:string":1,"minecraft:smooth_basalt":1,"minecraft:moss_carpet":1,"minecraft:blackstone":2,"minecraft:cobbled_deepslate":4,"minecraft:tuff":4,"minecraft:birch_sapling":2,"minecraft:rotten_flesh":11,"minecraft:leather_chestplate":3,"minecraft:diamond_pickaxe":2,"minecraft:andesite":4,"minecraft:oak_sapling":1,"minecraft:leather_boots":2,"minecraft:golden_leggings":4,"minecraft:acacia_sapling":3,"minecraft:leather_leggings":5,"minecraft:redstone_torch":1,"minecraft:spider_eye":1,"minecraft:arrow":3},"minecraft:broken":{"minecraft:golden_helmet":1},"minecraft:killed":{"minecraft:cave_spider":4,"minecraft:witch":2,"minecraft:spider":2,"quark:toretoise":2,"minecraft:skeleton":7,"alexsmobs:rocky_roller":1,"minecraft:bat":1,"minecraft:zombie":26,"minecraft:enderman":1},"minecraft:crafted":{"minecraft:oak_planks":52,"minecraft:iron_axe":1,"minecraft:wheat":117,"minecraft:wooden_shovel":1,"minecraft:crafting_table":5,"minecraft:wooden_pickaxe":1,"minecraft:iron_sword":1,"minecraft:birch_planks":32,"minecraft:bread":44,"minecraft:air":0,"minecraft:diamond_pickaxe":1,"minecraft:stick":12,"minecraft:iron_ingot":72,"minecraft:iron_pickaxe":1,"minecraft:gold_ingot":3}},"DataVersion":3465}