{"stats":{"minecraft:mined":{"minecraft:large_amethyst_bud":5,"minecraft:spruce_planks":7,"minecraft:white_bed":4,"minecraft:oak_sapling":2,"minecraft:farmland":4,"minecraft:andesite_stairs":4,"minecraft:sculk_vein":92,"minecraft:cobblestone_stairs":6,"minecraft:potted_blue_orchid":2,"minecraft:obsidian":14,"minecraft:carved_pumpkin":1,"minecraft:spruce_trapdoor":9,"minecraft:budding_amethyst":3,"minecraft:acacia_log":9,"minecraft:grass_block":177,"minecraft:yellow_carpet":1,"minecraft:purple_stained_glass_pane":4,"minecraft:hopper":2,"minecraft:polished_blackstone_bricks":31,"minecraft:magma_block":4,"minecraft:glowstone":5,"minecraft:sticky_piston":4,"minecraft:sculk_catalyst":8,"ironfurnaces:gold_furnace":3,"minecraft:iron_ore":123,"minecraft:barrel":2,"minecraft:cobbled_deepslate":5,"minecraft:fire":21,"minecraft:anvil":1,"minecraft:enchanting_table":1,"minecraft:sculk_shrieker":2,"minecraft:dirt_path":4,"minecraft:small_amethyst_bud":2,"minecraft:oak_stairs":4,"minecraft:iron_bars":6,"minecraft:spruce_pressure_plate":3,"minecraft:potted_cornflower":1,"minecraft:white_banner":3,"minecraft:iron_block":2,"minecraft:spruce_slab":1,"minecraft:blackstone":85,"minecraft:medium_amethyst_bud":3,"minecraft:amethyst_cluster":10,"ironfurnaces:iron_furnace":7,"minecraft:powder_snow":8,"minecraft:torch":11,"minecraft:blast_furnace":4,"minecraft:calcite":35,"minecraft:melon":1,"minecraft:chest":1,"minecraft:glass":2,"minecraft:cobblestone":18,"minecraft:oak_planks":30,"minecraft:wall_torch":49,"minecraft:amethyst_block":19,"minecraft:stone_stairs":10,"minecraft:nether_wart_block":5,"minecraft:birch_log":34,"minecraft:wheat":10,"minecraft:blue_ice":6,"minecraft:tnt":11,"minecraft:stone_brick_stairs":8,"minecraft:grass":116,"quark:birch_chest":8,"minecraft:oak_log":349,"minecraft:oak_fence_gate":2,"minecraft:sand":69,"minecraft:dirt":471,"quark:hollow_oak_log":1,"minecraft:smooth_basalt":138,"minecraft:stripped_crimson_stem":1,"minecraft:nether_gold_ore":3,"minecraft:oak_leaves":11,"minecraft:deepslate":176,"minecraft:red_carpet":1,"minecraft:crying_obsidian":1,"minecraft:tuff":22,"minecraft:deepslate_diamond_ore":50,"quark:shale":1,"minecraft:candle":1,"minecraft:redstone_wire":1,"minecraft:crimson_stem":2,"minecraft:spruce_leaves":34,"minecraft:potted_bamboo":1,"minecraft:moss_block":1,"minecraft:large_fern":1,"minecraft:hay_block":24,"minecraft:redstone_ore":7,"minecraft:oak_trapdoor":3,"minecraft:furnace":5,"minecraft:carrots":2,"minecraft:snow":1,"minecraft:andesite":499,"minecraft:gold_block":9,"minecraft:bookshelf":3,"minecraft:vine":1,"minecraft:cobblestone_slab":1,"minecraft:deepslate_iron_ore":39,"minecraft:lantern":12,"ironchest:iron_chest":2,"minecraft:stone":1146,"minecraft:podzol":1,"minecraft:acacia_leaves":1,"minecraft:scaffolding":2,"minecraft:comparator":1,"quark:oak_chest":3,"minecraft:snow_block":8,"minecraft:soul_torch":4,"minecraft:brown_carpet":10,"minecraft:basalt":51,"minecraft:dandelion":1,"minecraft:red_banner":3,"minecraft:oak_fence":8,"minecraft:crafting_table":11,"minecraft:rose_bush":1,"minecraft:sculk_sensor":44,"minecraft:campfire":5,"minecraft:copper_ore":2,"minecraft:tall_grass":26,"minecraft:deepslate_gold_ore":41,"minecraft:polished_blackstone_brick_stairs":2,"minecraft:sculk":1333,"minecraft:diorite":22,"minecraft:spruce_stairs":3,"minecraft:birch_planks":18,"minecraft:coarse_dirt":1,"minecraft:cobblestone_wall":3,"minecraft:polished_blackstone_slab":2,"minecraft:birch_leaves":19,"minecraft:spruce_log":27,"minecraft:red_wall_banner":2,"minecraft:coal_ore":240,"minecraft:sunflower":1,"minecraft:gravel":17,"minecraft:cobweb":24,"minecraft:oak_button":4,"minecraft:stone_bricks":9,"minecraft:fern":3},"minecraft:killed":{"minecraft:cave_spider":4,"minecraft:witch":2,"minecraft:spider":13,"minecraft:skeleton":29,"quark:shiba":1,"minecraft:chicken":4,"alexsmobs:straddler":14,"artifacts:mimic":1,"minecraft:magma_cube":7,"minecraft:piglin":1,"minecraft:pig":12,"minecraft:zombie_villager":1,"alexsmobs:stradpole":18,"minecraft:strider":1,"minecraft:creeper":2,"alexsmobs:crimson_mosquito":1,"minecraft:sheep":12,"minecraft:donkey":2,"minecraft:zombie":84,"alexsmobs:terrapin":1,"alexsmobs:fly":2,"minecraft:blaze":1,"minecraft:cow":13,"minecraft:vex":1,"quark:toretoise":2,"minecraft:slime":13,"minecraft:phantom":5,"minecraft:horse":2,"alexsmobs:bison":10,"alexsmobs:rocky_roller":1,"minecraft:bat":1,"minecraft:squid":1,"alexsmobs:crow":3,"minecraft:wither_skeleton":11,"minecraft:enderman":3},"minecraft:crafted":{"minecraft:smooth_stone":1,"minecraft:oak_planks":984,"minecraft:barrel":47,"quark:birch_chest":3,"minecraft:chain":2,"usefulbackpacks:backpack_small":1,"ironfurnaces:iron_furnace":3,"minecraft:stone":1,"minecraft:cobblestone_stairs":16,"minecraft:diamond_shovel":1,"minecraft:bookshelf":6,"minecraft:cooked_mutton":1,"minecraft:glass":0,"expanded_combat:diamond_flail":1,"expanded_combat:diamond_broad_sword":1,"minecraft:diamond_helmet":1,"minecraft:diamond_leggings":1,"minecraft:oak_button":20,"minecraft:stone_hoe":3,"minecraft:stone_bricks":148,"minecraft:oak_fence":6,"minecraft:oak_slab":156,"minecraft:wooden_shovel":1,"minecraft:cooked_porkchop":0,"minecraft:diamond_axe":1,"minecraft:crafting_table":14,"minecraft:spruce_planks":108,"minecraft:wooden_pickaxe":1,"minecraft:gold_block":3,"minecraft:birch_planks":116,"minecraft:campfire":11,"minecraft:stone_brick_stairs":40,"minecraft:spruce_trapdoor":26,"minecraft:diamond_pickaxe":2,"minecraft:stick":116,"quark:oak_chest":4,"minecraft:iron_ingot":110,"minecraft:iron_pickaxe":1,"minecraft:andesite_stairs":12,"minecraft:gold_ingot":131,"minecraft:shears":1,"minecraft:stone_shovel":1,"minecraft:smooth_stone_slab":6,"ironfurnaces:gold_furnace":1,"minecraft:iron_nugget":81,"minecraft:furnace":13,"minecraft:diamond_block":1,"minecraft:oak_trapdoor":8,"minecraft:stone_stairs":20,"minecraft:flint_and_steel":1,"minecraft:lantern":7,"minecraft:spruce_stairs":16,"minecraft:iron_axe":1,"minecraft:iron_hoe":6,"minecraft:stone_pickaxe":1,"minecraft:diamond_boots":1,"usefulbackpacks:backpack_medium":1,"minecraft:wheat":216,"minecraft:cooked_beef":65,"minecraft:crimson_planks":4,"ironchest:wood_to_iron_chest_upgrade":2,"minecraft:diamond_sword":1,"minecraft:iron_sword":1,"minecraft:cooked_salmon":14,"minecraft:bread":82,"minecraft:air":0,"minecraft:oak_fence_gate":3,"minecraft:white_wool":4,"minecraft:oak_stairs":64,"minecraft:armor_stand":1,"minecraft:white_bed":2,"minecraft:torch":44,"minecraft:diamond_chestplate":1},"minecraft:used":{"minecraft:chest":1,"minecraft:stone":82,"minecraft:iron_sword":214,"minecraft:stripped_crimson_stem":1,"ironchest:iron_chest":2,"minecraft:tuff":15,"minecraft:axolotl_bucket":2,"minecraft:snowball":1,"minecraft:glass":62,"minecraft:lantern":20,"minecraft:grass_block":1,"minecraft:stone_brick_stairs":20,"minecraft:stone_bricks":58,"minecraft:item_frame":2,"ironfurnaces:iron_furnace":9,"minecraft:magma_block":2,"minecraft:brown_carpet":12,"minecraft:bow":8,"minecraft:oak_sapling":2,"minecraft:furnace":10,"minecraft:egg":2,"minecraft:leather_leggings":1,"minecraft:oak_planks":198,"minecraft:stone_pickaxe":153,"minecraft:blackstone":29,"minecraft:ender_pearl":1,"minecraft:wooden_pickaxe":6,"minecraft:leather_chestplate":1,"minecraft:diamond_axe":247,"minecraft:golden_apple":1,"minecraft:blast_furnace":3,"minecraft:crossbow":1,"expanded_combat:diamond_broad_sword":455,"minecraft:sticky_piston":4,"quark:hollow_oak_log":1,"spartanweaponry:iron_dagger":39,"minecraft:crying_obsidian":1,"minecraft:melon_slice":3,"minecraft:bread":69,"minecraft:gravel":2,"minecraft:golden_helmet":1,"minecraft:andesite":294,"minecraft:experience_bottle":3,"ironchest:wood_to_iron_chest_upgrade":2,"minecraft:oak_fence":7,"minecraft:oak_trapdoor":15,"ironfurnaces:gold_furnace":4,"quark:birch_chest":11,"minecraft:flint_and_steel":8,"minecraft:redstone":1,"minecraft:armor_stand":1,"minecraft:stone_shovel":7,"minecraft:spruce_planks":2,"minecraft:cooked_salmon":16,"minecraft:wooden_shovel":7,"minecraft:cooked_chicken":1,"minecraft:stone_hoe":209,"minecraft:torch":85,"minecraft:dirt":442,"minecraft:spruce_stairs":9,"minecraft:cobblestone_wall":3,"minecraft:stone_stairs":25,"minecraft:oak_fence_gate":5,"minecraft:iron_hoe":1252,"minecraft:iron_axe":13,"minecraft:oak_stairs":38,"minecraft:melon_seeds":3,"minecraft:barrel":10,"minecraft:smooth_basalt":102,"minecraft:basalt":41,"minecraft:cooked_beef":71,"minecraft:cobbled_deepslate":203,"minecraft:calcite":7,"minecraft:wheat_seeds":7,"minecraft:cooked_mutton":5,"minecraft:water_bucket":104,"minecraft:cobblestone_stairs":18,"minecraft:birch_planks":104,"minecraft:cobblestone_slab":1,"minecraft:leather_boots":1,"minecraft:polished_blackstone_bricks":19,"minecraft:oak_slab":22,"minecraft:crafting_table":23,"minecraft:white_bed":6,"minecraft:campfire":11,"spartanweaponry:iron_battleaxe":4,"minecraft:oak_log":48,"minecraft:diamond_pickaxe":2772,"minecraft:apple":2,"minecraft:diamond_shovel":810,"expanded_combat:diamond_flail":149,"minecraft:spruce_pressure_plate":3,"minecraft:oak_button":10,"minecraft:iron_pickaxe":73,"minecraft:leather_helmet":1,"minecraft:spruce_trapdoor":23,"minecraft:golden_leggings":1,"minecraft:cobblestone":567,"minecraft:white_banner":3,"minecraft:cooked_porkchop":1,"minecraft:andesite_stairs":11,"minecraft:red_banner":3,"minecraft:bucket":105,"quark:oak_chest":7,"alexsmobs:animal_dictionary":2,"minecraft:candle":1},"minecraft:picked_up":{"minecraft:wheat":33,"minecraft:flower_pot":4,"minecraft:anvil":1,"quark:hollow_oak_log":1,"minecraft:oak_stairs":5,"minecraft:enchanted_book":2,"minecraft:stone_brick_stairs":37,"minecraft:amethyst_block":1,"minecraft:polished_blackstone_brick_stairs":1,"minecraft:string":62,"minecraft:raw_copper":10,"minecraft:cooked_salmon":53,"minecraft:smooth_stone_slab":5,"minecraft:sticky_piston":4,"minecraft:experience_bottle":6,"minecraft:zombie_head":3,"alexsmobs:blood_sac":1,"minecraft:gold_nugget":12,"minecraft:smooth_stone":2,"minecraft:cobbled_deepslate":197,"minecraft:comparator":6,"minecraft:spruce_planks":22,"minecraft:cobblestone_slab":1,"minecraft:rose_bush":2,"minecraft:redstone_torch":1,"minecraft:calcite":26,"minecraft:iron_pickaxe":1,"minecraft:melon_slice":3,"minecraft:furnace":11,"minecraft:spruce_pressure_plate":3,"minecraft:stick":115,"minecraft:oak_fence":19,"minecraft:torch":88,"minecraft:acacia_log":18,"minecraft:spruce_stairs":3,"minecraft:porkchop":24,"minecraft:diorite":22,"alexsmobs:centipede_leg":1,"minecraft:brown_carpet":13,"minecraft:stone_sword":4,"quark:clear_shard":12,"minecraft:rotten_flesh":134,"minecraft:iron_block":2,"minecraft:carved_pumpkin":3,"minecraft:obsidian":29,"minecraft:iron_bars":6,"minecraft:snowball":21,"minecraft:cobblestone":1163,"minecraft:birch_log":34,"minecraft:enchanting_table":1,"minecraft:magma_block":3,"minecraft:leather_chestplate":10,"minecraft:feather":2,"minecraft:cooked_beef":70,"spartanweaponry:handle":1,"minecraft:cherry_planks":9,"minecraft:water_bucket":1,"minecraft:andesite":624,"spartanweaponry:iron_battleaxe":1,"minecraft:golden_leggings":2,"minecraft:potato":1,"alexsmobs:bison_fur":8,"minecraft:flint":4,"minecraft:tuff":24,"minecraft:dirt":960,"minecraft:lantern":14,"minecraft:leather_boots":5,"minecraft:bone":104,"minecraft:bow":1,"minecraft:wheat_seeds":132,"minecraft:raw_gold":63,"minecraft:glowstone_dust":12,"minecraft:bamboo":1,"minecraft:moss_block":1,"minecraft:stone_hoe":1,"minecraft:oak_planks":606,"ironfurnaces:iron_furnace":7,"quark:shale":1,"minecraft:stripped_crimson_stem":1,"minecraft:polished_blackstone_slab":2,"minecraft:sand":62,"minecraft:grass_block":1,"minecraft:barrel":49,"minecraft:diamond":58,"minecraft:emerald":3,"minecraft:bread":42,"alexsmobs:maggot":2,"minecraft:oak_sapling":519,"minecraft:diamond_pickaxe":6,"minecraft:charcoal":10,"minecraft:crafting_table":11,"minecraft:chicken":5,"minecraft:golden_pickaxe":1,"minecraft:leather_leggings":5,"minecraft:gold_block":15,"usefulbackpacks:backpack_medium":1,"minecraft:cornflower":2,"minecraft:oak_trapdoor":16,"minecraft:stone_stairs":19,"minecraft:moss_carpet":1,"minecraft:iron_axe":4,"minecraft:flint_and_steel":1,"minecraft:item_frame":5,"minecraft:blackstone":80,"minecraft:blue_orchid":2,"minecraft:candle":1,"minecraft:beef":89,"minecraft:andesite_stairs":4,"minecraft:iron_nugget":11,"minecraft:light_gray_wool":1,"minecraft:spruce_slab":1,"minecraft:chest":1,"minecraft:birch_sapling":2,"minecraft:spruce_trapdoor":32,"minecraft:phantom_membrane":1,"minecraft:egg":2,"minecraft:raw_iron":188,"alexsmobs:straddlite":1,"ironchest:iron_chest":2,"minecraft:polished_blackstone_bricks":29,"quark:birch_chest":8,"minecraft:carrot":7,"minecraft:redstone":94,"minecraft:iron_horse_armor":2,"minecraft:tnt":14,"minecraft:arrow":30,"artifacts:cowboy_hat":1,"ironfurnaces:gold_furnace":3,"minecraft:hay_block":24,"minecraft:mutton":15,"minecraft:rail":20,"minecraft:white_wool":15,"minecraft:basalt":49,"minecraft:crimson_stem":1,"minecraft:glow_ink_sac":2,"minecraft:salmon":2,"minecraft:leather":21,"minecraft:filled_map":2,"minecraft:birch_planks":32,"minecraft:oak_log":538,"minecraft:nether_wart_block":3,"minecraft:cobblestone_wall":3,"minecraft:gunpowder":1,"minecraft:cobblestone_stairs":6,"minecraft:white_banner":3,"minecraft:red_carpet":6,"minecraft:apple":25,"minecraft:stone_bricks":11,"minecraft:rabbit_hide":18,"minecraft:iron_ingot":48,"minecraft:oak_fence_gate":2,"minecraft:stone_pickaxe":2,"minecraft:cooked_chicken":1,"minecraft:cobweb":10,"minecraft:glass_bottle":2,"minecraft:iron_sword":3,"minecraft:acacia_sapling":3,"minecraft:book":31,"minecraft:scaffolding":2,"minecraft:oak_slab":40,"minecraft:smooth_basalt":222,"minecraft:dandelion":3,"minecraft:soul_torch":4,"expanded_combat:diamond_flail":1,"minecraft:gravel":27,"minecraft:amethyst_shard":38,"minecraft:spruce_sapling":95,"minecraft:red_banner":5,"minecraft:blast_furnace":4,"minecraft:white_bed":4,"minecraft:spruce_log":91,"minecraft:crying_obsidian":1,"quark:oak_chest":3,"minecraft:spider_eye":3,"minecraft:leather_helmet":3,"minecraft:diamond_shovel":1,"minecraft:slime_ball":7,"minecraft:diamond_axe":1,"minecraft:oak_button":63,"minecraft:baked_potato":3,"minecraft:black_wool":1,"minecraft:coal":403,"minecraft:hopper":2,"minecraft:ender_pearl":3},"minecraft:broken":{"minecraft:golden_helmet":1,"minecraft:diamond_helmet":1,"minecraft:diamond_pickaxe":1,"minecraft:iron_hoe":5,"minecraft:stone_hoe":1},"minecraft:dropped":{"minecraft:iron_sword":2,"minecraft:birch_planks":4,"minecraft:diamond_axe":1,"minecraft:cooked_beef":8,"minecraft:oak_log":135,"minecraft:baked_potato":2,"minecraft:diamond":5,"minecraft:crafting_table":2,"minecraft:leather":2,"minecraft:iron_horse_armor":2,"minecraft:rail":20,"minecraft:leather_helmet":3,"minecraft:red_carpet":6,"minecraft:item_frame":3,"minecraft:cobblestone_stairs":2,"minecraft:gold_block":4,"minecraft:dirt":450,"minecraft:cornflower":1,"minecraft:mutton":10,"minecraft:snowball":20,"minecraft:phantom_membrane":1,"minecraft:chain":1,"minecraft:polished_blackstone_slab":2,"minecraft:birch_log":5,"minecraft:white_wool":5,"minecraft:bone":39,"minecraft:gravel":17,"alexsmobs:centipede_leg":1,"minecraft:blackstone":42,"expanded_combat:diamond_flail":1,"minecraft:iron_nugget":5,"alexsmobs:animal_dictionary":1,"minecraft:cobbled_deepslate":83,"minecraft:wheat":3,"minecraft:birch_sapling":2,"minecraft:obsidian":5,"minecraft:rotten_flesh":100,"minecraft:oak_planks":241,"minecraft:diamond_shovel":1,"minecraft:stone_stairs":10,"quark:shale":1,"minecraft:carrot":7,"minecraft:leather_chestplate":10,"minecraft:gunpowder":1,"minecraft:charcoal":4,"minecraft:leather_boots":3,"minecraft:acacia_sapling":3,"minecraft:leather_leggings":5,"minecraft:arrow":7,"minecraft:beef":5,"minecraft:scaffolding":2,"minecraft:stone_brick_stairs":30,"minecraft:enchanting_table":1,"minecraft:stone_hoe":1,"minecraft:water_bucket":1,"minecraft:bread":19,"usefulbackpacks:backpack_medium":1,"minecraft:oak_slab":8,"minecraft:wheat_seeds":88,"minecraft:golden_helmet":2,"minecraft:bookshelf":6,"minecraft:oak_fence":15,"minecraft:feather":2,"minecraft:cobblestone":29,"minecraft:apple":18,"minecraft:amethyst_block":1,"minecraft:acacia_log":18,"minecraft:coal":46,"minecraft:stick":23,"minecraft:diorite":16,"minecraft:torch":5,"minecraft:rose_bush":2,"minecraft:cherry_planks":1,"minecraft:cooked_salmon":38,"minecraft:zombie_head":2,"minecraft:iron_axe":3,"minecraft:smooth_stone":2,"minecraft:iron_shovel":1,"minecraft:string":1,"minecraft:spruce_sapling":57,"minecraft:dandelion":3,"minecraft:smooth_basalt":119,"minecraft:moss_carpet":1,"alexsmobs:maggot":2,"minecraft:oak_trapdoor":8,"minecraft:stone_sword":2,"minecraft:raw_copper":10,"minecraft:tuff":8,"minecraft:experience_bottle":1,"minecraft:red_banner":2,"minecraft:chicken":4,"minecraft:light_gray_wool":1,"minecraft:iron_boots":1,"minecraft:iron_hoe":1,"minecraft:comparator":2,"minecraft:flint_and_steel":3,"minecraft:blast_furnace":1,"minecraft:filled_map":2,"minecraft:potato":1,"minecraft:oak_button":60,"minecraft:spruce_trapdoor":22,"minecraft:spruce_planks":20,"minecraft:diamond_pickaxe":5,"minecraft:andesite":240,"minecraft:golden_leggings":5,"minecraft:oak_sapling":451,"minecraft:carved_pumpkin":3,"minecraft:redstone_torch":1,"minecraft:spider_eye":2,"minecraft:stone_bricks":3,"minecraft:bamboo":1,"minecraft:brown_carpet":1,"minecraft:spruce_log":48,"minecraft:blue_orchid":2,"minecraft:calcite":19},"minecraft:custom":{"minecraft:interact_with_crafting_table":208,"minecraft:open_barrel":60,"minecraft:leave_game":11,"minecraft:time_since_death":7583,"minecraft:sprint_one_cm":1363925,"minecraft:drop":362,"minecraft:talked_to_villager":13,"minecraft:play_time":530153,"minecraft:deaths":4,"minecraft:jump":9213,"minecraft:walk_on_water_one_cm":76445,"minecraft:interact_with_furnace":218,"minecraft:sleep_in_bed":2,"minecraft:damage_dealt":49013,"minecraft:crouch_one_cm":148471,"minecraft:horse_one_cm":288868,"minecraft:interact_with_smithing_table":5,"minecraft:inspect_hopper":2,"minecraft:interact_with_anvil":4,"minecraft:mob_kills":295,"minecraft:damage_dealt_resisted":485,"minecraft:climb_one_cm":6892,"minecraft:walk_one_cm":1488636,"minecraft:sneak_time":41486,"minecraft:walk_under_water_one_cm":19804,"minecraft:interact_with_blast_furnace":39,"minecraft:total_world_time":530153,"minecraft:time_since_rest":7606,"minecraft:damage_taken":10839,"minecraft:damage_absorbed":30,"minecraft:swim_one_cm":21745,"minecraft:fly_one_cm":1687491,"minecraft:open_chest":322,"minecraft:fall_one_cm":267545}},"DataVersion":3465}