{"stats":{"minecraft:picked_up":{"minecraft:crafting_table":2,"minecraft:wheat":15,"minecraft:leather_leggings":5,"minecraft:golden_pickaxe":1,"quark:hollow_oak_log":1,"minecraft:string":5,"minecraft:moss_carpet":1,"minecraft:item_frame":2,"minecraft:experience_bottle":2,"minecraft:zombie_head":1,"minecraft:blackstone":27,"minecraft:cobbled_deepslate":4,"minecraft:rose_bush":2,"minecraft:redstone_torch":1,"minecraft:birch_sapling":2,"minecraft:raw_iron":64,"minecraft:stick":8,"minecraft:torch":4,"minecraft:acacia_log":18,"minecraft:spruce_stairs":1,"minecraft:redstone":31,"alexsmobs:centipede_leg":1,"minecraft:iron_horse_armor":1,"minecraft:stone_sword":1,"minecraft:arrow":3,"minecraft:rotten_flesh":11,"minecraft:hay_block":13,"minecraft:iron_block":1,"minecraft:obsidian":14,"minecraft:cobblestone":10,"minecraft:birch_log":8,"minecraft:magma_block":1,"minecraft:leather_chestplate":5,"minecraft:cooked_beef":1,"minecraft:andesite":6,"minecraft:leather":2,"minecraft:golden_leggings":2,"minecraft:tuff":4,"minecraft:oak_log":7,"minecraft:dirt":3,"minecraft:lantern":6,"minecraft:leather_boots":3,"minecraft:bone":3,"minecraft:wheat_seeds":43,"minecraft:raw_gold":27,"minecraft:rabbit_hide":9,"minecraft:stone_pickaxe":1,"minecraft:cooked_chicken":1,"minecraft:cobweb":5,"minecraft:oak_planks":2,"minecraft:acacia_sapling":3,"minecraft:smooth_basalt":36,"minecraft:spider_eye":1,"minecraft:leather_helmet":3,"minecraft:diamond":16,"minecraft:emerald":1,"minecraft:bread":9,"minecraft:coal":32,"minecraft:diamond_pickaxe":2},"minecraft:used":{"minecraft:iron_sword":143,"minecraft:cooked_chicken":1,"minecraft:torch":2,"minecraft:dirt":3,"minecraft:spruce_stairs":1,"minecraft:axolotl_bucket":2,"minecraft:lantern":5,"minecraft:iron_axe":12,"minecraft:smooth_basalt":11,"minecraft:item_frame":1,"minecraft:magma_block":1,"minecraft:cooked_beef":1,"minecraft:cobbled_deepslate":4,"minecraft:wheat_seeds":7,"minecraft:water_bucket":26,"minecraft:leather_leggings":1,"minecraft:birch_planks":24,"minecraft:stone_pickaxe":32,"minecraft:oak_planks":26,"minecraft:blackstone":22,"minecraft:leather_chestplate":1,"minecraft:leather_boots":1,"minecraft:golden_apple":1,"minecraft:crafting_table":4,"quark:hollow_oak_log":1,"minecraft:diamond_pickaxe":130,"minecraft:bread":28,"minecraft:iron_pickaxe":73,"minecraft:leather_helmet":1,"minecraft:golden_leggings":1,"minecraft:golden_helmet":1,"minecraft:cobblestone":9,"minecraft:bucket":28,"minecraft:andesite":2,"alexsmobs:animal_dictionary":2},"minecraft:custom":{"minecraft:interact_with_smithing_table":5,"minecraft:mob_kills":35,"minecraft:interact_with_crafting_table":4,"minecraft:open_barrel":11,"minecraft:leave_game":3,"minecraft:time_since_death":48839,"minecraft:climb_one_cm":2744,"minecraft:sprint_one_cm":196769,"minecraft:walk_one_cm":176068,"minecraft:drop":43,"minecraft:play_time":48839,"minecraft:sneak_time":8953,"minecraft:walk_under_water_one_cm":1066,"minecraft:jump":931,"minecraft:interact_with_blast_furnace":8,"minecraft:walk_on_water_one_cm":9834,"minecraft:total_world_time":48839,"minecraft:interact_with_furnace":1,"minecraft:sleep_in_bed":1,"minecraft:time_since_rest":38425,"minecraft:damage_taken":1522,"minecraft:damage_absorbed":30,"minecraft:damage_dealt":6307,"minecraft:fly_one_cm":181708,"minecraft:open_chest":24,"minecraft:crouch_one_cm":23232,"minecraft:fall_one_cm":32257},"minecraft:mined":{"minecraft:tuff":4,"minecraft:deepslate_diamond_ore":18,"minecraft:obsidian":14,"minecraft:acacia_log":9,"minecraft:grass_block":2,"minecraft:hay_block":13,"minecraft:redstone_ore":7,"minecraft:magma_block":1,"minecraft:iron_ore":17,"minecraft:fire":3,"minecraft:andesite":4,"minecraft:dirt_path":1,"minecraft:deepslate_iron_ore":21,"minecraft:lantern":5,"minecraft:stone":7,"minecraft:iron_block":1,"minecraft:blackstone":30,"minecraft:crafting_table":2,"minecraft:calcite":2,"minecraft:rose_bush":1,"minecraft:cobblestone":2,"minecraft:tall_grass":1,"minecraft:deepslate_gold_ore":19,"minecraft:spruce_stairs":1,"minecraft:birch_log":8,"minecraft:wheat":10,"minecraft:birch_leaves":12,"minecraft:coal_ore":34,"minecraft:oak_log":7,"quark:hollow_oak_log":1,"minecraft:smooth_basalt":40,"minecraft:oak_leaves":4,"minecraft:deepslate":8},"minecraft:dropped":{"minecraft:wheat_seeds":36,"minecraft:cobblestone":1,"minecraft:leather":1,"minecraft:acacia_log":18,"minecraft:leather_helmet":3,"minecraft:torch":2,"minecraft:iron_shovel":1,"minecraft:string":1,"minecraft:smooth_basalt":1,"minecraft:moss_carpet":1,"minecraft:blackstone":2,"minecraft:tuff":4,"minecraft:birch_sapling":2,"minecraft:rotten_flesh":11,"minecraft:leather_chestplate":3,"minecraft:diamond_pickaxe":2,"minecraft:andesite":4,"minecraft:leather_boots":2,"minecraft:golden_leggings":4,"minecraft:acacia_sapling":3,"minecraft:leather_leggings":5,"minecraft:redstone_torch":1,"minecraft:spider_eye":1,"minecraft:arrow":3},"minecraft:killed":{"minecraft:cave_spider":4,"minecraft:witch":2,"minecraft:spider":2,"minecraft:skeleton":3,"alexsmobs:rocky_roller":1,"minecraft:bat":1,"minecraft:zombie":20},"minecraft:crafted":{"minecraft:oak_planks":28,"minecraft:iron_axe":1,"minecraft:wheat":117,"minecraft:crafting_table":2,"minecraft:iron_sword":1,"minecraft:birch_planks":32,"minecraft:bread":44,"minecraft:air":0,"minecraft:diamond_pickaxe":1,"minecraft:stick":8,"minecraft:iron_ingot":72,"minecraft:iron_pickaxe":1,"minecraft:gold_ingot":3}},"DataVersion":3465}