{"stats":{"minecraft:picked_up":{"minecraft:wheat":32,"minecraft:flower_pot":3,"quark:hollow_oak_log":1,"minecraft:oak_stairs":5,"minecraft:stone_brick_stairs":36,"minecraft:string":31,"minecraft:cooked_salmon":53,"minecraft:smooth_stone_slab":5,"minecraft:zombie_head":3,"minecraft:experience_bottle":4,"minecraft:smooth_stone":1,"minecraft:cobbled_deepslate":56,"minecraft:comparator":6,"minecraft:spruce_planks":12,"minecraft:redstone_torch":1,"minecraft:rose_bush":2,"minecraft:iron_pickaxe":1,"minecraft:furnace":9,"minecraft:spruce_pressure_plate":3,"minecraft:stick":113,"minecraft:oak_fence":18,"minecraft:acacia_log":18,"minecraft:torch":13,"minecraft:spruce_stairs":3,"minecraft:porkchop":17,"alexsmobs:centipede_leg":1,"minecraft:brown_carpet":5,"minecraft:stone_sword":1,"minecraft:rotten_flesh":98,"minecraft:iron_block":1,"minecraft:carved_pumpkin":2,"minecraft:obsidian":29,"minecraft:cobblestone":628,"minecraft:birch_log":13,"minecraft:leather_chestplate":10,"minecraft:magma_block":1,"minecraft:cooked_beef":10,"minecraft:water_bucket":1,"minecraft:andesite":316,"minecraft:golden_leggings":2,"alexsmobs:bison_fur":2,"minecraft:flint":4,"minecraft:tuff":8,"minecraft:dirt":714,"minecraft:lantern":14,"minecraft:leather_boots":5,"minecraft:bone":75,"minecraft:wheat_seeds":114,"minecraft:raw_gold":43,"minecraft:moss_block":1,"minecraft:oak_planks":568,"ironfurnaces:iron_furnace":7,"minecraft:barrel":48,"minecraft:diamond":43,"minecraft:bread":42,"minecraft:emerald":2,"minecraft:oak_sapling":519,"minecraft:diamond_pickaxe":4,"minecraft:charcoal":10,"minecraft:crafting_table":10,"minecraft:chicken":5,"minecraft:golden_pickaxe":1,"minecraft:leather_leggings":5,"minecraft:gold_block":6,"minecraft:cornflower":1,"minecraft:oak_trapdoor":16,"minecraft:moss_carpet":1,"minecraft:stone_stairs":17,"minecraft:iron_axe":4,"minecraft:flint_and_steel":1,"minecraft:item_frame":2,"minecraft:blue_orchid":2,"minecraft:blackstone":68,"minecraft:candle":1,"minecraft:beef":14,"minecraft:andesite_stairs":4,"minecraft:iron_nugget":4,"minecraft:chest":1,"minecraft:birch_sapling":2,"minecraft:egg":2,"minecraft:spruce_trapdoor":22,"minecraft:raw_iron":78,"ironchest:iron_chest":2,"minecraft:redstone":93,"minecraft:iron_horse_armor":2,"minecraft:tnt":3,"minecraft:arrow":13,"ironfurnaces:gold_furnace":3,"minecraft:hay_block":24,"minecraft:leather":6,"minecraft:oak_log":518,"minecraft:cobblestone_stairs":6,"minecraft:white_banner":2,"minecraft:apple":25,"minecraft:stone_bricks":8,"minecraft:rabbit_hide":18,"minecraft:iron_ingot":35,"minecraft:oak_fence_gate":2,"minecraft:stone_pickaxe":2,"minecraft:cooked_chicken":1,"minecraft:cobweb":10,"minecraft:glass_bottle":2,"minecraft:acacia_sapling":3,"minecraft:iron_sword":3,"minecraft:scaffolding":2,"minecraft:oak_slab":40,"minecraft:smooth_basalt":197,"minecraft:gravel":19,"minecraft:red_banner":5,"minecraft:spruce_sapling":95,"minecraft:blast_furnace":4,"minecraft:white_bed":2,"minecraft:spruce_log":91,"quark:oak_chest":3,"minecraft:spider_eye":2,"minecraft:leather_helmet":3,"minecraft:oak_button":63,"minecraft:baked_potato":3,"minecraft:coal":311,"minecraft:ender_pearl":2},"minecraft:custom":{"minecraft:interact_with_crafting_table":153,"minecraft:open_barrel":12,"minecraft:leave_game":3,"minecraft:time_since_death":174536,"minecraft:sprint_one_cm":660620,"minecraft:drop":246,"minecraft:talked_to_villager":8,"minecraft:play_time":240839,"minecraft:deaths":1,"minecraft:jump":3920,"minecraft:walk_on_water_one_cm":39379,"minecraft:interact_with_furnace":97,"minecraft:sleep_in_bed":2,"minecraft:damage_dealt":19310,"minecraft:crouch_one_cm":77137,"minecraft:horse_one_cm":225052,"minecraft:interact_with_smithing_table":5,"minecraft:mob_kills":100,"minecraft:climb_one_cm":4192,"minecraft:walk_one_cm":731802,"minecraft:sneak_time":22441,"minecraft:walk_under_water_one_cm":3482,"minecraft:interact_with_blast_furnace":38,"minecraft:total_world_time":240839,"minecraft:time_since_rest":30504,"minecraft:damage_taken":3734,"minecraft:damage_absorbed":30,"minecraft:swim_one_cm":47,"minecraft:fly_one_cm":863259,"minecraft:open_chest":177,"minecraft:fall_one_cm":115502},"minecraft:used":{"minecraft:chest":1,"minecraft:stone":81,"minecraft:iron_sword":214,"ironchest:iron_chest":2,"minecraft:axolotl_bucket":2,"minecraft:lantern":16,"minecraft:stone_brick_stairs":19,"minecraft:stone_bricks":58,"minecraft:item_frame":1,"ironfurnaces:iron_furnace":9,"minecraft:magma_block":1,"minecraft:furnace":3,"minecraft:oak_sapling":2,"minecraft:egg":2,"minecraft:leather_leggings":1,"minecraft:stone_pickaxe":153,"minecraft:oak_planks":55,"minecraft:blackstone":28,"minecraft:ender_pearl":1,"minecraft:leather_chestplate":1,"minecraft:wooden_pickaxe":6,"minecraft:diamond_axe":124,"minecraft:golden_apple":1,"minecraft:blast_furnace":3,"expanded_combat:diamond_broad_sword":135,"quark:hollow_oak_log":1,"minecraft:bread":55,"minecraft:gravel":2,"minecraft:golden_helmet":1,"minecraft:andesite":53,"ironchest:wood_to_iron_chest_upgrade":2,"minecraft:oak_fence":7,"minecraft:oak_trapdoor":15,"ironfurnaces:gold_furnace":4,"minecraft:flint_and_steel":3,"minecraft:armor_stand":1,"minecraft:stone_shovel":7,"minecraft:wooden_shovel":7,"minecraft:cooked_salmon":15,"minecraft:cooked_chicken":1,"minecraft:torch":2,"minecraft:dirt":175,"minecraft:spruce_stairs":9,"minecraft:stone_stairs":25,"minecraft:oak_fence_gate":5,"minecraft:iron_axe":13,"minecraft:oak_stairs":38,"minecraft:barrel":9,"minecraft:smooth_basalt":87,"minecraft:cooked_beef":5,"minecraft:cobbled_deepslate":30,"minecraft:wheat_seeds":7,"minecraft:water_bucket":102,"minecraft:cobblestone_stairs":18,"minecraft:birch_planks":24,"minecraft:leather_boots":1,"minecraft:crafting_table":20,"minecraft:oak_slab":22,"minecraft:white_bed":3,"minecraft:campfire":11,"minecraft:oak_log":47,"minecraft:diamond_pickaxe":1222,"minecraft:diamond_shovel":430,"minecraft:oak_button":10,"minecraft:iron_pickaxe":73,"minecraft:spruce_pressure_plate":3,"minecraft:leather_helmet":1,"minecraft:spruce_trapdoor":23,"minecraft:golden_leggings":1,"minecraft:cobblestone":89,"minecraft:red_banner":3,"minecraft:andesite_stairs":11,"minecraft:bucket":104,"quark:oak_chest":7,"alexsmobs:animal_dictionary":2,"minecraft:candle":1},"minecraft:mined":{"minecraft:white_bed":2,"minecraft:oak_sapling":2,"minecraft:andesite_stairs":4,"minecraft:cobblestone_stairs":6,"minecraft:potted_blue_orchid":2,"minecraft:obsidian":14,"minecraft:spruce_trapdoor":1,"minecraft:acacia_log":9,"minecraft:grass_block":88,"minecraft:magma_block":1,"ironfurnaces:gold_furnace":3,"minecraft:barrel":1,"minecraft:iron_ore":27,"minecraft:fire":11,"minecraft:cobbled_deepslate":3,"minecraft:dirt_path":1,"minecraft:oak_stairs":4,"minecraft:spruce_pressure_plate":3,"minecraft:potted_cornflower":1,"minecraft:white_banner":2,"minecraft:iron_block":1,"minecraft:blackstone":68,"ironfurnaces:iron_furnace":7,"minecraft:blast_furnace":4,"minecraft:calcite":2,"minecraft:chest":1,"minecraft:cobblestone":10,"minecraft:oak_planks":2,"minecraft:stone_stairs":9,"minecraft:birch_log":13,"minecraft:wheat":10,"minecraft:stone_brick_stairs":8,"minecraft:grass":47,"minecraft:oak_log":328,"minecraft:oak_fence_gate":2,"minecraft:dirt":332,"quark:hollow_oak_log":1,"minecraft:smooth_basalt":115,"minecraft:oak_leaves":11,"minecraft:deepslate":69,"minecraft:tuff":6,"minecraft:deepslate_diamond_ore":44,"minecraft:candle":1,"minecraft:spruce_leaves":33,"minecraft:moss_block":1,"minecraft:large_fern":1,"minecraft:hay_block":24,"minecraft:redstone_ore":7,"minecraft:oak_trapdoor":3,"minecraft:furnace":3,"minecraft:andesite":183,"minecraft:deepslate_iron_ore":25,"minecraft:lantern":12,"ironchest:iron_chest":2,"minecraft:stone":626,"minecraft:acacia_leaves":1,"minecraft:scaffolding":2,"minecraft:comparator":1,"quark:oak_chest":3,"minecraft:brown_carpet":4,"minecraft:red_banner":3,"minecraft:oak_fence":6,"minecraft:crafting_table":10,"minecraft:rose_bush":1,"minecraft:campfire":5,"minecraft:tall_grass":17,"minecraft:deepslate_gold_ore":27,"minecraft:spruce_stairs":3,"minecraft:coarse_dirt":1,"minecraft:birch_leaves":19,"minecraft:spruce_log":27,"minecraft:red_wall_banner":2,"minecraft:coal_ore":145,"minecraft:gravel":13,"minecraft:oak_button":4,"minecraft:stone_bricks":8,"minecraft:fern":1},"minecraft:dropped":{"minecraft:iron_sword":2,"minecraft:cooked_beef":5,"minecraft:oak_log":134,"minecraft:baked_potato":2,"minecraft:diamond":2,"minecraft:crafting_table":1,"minecraft:leather":2,"minecraft:iron_horse_armor":2,"minecraft:leather_helmet":3,"minecraft:item_frame":1,"minecraft:cobblestone_stairs":2,"minecraft:gold_block":4,"minecraft:dirt":433,"minecraft:birch_log":5,"minecraft:bone":38,"minecraft:gravel":11,"alexsmobs:centipede_leg":1,"minecraft:blackstone":40,"minecraft:iron_nugget":2,"alexsmobs:animal_dictionary":1,"minecraft:cobbled_deepslate":19,"minecraft:birch_sapling":2,"minecraft:obsidian":1,"minecraft:rotten_flesh":89,"minecraft:oak_planks":232,"minecraft:stone_stairs":8,"minecraft:leather_chestplate":10,"minecraft:charcoal":4,"minecraft:leather_boots":3,"minecraft:acacia_sapling":3,"minecraft:leather_leggings":5,"minecraft:arrow":7,"minecraft:scaffolding":2,"minecraft:stone_brick_stairs":30,"minecraft:water_bucket":1,"minecraft:bread":19,"minecraft:oak_slab":8,"minecraft:wheat_seeds":82,"minecraft:golden_helmet":2,"minecraft:oak_fence":11,"minecraft:cobblestone":1,"minecraft:apple":18,"minecraft:acacia_log":18,"minecraft:coal":46,"minecraft:stick":23,"minecraft:torch":5,"minecraft:rose_bush":2,"minecraft:cooked_salmon":38,"minecraft:zombie_head":2,"minecraft:iron_axe":3,"minecraft:smooth_stone":1,"minecraft:iron_shovel":1,"minecraft:string":1,"minecraft:spruce_sapling":57,"minecraft:smooth_basalt":109,"minecraft:moss_carpet":1,"minecraft:oak_trapdoor":8,"minecraft:tuff":8,"minecraft:chicken":4,"minecraft:iron_boots":1,"minecraft:comparator":2,"minecraft:flint_and_steel":1,"minecraft:oak_button":60,"minecraft:spruce_trapdoor":20,"minecraft:spruce_planks":16,"minecraft:diamond_pickaxe":4,"minecraft:andesite":173,"minecraft:golden_leggings":5,"minecraft:oak_sapling":451,"minecraft:carved_pumpkin":2,"minecraft:redstone_torch":1,"minecraft:spider_eye":1,"minecraft:brown_carpet":1,"minecraft:spruce_log":48},"minecraft:broken":{"minecraft:golden_helmet":1},"minecraft:killed":{"minecraft:cave_spider":4,"minecraft:witch":2,"minecraft:spider":7,"minecraft:skeleton":13,"quark:shiba":1,"minecraft:chicken":1,"minecraft:pig":8,"minecraft:zombie":48,"minecraft:cow":3,"quark:toretoise":2,"minecraft:phantom":3,"alexsmobs:bison":1,"alexsmobs:rocky_roller":1,"minecraft:bat":1,"minecraft:enderman":1},"minecraft:crafted":{"minecraft:smooth_stone":1,"minecraft:oak_planks":916,"minecraft:barrel":47,"ironfurnaces:iron_furnace":3,"minecraft:stone":0,"minecraft:cobblestone_stairs":16,"minecraft:diamond_shovel":1,"expanded_combat:diamond_broad_sword":1,"minecraft:diamond_helmet":1,"minecraft:diamond_leggings":1,"minecraft:oak_button":20,"minecraft:stone_bricks":148,"minecraft:oak_fence":6,"minecraft:oak_slab":156,"minecraft:wooden_shovel":1,"minecraft:diamond_axe":1,"minecraft:crafting_table":11,"minecraft:spruce_planks":108,"minecraft:wooden_pickaxe":1,"minecraft:gold_block":3,"minecraft:birch_planks":32,"minecraft:campfire":11,"minecraft:stone_brick_stairs":40,"minecraft:spruce_trapdoor":26,"minecraft:diamond_pickaxe":2,"minecraft:stick":88,"quark:oak_chest":4,"minecraft:iron_ingot":88,"minecraft:iron_pickaxe":1,"minecraft:andesite_stairs":12,"minecraft:gold_ingot":50,"minecraft:stone_shovel":1,"minecraft:smooth_stone_slab":6,"ironfurnaces:gold_furnace":1,"minecraft:iron_nugget":36,"minecraft:furnace":8,"minecraft:flint_and_steel":1,"minecraft:oak_trapdoor":8,"minecraft:stone_stairs":20,"minecraft:lantern":3,"minecraft:spruce_stairs":16,"minecraft:iron_axe":1,"minecraft:stone_pickaxe":1,"minecraft:diamond_boots":1,"minecraft:wheat":216,"minecraft:cooked_beef":1,"ironchest:wood_to_iron_chest_upgrade":2,"minecraft:diamond_sword":1,"minecraft:iron_sword":1,"minecraft:cooked_salmon":14,"minecraft:bread":82,"minecraft:air":0,"minecraft:oak_fence_gate":3,"minecraft:white_wool":3,"minecraft:oak_stairs":64,"minecraft:armor_stand":1,"minecraft:white_bed":1,"minecraft:torch":12,"minecraft:diamond_chestplate":1}},"DataVersion":3465}