{"stats":{"minecraft:picked_up":{"minecraft:crafting_table":8,"minecraft:wheat":15,"minecraft:chicken":5,"minecraft:leather_leggings":5,"minecraft:golden_pickaxe":1,"quark:hollow_oak_log":1,"minecraft:stone_brick_stairs":3,"minecraft:stone_stairs":5,"minecraft:string":19,"minecraft:cooked_salmon":2,"minecraft:moss_carpet":1,"minecraft:iron_axe":4,"minecraft:item_frame":2,"minecraft:experience_bottle":4,"minecraft:zombie_head":3,"minecraft:blackstone":68,"minecraft:cobbled_deepslate":56,"minecraft:comparator":1,"minecraft:spruce_planks":12,"minecraft:beef":13,"minecraft:rose_bush":2,"minecraft:redstone_torch":1,"minecraft:iron_pickaxe":1,"minecraft:chest":1,"minecraft:birch_sapling":2,"minecraft:spruce_trapdoor":18,"minecraft:furnace":3,"minecraft:egg":2,"minecraft:spruce_pressure_plate":3,"minecraft:raw_iron":78,"minecraft:stick":93,"minecraft:oak_fence":8,"minecraft:torch":4,"minecraft:acacia_log":18,"minecraft:spruce_stairs":1,"ironchest:iron_chest":2,"minecraft:redstone":62,"alexsmobs:centipede_leg":1,"minecraft:iron_horse_armor":2,"minecraft:tnt":1,"minecraft:stone_sword":1,"minecraft:arrow":5,"minecraft:rotten_flesh":45,"ironfurnaces:gold_furnace":2,"minecraft:hay_block":13,"minecraft:carved_pumpkin":2,"minecraft:iron_block":1,"minecraft:obsidian":29,"minecraft:cobblestone":607,"minecraft:birch_log":13,"minecraft:magma_block":1,"minecraft:leather_chestplate":10,"minecraft:cooked_beef":10,"minecraft:water_bucket":1,"minecraft:andesite":284,"minecraft:leather":4,"minecraft:golden_leggings":2,"alexsmobs:bison_fur":2,"minecraft:flint":4,"minecraft:tuff":8,"minecraft:oak_log":444,"minecraft:cobblestone_stairs":2,"minecraft:dirt":404,"minecraft:lantern":13,"minecraft:leather_boots":5,"minecraft:bone":71,"minecraft:apple":13,"minecraft:stone_bricks":4,"minecraft:wheat_seeds":48,"minecraft:raw_gold":43,"minecraft:rabbit_hide":18,"minecraft:stone_pickaxe":2,"minecraft:cooked_chicken":1,"minecraft:cobweb":10,"minecraft:glass_bottle":2,"minecraft:moss_block":1,"ironfurnaces:iron_furnace":5,"minecraft:iron_sword":3,"minecraft:oak_planks":20,"minecraft:acacia_sapling":3,"minecraft:smooth_basalt":197,"minecraft:gravel":13,"minecraft:spruce_log":27,"minecraft:spruce_sapling":38,"minecraft:blast_furnace":3,"quark:oak_chest":1,"minecraft:spider_eye":2,"minecraft:leather_helmet":3,"minecraft:diamond":43,"minecraft:emerald":2,"minecraft:bread":23,"minecraft:baked_potato":1,"minecraft:oak_sapling":292,"minecraft:coal":204,"minecraft:ender_pearl":2,"minecraft:diamond_pickaxe":4},"minecraft:used":{"ironchest:wood_to_iron_chest_upgrade":2,"ironfurnaces:gold_furnace":3,"minecraft:stone_shovel":7,"minecraft:chest":1,"minecraft:stone":56,"minecraft:iron_sword":214,"minecraft:wooden_shovel":7,"minecraft:cooked_salmon":3,"minecraft:cooked_chicken":1,"minecraft:torch":2,"minecraft:dirt":79,"minecraft:spruce_stairs":1,"minecraft:stone_stairs":14,"ironchest:iron_chest":2,"minecraft:axolotl_bucket":2,"minecraft:lantern":12,"minecraft:iron_axe":13,"minecraft:stone_brick_stairs":7,"minecraft:stone_bricks":44,"minecraft:smooth_basalt":87,"minecraft:item_frame":1,"ironfurnaces:iron_furnace":7,"minecraft:magma_block":1,"minecraft:oak_sapling":2,"minecraft:furnace":3,"minecraft:egg":2,"minecraft:cooked_beef":5,"minecraft:cobbled_deepslate":30,"minecraft:wheat_seeds":7,"minecraft:water_bucket":98,"minecraft:leather_leggings":1,"minecraft:cobblestone_stairs":8,"minecraft:birch_planks":24,"minecraft:stone_pickaxe":153,"minecraft:oak_planks":55,"minecraft:blackstone":28,"minecraft:wooden_pickaxe":6,"minecraft:leather_chestplate":1,"minecraft:diamond_axe":81,"minecraft:leather_boots":1,"minecraft:golden_apple":1,"minecraft:crafting_table":15,"minecraft:blast_furnace":3,"expanded_combat:diamond_broad_sword":50,"minecraft:oak_log":22,"quark:hollow_oak_log":1,"minecraft:diamond_pickaxe":1120,"minecraft:diamond_shovel":390,"minecraft:bread":51,"minecraft:iron_pickaxe":73,"minecraft:spruce_pressure_plate":3,"minecraft:leather_helmet":1,"minecraft:golden_leggings":1,"minecraft:golden_helmet":1,"minecraft:cobblestone":51,"minecraft:andesite_stairs":2,"minecraft:bucket":100,"minecraft:andesite":42,"quark:oak_chest":3,"alexsmobs:animal_dictionary":2},"minecraft:custom":{"minecraft:interact_with_smithing_table":5,"minecraft:mob_kills":69,"minecraft:interact_with_crafting_table":78,"minecraft:open_barrel":12,"minecraft:leave_game":3,"minecraft:time_since_death":102536,"minecraft:climb_one_cm":2744,"minecraft:sprint_one_cm":495139,"minecraft:walk_one_cm":516032,"minecraft:drop":148,"minecraft:play_time":168839,"minecraft:deaths":1,"minecraft:sneak_time":20837,"minecraft:walk_under_water_one_cm":3312,"minecraft:jump":3009,"minecraft:interact_with_blast_furnace":37,"minecraft:walk_on_water_one_cm":37988,"minecraft:total_world_time":168839,"minecraft:interact_with_furnace":82,"minecraft:sleep_in_bed":1,"minecraft:time_since_rest":102560,"minecraft:damage_taken":2993,"minecraft:damage_absorbed":30,"minecraft:damage_dealt":13877,"minecraft:swim_one_cm":47,"minecraft:fly_one_cm":678217,"minecraft:open_chest":120,"minecraft:crouch_one_cm":70583,"minecraft:fall_one_cm":92761},"minecraft:mined":{"minecraft:tuff":6,"minecraft:oak_sapling":2,"minecraft:deepslate_diamond_ore":44,"minecraft:cobblestone_stairs":2,"minecraft:obsidian":14,"minecraft:acacia_log":9,"minecraft:grass_block":74,"minecraft:spruce_leaves":33,"minecraft:moss_block":1,"minecraft:hay_block":13,"minecraft:redstone_ore":7,"minecraft:magma_block":1,"minecraft:furnace":3,"ironfurnaces:gold_furnace":2,"minecraft:cobbled_deepslate":3,"minecraft:iron_ore":27,"minecraft:fire":9,"minecraft:andesite":180,"minecraft:dirt_path":1,"minecraft:deepslate_iron_ore":25,"minecraft:lantern":12,"minecraft:spruce_pressure_plate":3,"ironchest:iron_chest":2,"minecraft:stone":606,"minecraft:iron_block":1,"minecraft:acacia_leaves":1,"minecraft:comparator":1,"minecraft:blackstone":68,"quark:oak_chest":1,"ironfurnaces:iron_furnace":5,"minecraft:oak_fence":2,"minecraft:crafting_table":8,"minecraft:blast_furnace":3,"minecraft:calcite":2,"minecraft:chest":1,"minecraft:rose_bush":1,"minecraft:cobblestone":8,"minecraft:tall_grass":4,"minecraft:deepslate_gold_ore":27,"minecraft:oak_planks":2,"minecraft:spruce_stairs":1,"minecraft:stone_stairs":5,"minecraft:coarse_dirt":1,"minecraft:stone_brick_stairs":3,"minecraft:birch_log":13,"minecraft:wheat":10,"minecraft:spruce_log":27,"minecraft:birch_leaves":19,"minecraft:grass":20,"minecraft:coal_ore":94,"minecraft:oak_log":321,"minecraft:gravel":12,"minecraft:dirt":310,"quark:hollow_oak_log":1,"minecraft:smooth_basalt":115,"minecraft:stone_bricks":4,"minecraft:fern":1,"minecraft:oak_leaves":11,"minecraft:deepslate":69},"minecraft:dropped":{"minecraft:water_bucket":1,"minecraft:iron_sword":2,"minecraft:wheat_seeds":37,"minecraft:golden_helmet":2,"minecraft:cooked_beef":5,"minecraft:oak_log":98,"minecraft:diamond":2,"minecraft:crafting_table":1,"minecraft:oak_fence":6,"minecraft:cobblestone":1,"minecraft:apple":6,"minecraft:leather":2,"minecraft:iron_horse_armor":2,"minecraft:acacia_log":18,"minecraft:leather_helmet":3,"minecraft:item_frame":1,"minecraft:stick":20,"minecraft:dirt":20,"minecraft:torch":2,"minecraft:rose_bush":2,"minecraft:zombie_head":2,"minecraft:iron_axe":3,"minecraft:iron_shovel":1,"minecraft:string":1,"minecraft:birch_log":5,"minecraft:spruce_sapling":19,"minecraft:bone":38,"minecraft:smooth_basalt":109,"minecraft:gravel":6,"alexsmobs:centipede_leg":1,"minecraft:moss_carpet":1,"minecraft:blackstone":40,"alexsmobs:animal_dictionary":1,"minecraft:cobbled_deepslate":19,"minecraft:tuff":8,"minecraft:birch_sapling":2,"minecraft:obsidian":1,"minecraft:chicken":4,"minecraft:rotten_flesh":41,"minecraft:iron_boots":1,"minecraft:leather_chestplate":10,"minecraft:spruce_trapdoor":18,"minecraft:spruce_planks":12,"minecraft:diamond_pickaxe":4,"minecraft:andesite":144,"minecraft:carved_pumpkin":2,"minecraft:oak_sapling":193,"minecraft:leather_boots":3,"minecraft:golden_leggings":5,"minecraft:acacia_sapling":3,"minecraft:leather_leggings":5,"minecraft:redstone_torch":1,"minecraft:spider_eye":1,"minecraft:arrow":3},"minecraft:broken":{"minecraft:golden_helmet":1},"minecraft:killed":{"minecraft:cave_spider":4,"minecraft:witch":2,"minecraft:spider":6,"quark:toretoise":2,"minecraft:phantom":1,"minecraft:skeleton":10,"minecraft:chicken":1,"alexsmobs:bison":1,"alexsmobs:rocky_roller":1,"minecraft:bat":1,"minecraft:zombie":33,"minecraft:cow":2,"minecraft:enderman":1},"minecraft:crafted":{"minecraft:oak_planks":780,"minecraft:barrel":47,"minecraft:stone_shovel":1,"ironfurnaces:gold_furnace":1,"minecraft:furnace":8,"ironfurnaces:iron_furnace":3,"minecraft:cobblestone_stairs":16,"minecraft:stone":0,"minecraft:diamond_shovel":1,"minecraft:stone_stairs":12,"expanded_combat:diamond_broad_sword":1,"minecraft:diamond_helmet":1,"minecraft:diamond_leggings":1,"minecraft:iron_axe":1,"minecraft:stone_pickaxe":1,"minecraft:diamond_boots":1,"minecraft:stone_bricks":148,"minecraft:wheat":117,"minecraft:cooked_beef":1,"minecraft:oak_slab":126,"ironchest:wood_to_iron_chest_upgrade":2,"minecraft:wooden_shovel":1,"minecraft:diamond_sword":1,"minecraft:diamond_axe":1,"minecraft:crafting_table":8,"minecraft:spruce_planks":20,"minecraft:wooden_pickaxe":1,"minecraft:iron_sword":1,"minecraft:cooked_salmon":14,"minecraft:gold_block":3,"minecraft:birch_planks":32,"minecraft:bread":44,"minecraft:air":0,"minecraft:stone_brick_stairs":40,"minecraft:spruce_trapdoor":6,"minecraft:andesite_stairs":12,"minecraft:diamond_pickaxe":2,"minecraft:oak_stairs":64,"minecraft:stick":24,"quark:oak_chest":2,"minecraft:iron_ingot":87,"minecraft:iron_pickaxe":1,"minecraft:gold_ingot":32,"minecraft:diamond_chestplate":1}},"DataVersion":3465}