{"stats":{"minecraft:crafted":{"minecraft:cooked_cod":10,"minecraft:oak_planks":20,"minecraft:crafting_table":4,"minecraft:spruce_planks":12,"minecraft:wooden_pickaxe":2,"minecraft:furnace":1,"minecraft:stone_axe":2,"minecraft:air":0,"minecraft:stick":12,"minecraft:stone_pickaxe":3,"minecraft:stone_sword":2,"minecraft:torch":16},"minecraft:custom":{"minecraft:interact_with_furnace":20,"minecraft:mob_kills":12,"minecraft:interact_with_crafting_table":7,"minecraft:time_since_death":19198,"minecraft:climb_one_cm":214,"minecraft:time_since_rest":19227,"minecraft:sprint_one_cm":51737,"minecraft:damage_taken":903,"minecraft:walk_one_cm":62225,"minecraft:drop":25,"minecraft:damage_dealt":898,"minecraft:swim_one_cm":54260,"minecraft:fly_one_cm":53222,"minecraft:crouch_one_cm":2558,"minecraft:play_time":27540,"minecraft:deaths":1,"minecraft:sneak_time":2003,"minecraft:walk_under_water_one_cm":12744,"minecraft:jump":401,"minecraft:walk_on_water_one_cm":15305,"minecraft:total_world_time":27540,"minecraft:fall_one_cm":10219},"minecraft:mined":{"minecraft:oak_sapling":1,"minecraft:crafting_table":2,"minecraft:grass_block":6,"minecraft:tall_grass":27,"minecraft:copper_ore":1,"minecraft:spruce_leaves":2,"minecraft:wall_torch":2,"minecraft:large_fern":5,"minecraft:white_terracotta":1,"minecraft:coarse_dirt":1,"minecraft:furnace":3,"minecraft:birch_log":5,"minecraft:iron_ore":2,"minecraft:spruce_log":2,"minecraft:birch_leaves":14,"minecraft:grass":39,"minecraft:oak_log":9,"minecraft:coal_ore":50,"minecraft:dirt":4,"minecraft:stone":90,"minecraft:oak_leaves":47,"minecraft:fern":8},"minecraft:used":{"minecraft:stone_sword":23,"minecraft:stone_pickaxe":145,"minecraft:wooden_pickaxe":11,"minecraft:white_terracotta":1,"minecraft:torch":3,"minecraft:dirt":10,"minecraft:crafting_table":4,"minecraft:apple":1,"minecraft:bread":6,"minecraft:birch_sapling":1,"minecraft:spruce_sapling":1,"minecraft:stone_axe":24,"minecraft:cobblestone":2,"minecraft:sweet_berries":3,"minecraft:oak_sapling":3,"minecraft:furnace":3,"minecraft:cooked_cod":7,"alexsmobs:animal_dictionary":1,"minecraft:coarse_dirt":2},"minecraft:broken":{"minecraft:stone_pickaxe":1},"minecraft:dropped":{"minecraft:stone_axe":3,"alexsmobs:maggot":1,"minecraft:wheat_seeds":10,"minecraft:stone_sword":2,"alexsmobs:animal_dictionary":1,"minecraft:raw_copper":2,"minecraft:ender_pearl":1,"minecraft:apple":1,"minecraft:wooden_pickaxe":1,"minecraft:stone_pickaxe":3},"minecraft:picked_up":{"minecraft:birch_log":5,"minecraft:coarse_dirt":2,"minecraft:crafting_table":2,"minecraft:oak_log":9,"minecraft:dirt":10,"minecraft:raw_copper":2,"minecraft:apple":2,"minecraft:wheat_seeds":10,"minecraft:stone_pickaxe":2,"minecraft:birch_sapling":1,"minecraft:furnace":3,"minecraft:stick":15,"minecraft:raw_iron":2,"minecraft:sweet_berries":3,"minecraft:torch":3,"minecraft:spruce_sapling":1,"minecraft:spruce_log":3,"minecraft:stone_sword":1,"minecraft:stone_axe":2,"minecraft:bread":6,"minecraft:white_terracotta":1,"alexsmobs:maggot":1,"minecraft:oak_sapling":3,"minecraft:coal":93,"minecraft:cod":10,"minecraft:cobblestone":89,"minecraft:ender_pearl":1},"minecraft:killed":{"alexsmobs:lobster":1,"minecraft:spider":1,"minecraft:cod":10}},"DataVersion":3465}