{"stats":{"minecraft:crafted":{"minecraft:oak_planks":56,"minecraft:crafting_table":3,"minecraft:wooden_pickaxe":3,"minecraft:furnace":1,"minecraft:stone_axe":2,"minecraft:stick":28,"minecraft:iron_ingot":9,"minecraft:stone_pickaxe":3,"minecraft:stone_sword":2,"minecraft:torch":16},"minecraft:custom":{"minecraft:interact_with_smithing_table":3,"minecraft:interact_with_furnace":3,"minecraft:mob_kills":20,"minecraft:interact_with_crafting_table":9,"minecraft:time_since_death":7501,"minecraft:sleep_in_bed":1,"minecraft:climb_one_cm":1138,"minecraft:time_since_rest":5243,"minecraft:sprint_one_cm":97848,"minecraft:damage_taken":1005,"minecraft:walk_one_cm":72063,"minecraft:drop":17,"minecraft:damage_dealt":1563,"minecraft:swim_one_cm":15100,"minecraft:talked_to_villager":2,"minecraft:fly_one_cm":106877,"minecraft:crouch_one_cm":1116,"minecraft:play_time":26263,"minecraft:deaths":2,"minecraft:sneak_time":463,"minecraft:walk_under_water_one_cm":5866,"minecraft:jump":626,"minecraft:walk_on_water_one_cm":4065,"minecraft:total_world_time":26263,"minecraft:fall_one_cm":26232},"minecraft:killed_by":{"minecraft:player":1},"minecraft:mined":{"minecraft:acacia_leaves":3,"minecraft:oak_sapling":1,"minecraft:white_bed":1,"minecraft:crafting_table":3,"minecraft:grass_block":1,"minecraft:dead_bush":1,"minecraft:tall_grass":13,"minecraft:moss_block":1,"minecraft:wall_torch":3,"minecraft:furnace":1,"minecraft:wheat":24,"minecraft:azure_bluet":1,"minecraft:grass":17,"minecraft:coal_ore":29,"minecraft:oak_log":115,"minecraft:dirt":6,"minecraft:stone":160,"minecraft:iron_block":1,"minecraft:oak_leaves":37},"minecraft:used":{"alexsmobs:emu_egg":1,"minecraft:moss_block":1,"minecraft:wheat_seeds":19,"minecraft:stone_sword":52,"minecraft:stone_pickaxe":180,"minecraft:wooden_pickaxe":22,"minecraft:torch":3,"minecraft:dirt":7,"minecraft:crafting_table":4,"minecraft:carrot":1,"minecraft:apple":5,"minecraft:item_frame":1,"minecraft:stone_axe":46,"minecraft:oak_sapling":35,"minecraft:furnace":1,"minecraft:porkchop":1},"minecraft:broken":{"minecraft:stone_pickaxe":1},"minecraft:dropped":{"minecraft:wheat_seeds":47,"alexsmobs:animal_dictionary":1,"minecraft:wheat":1,"minecraft:stick":2,"minecraft:wooden_pickaxe":2},"minecraft:picked_up":{"minecraft:crafting_table":3,"minecraft:wheat":24,"minecraft:salmon":7,"minecraft:leather":2,"minecraft:oak_log":115,"minecraft:dirt":7,"minecraft:item_frame":1,"minecraft:apple":5,"minecraft:wheat_seeds":66,"minecraft:beef":1,"minecraft:moss_block":1,"minecraft:stick":18,"minecraft:torch":3,"minecraft:porkchop":28,"minecraft:white_bed":1,"minecraft:carrot":1,"minecraft:iron_block":1,"alexsmobs:emu_egg":1,"minecraft:oak_sapling":35,"minecraft:black_wool":1,"minecraft:mutton":6,"minecraft:coal":28,"minecraft:white_wool":3,"minecraft:cobblestone":157},"minecraft:killed":{"minecraft:pig":8,"minecraft:salmon":7,"minecraft:sheep":4,"minecraft:cow":1}},"DataVersion":3465}