{"stats":{"minecraft:mined":{"minecraft:spruce_planks":2,"minecraft:white_bed":4,"minecraft:oak_sapling":1,"minecraft:cobblestone_stairs":1,"minecraft:obsidian":8,"minecraft:grass_block":92,"minecraft:oxeye_daisy":1,"minecraft:tall_seagrass":1,"minecraft:magma_block":2,"minecraft:iron_ore":49,"minecraft:fire":7,"minecraft:barrel":1,"minecraft:deepslate_lapis_ore":2,"minecraft:azure_bluet":4,"minecraft:oak_stairs":3,"minecraft:azalea":1,"minecraft:iron_block":1,"minecraft:tripwire":1,"minecraft:red_bed":1,"minecraft:blackstone":98,"minecraft:torch":2,"minecraft:poppy":1,"minecraft:dead_bush":1,"minecraft:cobblestone":23,"minecraft:grindstone":1,"minecraft:oak_planks":73,"minecraft:damaged_anvil":1,"minecraft:wall_torch":13,"minecraft:stone_stairs":3,"minecraft:birch_log":8,"minecraft:wheat":27,"minecraft:stone_brick_stairs":5,"minecraft:grass":949,"minecraft:oak_log":362,"minecraft:beetroots":1,"minecraft:oak_fence_gate":5,"minecraft:dirt":502,"minecraft:oak_leaves":49,"minecraft:deepslate":116,"minecraft:tuff":4,"minecraft:deepslate_diamond_ore":28,"minecraft:ladder":4,"minecraft:spruce_fence":1,"minecraft:decorated_pot":1,"minecraft:moss_block":1,"minecraft:hay_block":12,"minecraft:oak_trapdoor":1,"minecraft:furnace":3,"minecraft:carrots":17,"minecraft:andesite":170,"minecraft:bookshelf":33,"minecraft:potatoes":4,"minecraft:deepslate_iron_ore":20,"minecraft:stone":859,"minecraft:white_wool":1,"minecraft:oak_slab":2,"minecraft:acacia_leaves":3,"minecraft:dandelion":11,"minecraft:crafting_table":9,"minecraft:cornflower":1,"minecraft:emerald_ore":1,"minecraft:lectern":17,"minecraft:campfire":1,"minecraft:tall_grass":386,"minecraft:copper_ore":2,"minecraft:spruce_stairs":1,"minecraft:coal_ore":89,"minecraft:gravel":9,"minecraft:cyan_carpet":18,"minecraft:stone_bricks":10,"minecraft:fern":3},"minecraft:killed_by":{"minecraft:zombie":1,"minecraft:player":1},"minecraft:killed":{"guardvillagers:guard":2,"minecraft:spider":14,"minecraft:skeleton":20,"minecraft:chicken":5,"minecraft:pig":16,"minecraft:zombie_villager":1,"minecraft:salmon":23,"minecraft:creeper":3,"minecraft:sheep":17,"minecraft:zombie":30,"alexsmobs:fly":1,"minecraft:cow":21,"alexsmobs:raccoon":2,"alexsmobs:gazelle":1,"minecraft:villager":2,"minecraft:enderman":1},"minecraft:crafted":{"minecraft:oak_planks":586,"minecraft:yellow_wool":4,"minecraft:oak_sign":9,"minecraft:cooked_chicken":1,"usefulbackpacks:backpack_small":2,"minecraft:stone":151,"minecraft:cobblestone_stairs":12,"minecraft:bookshelf":22,"minecraft:cooked_mutton":6,"minecraft:stone_brick_slab":24,"minecraft:chiseled_stone_bricks":12,"minecraft:stone_hoe":1,"minecraft:oak_fence":6,"minecraft:stone_bricks":84,"minecraft:oak_slab":6,"minecraft:cooked_porkchop":19,"minecraft:crafting_table":4,"minecraft:wooden_pickaxe":3,"minecraft:birch_planks":32,"minecraft:campfire":5,"minecraft:stone_brick_stairs":20,"minecraft:diamond_pickaxe":1,"minecraft:charcoal":53,"minecraft:yellow_dye":9,"minecraft:shield":1,"minecraft:stick":88,"quark:oak_chest":18,"minecraft:iron_ingot":76,"minecraft:iron_pickaxe":2,"minecraft:stone_sword":2,"minecraft:light_gray_dye":1,"artifacts:eternal_steak":1,"minecraft:stone_shovel":4,"minecraft:furnace":7,"minecraft:oak_trapdoor":6,"minecraft:stone_stairs":16,"minecraft:ladder":4,"minecraft:stone_pickaxe":9,"usefulbackpacks:backpack_medium":1,"minecraft:wheat":108,"minecraft:cooked_beef":14,"minecraft:diamond_sword":1,"minecraft:enchanting_table":1,"minecraft:iron_sword":1,"minecraft:cooked_salmon":5,"minecraft:bucket":1,"minecraft:stone_axe":5,"minecraft:bread":36,"minecraft:air":0,"minecraft:oak_boat":1,"minecraft:oak_fence_gate":2,"minecraft:white_wool":1,"minecraft:oak_stairs":48,"minecraft:torch":52},"minecraft:used":{"alexsmobs:emu_egg":1,"minecraft:moss_block":1,"minecraft:ladder":5,"minecraft:oak_sign":9,"minecraft:decorated_pot":1,"minecraft:shield":20,"minecraft:stone":37,"minecraft:iron_sword":187,"minecraft:carrot":23,"minecraft:grass_block":1,"minecraft:stone_brick_stairs":25,"minecraft:stone_bricks":52,"minecraft:item_frame":1,"minecraft:bow":16,"minecraft:furnace":9,"minecraft:oak_sapling":128,"minecraft:potato":22,"minecraft:damaged_anvil":1,"minecraft:stone_pickaxe":1031,"minecraft:oak_planks":100,"minecraft:blackstone":7,"minecraft:wooden_pickaxe":22,"artifacts:eternal_steak":37,"minecraft:white_wool":1,"spartanweaponry:iron_flanged_mace":78,"minecraft:crossbow":1,"spartanweaponry:iron_saber":24,"minecraft:bread":31,"minecraft:string":1,"minecraft:lectern":17,"minecraft:gravel":1,"minecraft:andesite":15,"minecraft:oak_boat":6,"minecraft:oak_fence":4,"minecraft:oak_trapdoor":7,"minecraft:enchanting_table":1,"minecraft:stone_sword":133,"minecraft:flint_and_steel":3,"minecraft:stone_shovel":541,"minecraft:spruce_planks":6,"minecraft:cooked_salmon":5,"minecraft:stone_hoe":36,"minecraft:cooked_chicken":1,"minecraft:torch":51,"minecraft:dirt":173,"minecraft:spruce_stairs":1,"minecraft:stone_stairs":17,"minecraft:oak_fence_gate":7,"minecraft:bookshelf":24,"minecraft:oak_stairs":51,"minecraft:bamboo":1,"spartanweaponry:iron_battle_hammer":49,"minecraft:cooked_beef":7,"minecraft:cobbled_deepslate":1,"minecraft:wheat_seeds":19,"minecraft:cooked_mutton":6,"minecraft:water_bucket":25,"minecraft:cobblestone_stairs":11,"minecraft:salmon":2,"minecraft:oak_slab":2,"minecraft:crafting_table":11,"minecraft:red_bed":1,"minecraft:campfire":5,"minecraft:white_bed":4,"minecraft:oak_log":31,"minecraft:diamond_pickaxe":8,"minecraft:black_wool":1,"minecraft:apple":7,"minecraft:iron_pickaxe":487,"minecraft:stone_axe":243,"minecraft:chiseled_stone_bricks":11,"minecraft:cobblestone":100,"minecraft:cooked_porkchop":19,"minecraft:porkchop":1,"minecraft:bucket":26,"quark:oak_chest":18},"minecraft:picked_up":{"minecraft:iron_chestplate":1,"minecraft:wheat":27,"minecraft:oak_stairs":3,"minecraft:enchanted_book":1,"minecraft:stone_brick_stairs":5,"alexsmobs:gazelle_horn":1,"minecraft:string":17,"minecraft:raw_copper":9,"minecraft:armor_stand":4,"minecraft:oak_sign":1,"minecraft:beetroot":2,"minecraft:cobbled_deepslate":115,"minecraft:bucket":1,"minecraft:spruce_planks":10,"minecraft:azalea":1,"alexsmobs:raccoon_tail":1,"minecraft:furnace":2,"minecraft:stick":83,"minecraft:torch":17,"minecraft:spruce_stairs":1,"minecraft:porkchop":45,"minecraft:rotten_flesh":34,"minecraft:iron_block":1,"alexsmobs:emu_egg":1,"minecraft:bookshelf":2,"minecraft:obsidian":9,"minecraft:cobblestone":877,"minecraft:birch_log":8,"minecraft:magma_block":2,"minecraft:leather_chestplate":4,"minecraft:feather":3,"minecraft:water_bucket":1,"minecraft:andesite":170,"minecraft:brown_wool":1,"minecraft:potato":11,"minecraft:tuff":4,"minecraft:lapis_lazuli":5,"minecraft:dirt":632,"minecraft:leather_boots":4,"minecraft:bone":25,"minecraft:bow":4,"minecraft:wheat_seeds":254,"minecraft:grindstone":1,"minecraft:bamboo":1,"minecraft:moss_block":1,"minecraft:oak_planks":73,"spartanweaponry:iron_saber":1,"minecraft:cooked_porkchop":7,"minecraft:grass_block":1,"minecraft:barrel":1,"minecraft:diamond":37,"minecraft:writable_book":1,"minecraft:crossbow":1,"minecraft:bone_meal":2,"minecraft:emerald":2,"alexsmobs:maggot":4,"minecraft:oak_sapling":152,"minecraft:charcoal":2,"minecraft:crafting_table":9,"minecraft:azure_bluet":4,"minecraft:chicken":4,"minecraft:ladder":5,"minecraft:leather_leggings":4,"minecraft:shield":1,"minecraft:cornflower":1,"minecraft:red_bed":1,"minecraft:oak_trapdoor":2,"minecraft:stone_stairs":3,"minecraft:flint_and_steel":1,"minecraft:item_frame":4,"minecraft:cyan_carpet":21,"minecraft:blackstone":123,"minecraft:beef":38,"minecraft:oak_boat":6,"minecraft:iron_nugget":2,"minecraft:light_gray_wool":1,"minecraft:lectern":17,"minecraft:egg":3,"minecraft:raw_iron":69,"minecraft:carrot":64,"artifacts:everlasting_beef":2,"minecraft:arrow":18,"minecraft:beetroot_seeds":4,"minecraft:decorated_pot":1,"minecraft:hay_block":12,"minecraft:mutton":27,"minecraft:white_wool":16,"minecraft:oxeye_daisy":1,"minecraft:salmon":22,"minecraft:leather":30,"spartanweaponry:iron_longsword":1,"minecraft:oak_log":374,"minecraft:gunpowder":3,"minecraft:cobblestone_stairs":3,"minecraft:apple":21,"minecraft:stone_bricks":10,"minecraft:oak_fence_gate":5,"minecraft:iron_ingot":20,"minecraft:iron_sword":1,"minecraft:book":99,"minecraft:oak_slab":2,"minecraft:dandelion":13,"minecraft:gravel":9,"minecraft:white_bed":4,"minecraft:spider_eye":3,"minecraft:leather_helmet":4,"spartanweaponry:iron_battle_hammer":1,"minecraft:stone_axe":2,"minecraft:gray_wool":2,"minecraft:damaged_anvil":1,"minecraft:black_wool":1,"minecraft:coal":87,"minecraft:ender_pearl":1},"minecraft:broken":{"minecraft:stone_pickaxe":6,"minecraft:stone_axe":3,"minecraft:stone_shovel":3,"minecraft:leather_helmet":1,"minecraft:stone_sword":1,"minecraft:leather_boots":1,"minecraft:iron_pickaxe":1},"minecraft:dropped":{"minecraft:oak_log":16,"minecraft:cooked_porkchop":7,"minecraft:cobblestone_stairs":2,"minecraft:dirt":59,"alexsmobs:raccoon_tail":1,"minecraft:white_wool":2,"minecraft:cyan_carpet":21,"minecraft:bone":12,"minecraft:gravel":8,"minecraft:stone_axe":2,"minecraft:blackstone":116,"alexsmobs:gazelle_horn":1,"minecraft:iron_nugget":2,"alexsmobs:animal_dictionary":1,"minecraft:cobbled_deepslate":55,"minecraft:wheat":4,"minecraft:obsidian":1,"minecraft:rotten_flesh":34,"minecraft:oak_planks":2,"minecraft:azure_bluet":3,"minecraft:gunpowder":3,"minecraft:azalea":1,"minecraft:beef":2,"minecraft:wheat_seeds":230,"minecraft:cobblestone":35,"minecraft:apple":6,"minecraft:stick":2,"minecraft:gray_wool":2,"minecraft:torch":2,"minecraft:string":2,"minecraft:dandelion":3,"alexsmobs:maggot":4,"minecraft:oak_trapdoor":1,"minecraft:raw_copper":9,"minecraft:tuff":4,"minecraft:chicken":2,"minecraft:spruce_planks":4,"minecraft:andesite":155,"minecraft:oak_sapling":24,"minecraft:spider_eye":3,"minecraft:bow":4,"minecraft:stone_pickaxe":1,"minecraft:wooden_pickaxe":2},"minecraft:custom":{"minecraft:interact_with_crafting_table":108,"minecraft:open_barrel":25,"minecraft:eat_cake_slice":7,"minecraft:leave_game":5,"minecraft:time_since_death":62241,"minecraft:sprint_one_cm":936499,"minecraft:damage_blocked_by_shield":569,"minecraft:drop":459,"minecraft:talked_to_villager":38,"minecraft:play_time":318866,"minecraft:deaths":8,"minecraft:jump":5839,"minecraft:walk_on_water_one_cm":11716,"minecraft:interact_with_furnace":197,"minecraft:sleep_in_bed":6,"minecraft:damage_dealt":22055,"minecraft:crouch_one_cm":21449,"minecraft:interact_with_smoker":2,"minecraft:interact_with_smithing_table":3,"minecraft:mob_kills":164,"minecraft:interact_with_anvil":5,"minecraft:climb_one_cm":6844,"minecraft:walk_one_cm":759077,"minecraft:sneak_time":11044,"minecraft:walk_under_water_one_cm":12876,"minecraft:boat_one_cm":159039,"minecraft:interact_with_blast_furnace":1,"minecraft:total_world_time":318866,"minecraft:interact_with_grindstone":1,"minecraft:interact_with_stonecutter":2,"minecraft:time_since_rest":62264,"minecraft:damage_taken":8956,"minecraft:swim_one_cm":43956,"minecraft:fly_one_cm":1328587,"minecraft:open_chest":218,"minecraft:fall_one_cm":176954}},"DataVersion":3465}