{"stats":{"minecraft:picked_up":{"minecraft:charcoal":2,"minecraft:crafting_table":4,"minecraft:wheat":24,"minecraft:chicken":2,"minecraft:ladder":4,"minecraft:oak_stairs":3,"minecraft:stone_brick_stairs":5,"minecraft:string":1,"minecraft:oak_trapdoor":1,"minecraft:stone_stairs":3,"minecraft:raw_copper":5,"minecraft:item_frame":1,"minecraft:blackstone":40,"minecraft:cobbled_deepslate":84,"minecraft:beef":2,"minecraft:egg":3,"minecraft:stick":57,"minecraft:raw_iron":26,"minecraft:torch":10,"minecraft:porkchop":33,"minecraft:carrot":1,"minecraft:arrow":2,"minecraft:rotten_flesh":2,"minecraft:decorated_pot":1,"minecraft:hay_block":12,"minecraft:iron_block":1,"alexsmobs:emu_egg":1,"minecraft:obsidian":1,"minecraft:mutton":11,"minecraft:cobblestone":510,"minecraft:white_wool":6,"minecraft:birch_log":8,"minecraft:magma_block":2,"minecraft:feather":3,"minecraft:andesite":42,"minecraft:salmon":7,"minecraft:leather":4,"minecraft:oak_log":271,"minecraft:gunpowder":1,"minecraft:cobblestone_stairs":1,"minecraft:dirt":430,"minecraft:bone":2,"minecraft:apple":9,"minecraft:stone_bricks":4,"minecraft:wheat_seeds":140,"minecraft:oak_fence_gate":5,"minecraft:grindstone":1,"minecraft:moss_block":1,"minecraft:oak_slab":2,"minecraft:dandelion":2,"minecraft:gravel":2,"minecraft:white_bed":2,"minecraft:diamond":28,"minecraft:stone_axe":1,"minecraft:gray_wool":2,"minecraft:oak_sapling":97,"minecraft:damaged_anvil":1,"minecraft:black_wool":1,"minecraft:coal":87},"minecraft:custom":{"minecraft:interact_with_smithing_table":3,"minecraft:mob_kills":32,"minecraft:interact_with_crafting_table":73,"minecraft:open_barrel":9,"minecraft:eat_cake_slice":7,"minecraft:leave_game":3,"minecraft:time_since_death":291,"minecraft:climb_one_cm":5260,"minecraft:sprint_one_cm":362944,"minecraft:walk_one_cm":388815,"minecraft:drop":191,"minecraft:talked_to_villager":5,"minecraft:play_time":141608,"minecraft:deaths":6,"minecraft:sneak_time":4000,"minecraft:walk_under_water_one_cm":5866,"minecraft:jump":2047,"minecraft:walk_on_water_one_cm":4065,"minecraft:total_world_time":141608,"minecraft:interact_with_furnace":121,"minecraft:sleep_in_bed":3,"minecraft:time_since_rest":315,"minecraft:damage_taken":3567,"minecraft:damage_dealt":3217,"minecraft:swim_one_cm":15100,"minecraft:fly_one_cm":402582,"minecraft:open_chest":73,"minecraft:crouch_one_cm":10161,"minecraft:interact_with_smoker":1,"minecraft:fall_one_cm":83562},"minecraft:used":{"alexsmobs:emu_egg":1,"minecraft:oak_trapdoor":7,"minecraft:oak_fence":4,"minecraft:moss_block":1,"minecraft:stone_sword":106,"minecraft:stone_shovel":415,"minecraft:ladder":4,"minecraft:decorated_pot":1,"minecraft:stone":37,"minecraft:cooked_salmon":5,"minecraft:cooked_chicken":1,"minecraft:torch":16,"minecraft:dirt":67,"minecraft:carrot":1,"minecraft:stone_stairs":17,"minecraft:oak_fence_gate":7,"minecraft:oak_stairs":51,"minecraft:stone_brick_stairs":25,"minecraft:stone_bricks":50,"minecraft:item_frame":1,"minecraft:bow":16,"minecraft:oak_sapling":74,"minecraft:furnace":3,"minecraft:cobbled_deepslate":1,"minecraft:wheat_seeds":19,"minecraft:cooked_mutton":6,"minecraft:cobblestone_stairs":11,"minecraft:stone_pickaxe":539,"minecraft:blackstone":2,"minecraft:wooden_pickaxe":22,"minecraft:salmon":2,"minecraft:oak_slab":2,"minecraft:crafting_table":6,"minecraft:white_bed":2,"minecraft:campfire":5,"minecraft:oak_log":31,"minecraft:black_wool":1,"minecraft:apple":5,"minecraft:bread":16,"minecraft:iron_pickaxe":300,"minecraft:stone_axe":98,"minecraft:chiseled_stone_bricks":11,"minecraft:cobblestone":84,"minecraft:porkchop":1,"minecraft:cooked_porkchop":5,"minecraft:andesite":6,"quark:oak_chest":2},"minecraft:mined":{"minecraft:white_bed":2,"minecraft:oak_sapling":1,"minecraft:deepslate_diamond_ore":28,"minecraft:cobblestone_stairs":1,"minecraft:ladder":4,"minecraft:grass_block":87,"minecraft:spruce_fence":1,"minecraft:decorated_pot":1,"minecraft:moss_block":1,"minecraft:hay_block":12,"minecraft:magma_block":2,"minecraft:oak_trapdoor":1,"minecraft:furnace":1,"minecraft:iron_ore":14,"minecraft:fire":2,"minecraft:andesite":42,"minecraft:azure_bluet":1,"minecraft:deepslate_iron_ore":12,"minecraft:oak_stairs":3,"minecraft:stone":506,"minecraft:iron_block":1,"minecraft:oak_slab":2,"minecraft:acacia_leaves":3,"minecraft:blackstone":40,"minecraft:crafting_table":4,"minecraft:dead_bush":1,"minecraft:campfire":1,"minecraft:tall_grass":70,"minecraft:copper_ore":1,"minecraft:cobblestone":8,"minecraft:grindstone":1,"minecraft:damaged_anvil":1,"minecraft:wall_torch":6,"minecraft:stone_stairs":3,"minecraft:birch_log":8,"minecraft:wheat":24,"minecraft:stone_brick_stairs":5,"minecraft:grass":124,"minecraft:oak_log":269,"minecraft:coal_ore":89,"minecraft:oak_fence_gate":5,"minecraft:gravel":2,"minecraft:dirt":335,"minecraft:stone_bricks":4,"minecraft:oak_leaves":38,"minecraft:deepslate":85,"minecraft:fern":3},"minecraft:killed_by":{"minecraft:player":1,"minecraft:zombie":1},"minecraft:dropped":{"minecraft:wheat_seeds":118,"minecraft:oak_log":2,"minecraft:stick":2,"minecraft:dirt":13,"minecraft:gray_wool":2,"minecraft:torch":2,"minecraft:string":1,"minecraft:white_wool":2,"minecraft:dandelion":2,"minecraft:gravel":2,"minecraft:stone_axe":1,"minecraft:blackstone":38,"minecraft:cobbled_deepslate":24,"alexsmobs:animal_dictionary":1,"minecraft:raw_copper":5,"minecraft:wheat":1,"minecraft:obsidian":1,"minecraft:rotten_flesh":2,"minecraft:oak_planks":2,"minecraft:gunpowder":1,"minecraft:andesite":36,"minecraft:oak_sapling":23,"minecraft:wooden_pickaxe":2},"minecraft:broken":{"minecraft:stone_pickaxe":4,"minecraft:stone_axe":1,"minecraft:iron_pickaxe":1,"minecraft:stone_shovel":2},"minecraft:killed":{"minecraft:skeleton":1,"minecraft:chicken":2,"minecraft:pig":11,"minecraft:salmon":7,"minecraft:sheep":7,"minecraft:zombie":1,"minecraft:cow":2},"minecraft:crafted":{"minecraft:oak_planks":248,"minecraft:stone_shovel":3,"minecraft:cooked_chicken":1,"usefulbackpacks:backpack_small":1,"minecraft:furnace":3,"minecraft:cobblestone_stairs":12,"minecraft:stone":151,"minecraft:cooked_mutton":6,"minecraft:oak_trapdoor":6,"minecraft:stone_stairs":16,"minecraft:stone_brick_slab":24,"minecraft:ladder":4,"minecraft:stone_pickaxe":5,"minecraft:chiseled_stone_bricks":12,"minecraft:stone_bricks":84,"minecraft:oak_fence":6,"minecraft:wheat":108,"minecraft:oak_slab":6,"minecraft:diamond_sword":1,"minecraft:cooked_porkchop":16,"minecraft:crafting_table":4,"minecraft:wooden_pickaxe":3,"minecraft:cooked_salmon":5,"minecraft:birch_planks":32,"minecraft:campfire":5,"minecraft:stone_axe":3,"minecraft:bread":36,"minecraft:air":0,"minecraft:oak_fence_gate":2,"minecraft:stone_brick_stairs":20,"minecraft:charcoal":53,"minecraft:stick":72,"quark:oak_chest":2,"minecraft:iron_ingot":9,"minecraft:iron_pickaxe":2,"minecraft:oak_stairs":48,"minecraft:stone_sword":2,"minecraft:torch":24}},"DataVersion":3465}