{"stats":{"minecraft:mined":{"minecraft:tuff":4,"minecraft:spruce_planks":2,"minecraft:white_bed":4,"minecraft:oak_sapling":1,"minecraft:deepslate_diamond_ore":28,"minecraft:cobblestone_stairs":1,"minecraft:obsidian":8,"minecraft:ladder":4,"minecraft:spruce_fence":1,"minecraft:grass_block":89,"minecraft:decorated_pot":1,"minecraft:moss_block":1,"minecraft:oxeye_daisy":1,"minecraft:hay_block":12,"minecraft:magma_block":2,"minecraft:oak_trapdoor":1,"minecraft:furnace":3,"minecraft:iron_ore":45,"minecraft:barrel":1,"minecraft:fire":7,"minecraft:andesite":170,"minecraft:deepslate_lapis_ore":2,"minecraft:azure_bluet":3,"minecraft:bookshelf":33,"minecraft:deepslate_iron_ore":20,"minecraft:oak_stairs":3,"minecraft:azalea":1,"minecraft:iron_block":1,"minecraft:stone":656,"minecraft:white_wool":1,"minecraft:tripwire":1,"minecraft:oak_slab":2,"minecraft:acacia_leaves":3,"minecraft:red_bed":1,"minecraft:blackstone":98,"minecraft:dandelion":10,"minecraft:crafting_table":9,"minecraft:cornflower":1,"minecraft:torch":1,"minecraft:dead_bush":1,"minecraft:campfire":1,"minecraft:lectern":2,"minecraft:copper_ore":2,"minecraft:tall_grass":188,"minecraft:cobblestone":18,"minecraft:grindstone":1,"minecraft:oak_planks":32,"minecraft:damaged_anvil":1,"minecraft:wall_torch":12,"minecraft:spruce_stairs":1,"minecraft:stone_stairs":3,"minecraft:birch_log":8,"minecraft:wheat":24,"minecraft:stone_brick_stairs":5,"minecraft:grass":385,"minecraft:coal_ore":89,"minecraft:oak_log":362,"minecraft:oak_fence_gate":5,"minecraft:cyan_carpet":18,"minecraft:gravel":9,"minecraft:dirt":409,"minecraft:stone_bricks":8,"minecraft:oak_leaves":49,"minecraft:deepslate":116,"minecraft:fern":3},"minecraft:killed_by":{"minecraft:player":1,"minecraft:zombie":1},"minecraft:killed":{"alexsmobs:raccoon":2,"minecraft:spider":4,"minecraft:skeleton":7,"minecraft:chicken":5,"minecraft:pig":15,"minecraft:salmon":23,"minecraft:sheep":13,"minecraft:zombie":8,"alexsmobs:gazelle":1,"alexsmobs:fly":1,"minecraft:cow":20},"minecraft:crafted":{"artifacts:eternal_steak":1,"minecraft:yellow_wool":4,"minecraft:oak_planks":586,"minecraft:stone_shovel":4,"minecraft:oak_sign":9,"minecraft:cooked_chicken":1,"usefulbackpacks:backpack_small":2,"minecraft:furnace":7,"minecraft:cobblestone_stairs":12,"minecraft:stone":151,"minecraft:bookshelf":22,"minecraft:cooked_mutton":6,"minecraft:stone_stairs":16,"minecraft:oak_trapdoor":6,"minecraft:stone_brick_slab":24,"minecraft:ladder":4,"minecraft:stone_pickaxe":9,"usefulbackpacks:backpack_medium":1,"minecraft:chiseled_stone_bricks":12,"minecraft:stone_bricks":84,"minecraft:oak_fence":6,"minecraft:wheat":108,"minecraft:cooked_beef":11,"minecraft:oak_slab":6,"minecraft:diamond_sword":1,"minecraft:cooked_porkchop":18,"minecraft:crafting_table":4,"minecraft:enchanting_table":1,"minecraft:wooden_pickaxe":3,"minecraft:iron_sword":1,"minecraft:cooked_salmon":5,"minecraft:bucket":1,"minecraft:birch_planks":32,"minecraft:campfire":5,"minecraft:stone_axe":5,"minecraft:bread":36,"minecraft:air":0,"minecraft:oak_fence_gate":2,"minecraft:stone_brick_stairs":20,"minecraft:white_wool":1,"minecraft:charcoal":53,"minecraft:diamond_pickaxe":1,"minecraft:yellow_dye":9,"minecraft:shield":1,"minecraft:stick":84,"quark:oak_chest":18,"minecraft:iron_ingot":51,"minecraft:iron_pickaxe":2,"minecraft:oak_stairs":48,"minecraft:stone_sword":2,"minecraft:light_gray_dye":1,"minecraft:torch":36},"minecraft:used":{"alexsmobs:emu_egg":1,"minecraft:oak_trapdoor":7,"minecraft:moss_block":1,"minecraft:stone_sword":133,"minecraft:enchanting_table":1,"minecraft:flint_and_steel":3,"minecraft:stone_shovel":451,"minecraft:oak_sign":9,"minecraft:ladder":4,"minecraft:decorated_pot":1,"minecraft:spruce_planks":6,"minecraft:shield":7,"minecraft:stone":37,"minecraft:iron_sword":132,"minecraft:cooked_salmon":5,"minecraft:cooked_chicken":1,"minecraft:torch":34,"minecraft:dirt":131,"minecraft:spruce_stairs":1,"minecraft:carrot":1,"minecraft:stone_stairs":17,"minecraft:oak_fence_gate":7,"minecraft:bookshelf":24,"minecraft:oak_stairs":51,"minecraft:stone_brick_stairs":25,"minecraft:stone_bricks":50,"minecraft:item_frame":1,"minecraft:bamboo":1,"minecraft:bow":16,"minecraft:oak_sapling":128,"minecraft:furnace":9,"minecraft:cooked_beef":7,"minecraft:cobbled_deepslate":1,"minecraft:wheat_seeds":19,"minecraft:cooked_mutton":6,"minecraft:water_bucket":6,"minecraft:damaged_anvil":1,"minecraft:cobblestone_stairs":11,"minecraft:oak_planks":50,"minecraft:stone_pickaxe":905,"minecraft:blackstone":7,"minecraft:wooden_pickaxe":22,"artifacts:eternal_steak":6,"minecraft:white_wool":1,"minecraft:salmon":2,"minecraft:oak_slab":2,"minecraft:red_bed":1,"minecraft:crafting_table":11,"minecraft:white_bed":4,"minecraft:campfire":5,"minecraft:oak_log":31,"minecraft:diamond_pickaxe":8,"minecraft:black_wool":1,"minecraft:apple":7,"minecraft:iron_pickaxe":396,"minecraft:string":1,"minecraft:bread":31,"minecraft:lectern":2,"minecraft:gravel":1,"minecraft:stone_axe":188,"minecraft:chiseled_stone_bricks":11,"minecraft:cobblestone":90,"minecraft:porkchop":1,"minecraft:cooked_porkchop":18,"minecraft:andesite":15,"minecraft:bucket":7,"quark:oak_chest":18,"minecraft:oak_fence":4},"minecraft:picked_up":{"minecraft:charcoal":2,"minecraft:crafting_table":9,"minecraft:wheat":24,"minecraft:azure_bluet":3,"minecraft:chicken":4,"minecraft:ladder":4,"minecraft:oak_stairs":3,"minecraft:enchanted_book":1,"minecraft:stone_brick_stairs":5,"minecraft:cornflower":1,"alexsmobs:gazelle_horn":1,"minecraft:string":7,"minecraft:oak_trapdoor":2,"minecraft:red_bed":1,"minecraft:stone_stairs":3,"minecraft:raw_copper":9,"minecraft:flint_and_steel":1,"minecraft:item_frame":4,"minecraft:blackstone":123,"minecraft:cyan_carpet":21,"minecraft:oak_sign":1,"minecraft:cobbled_deepslate":115,"minecraft:bucket":1,"minecraft:spruce_planks":10,"minecraft:beef":36,"minecraft:azalea":1,"minecraft:iron_nugget":2,"minecraft:light_gray_wool":1,"alexsmobs:raccoon_tail":1,"minecraft:lectern":2,"minecraft:furnace":2,"minecraft:egg":3,"minecraft:raw_iron":65,"minecraft:stick":83,"minecraft:torch":16,"minecraft:spruce_stairs":1,"minecraft:porkchop":42,"minecraft:carrot":1,"artifacts:everlasting_beef":2,"minecraft:arrow":11,"minecraft:rotten_flesh":11,"minecraft:decorated_pot":1,"minecraft:hay_block":12,"minecraft:iron_block":1,"alexsmobs:emu_egg":1,"minecraft:bookshelf":2,"minecraft:obsidian":9,"minecraft:mutton":21,"minecraft:white_wool":12,"minecraft:cobblestone":670,"minecraft:oxeye_daisy":1,"minecraft:birch_log":8,"minecraft:magma_block":2,"minecraft:feather":3,"minecraft:andesite":170,"minecraft:water_bucket":1,"minecraft:salmon":22,"minecraft:leather":28,"minecraft:brown_wool":1,"minecraft:tuff":4,"minecraft:oak_log":374,"minecraft:gunpowder":1,"minecraft:cobblestone_stairs":3,"minecraft:lapis_lazuli":5,"minecraft:dirt":521,"minecraft:bone":10,"minecraft:bow":2,"minecraft:apple":21,"minecraft:stone_bricks":8,"minecraft:wheat_seeds":184,"minecraft:iron_ingot":20,"minecraft:grindstone":1,"minecraft:oak_fence_gate":5,"minecraft:bamboo":1,"minecraft:moss_block":1,"minecraft:oak_planks":32,"minecraft:book":99,"minecraft:oak_slab":2,"minecraft:cooked_porkchop":7,"minecraft:dandelion":12,"minecraft:gravel":9,"minecraft:white_bed":4,"minecraft:spider_eye":1,"minecraft:barrel":1,"minecraft:diamond":37,"minecraft:stone_axe":2,"minecraft:writable_book":1,"minecraft:bone_meal":2,"minecraft:gray_wool":2,"alexsmobs:maggot":4,"minecraft:oak_sapling":152,"minecraft:damaged_anvil":1,"minecraft:black_wool":1,"minecraft:coal":87},"minecraft:broken":{"minecraft:leather_helmet":1,"minecraft:stone_sword":1,"minecraft:stone_pickaxe":5,"minecraft:stone_axe":3,"minecraft:iron_pickaxe":1,"minecraft:stone_shovel":3},"minecraft:dropped":{"minecraft:wheat_seeds":160,"minecraft:oak_log":16,"minecraft:cooked_porkchop":7,"minecraft:cobblestone":35,"minecraft:apple":6,"minecraft:cobblestone_stairs":2,"minecraft:stick":2,"minecraft:dirt":44,"minecraft:gray_wool":2,"minecraft:torch":2,"minecraft:string":2,"alexsmobs:raccoon_tail":1,"minecraft:white_wool":2,"minecraft:cyan_carpet":21,"minecraft:dandelion":3,"minecraft:bone":4,"minecraft:gravel":8,"alexsmobs:maggot":4,"minecraft:stone_axe":2,"minecraft:blackstone":116,"minecraft:oak_trapdoor":1,"alexsmobs:gazelle_horn":1,"minecraft:iron_nugget":2,"minecraft:cobbled_deepslate":55,"alexsmobs:animal_dictionary":1,"minecraft:raw_copper":9,"minecraft:tuff":4,"minecraft:wheat":1,"minecraft:obsidian":1,"minecraft:chicken":2,"minecraft:rotten_flesh":11,"minecraft:oak_planks":2,"minecraft:azure_bluet":2,"minecraft:gunpowder":1,"minecraft:spruce_planks":4,"minecraft:andesite":155,"minecraft:azalea":1,"minecraft:oak_sapling":24,"minecraft:spider_eye":1,"minecraft:bow":2,"minecraft:stone_pickaxe":1,"minecraft:wooden_pickaxe":2},"minecraft:custom":{"minecraft:interact_with_smithing_table":3,"minecraft:interact_with_anvil":1,"minecraft:mob_kills":101,"minecraft:interact_with_crafting_table":104,"minecraft:open_barrel":22,"minecraft:eat_cake_slice":7,"minecraft:leave_game":5,"minecraft:time_since_death":2241,"minecraft:climb_one_cm":6745,"minecraft:sprint_one_cm":731423,"minecraft:walk_one_cm":585530,"minecraft:damage_blocked_by_shield":201,"minecraft:drop":364,"minecraft:talked_to_villager":7,"minecraft:play_time":258866,"minecraft:deaths":8,"minecraft:sneak_time":9178,"minecraft:walk_under_water_one_cm":11185,"minecraft:jump":4307,"minecraft:walk_on_water_one_cm":8755,"minecraft:total_world_time":258866,"minecraft:interact_with_furnace":179,"minecraft:interact_with_stonecutter":1,"minecraft:sleep_in_bed":6,"minecraft:time_since_rest":2264,"minecraft:damage_taken":6569,"minecraft:damage_dealt":10585,"minecraft:swim_one_cm":32017,"minecraft:fly_one_cm":943674,"minecraft:open_chest":184,"minecraft:crouch_one_cm":16211,"minecraft:interact_with_smoker":1,"minecraft:fall_one_cm":134688}},"DataVersion":3465}