{"stats":{"minecraft:mined":{"minecraft:white_bed":19,"quark:andesite_bricks_slab":2,"minecraft:spruce_planks":3,"minecraft:oak_sapling":2,"minecraft:cobblestone_stairs":1,"minecraft:potted_blue_orchid":1,"minecraft:obsidian":8,"minecraft:acacia_log":11,"minecraft:grass_block":101,"minecraft:oxeye_daisy":2,"quark:hollow_birch_log":2,"minecraft:smooth_stone":1,"minecraft:tall_seagrass":6,"minecraft:magma_block":2,"minecraft:iron_ore":56,"minecraft:fire":8,"minecraft:barrel":1,"minecraft:deepslate_lapis_ore":2,"minecraft:fletching_table":12,"minecraft:azure_bluet":4,"minecraft:oak_stairs":3,"minecraft:azalea":1,"minecraft:iron_block":1,"minecraft:tripwire":1,"minecraft:deepslate_redstone_ore":2,"minecraft:red_bed":39,"minecraft:blackstone":243,"minecraft:torch":6,"minecraft:poppy":1,"minecraft:dead_bush":9,"minecraft:cobblestone":125,"minecraft:damaged_anvil":1,"minecraft:oak_planks":123,"minecraft:sugar_cane":68,"minecraft:grindstone":1,"minecraft:wall_torch":18,"minecraft:seagrass":4,"minecraft:stone_stairs":3,"minecraft:wheat":63,"minecraft:birch_log":278,"minecraft:stone_brick_stairs":5,"minecraft:grass":2208,"minecraft:oak_log":2002,"minecraft:beetroots":1,"minecraft:oak_fence_gate":5,"minecraft:dirt":689,"minecraft:oak_leaves":52,"minecraft:deepslate":116,"minecraft:tuff":4,"minecraft:deepslate_diamond_ore":58,"minecraft:glow_lichen":1,"minecraft:ladder":4,"minecraft:spruce_fence":1,"minecraft:decorated_pot":1,"minecraft:white_stained_glass":1,"minecraft:moss_block":1,"minecraft:cartography_table":1,"minecraft:rooted_dirt":2,"minecraft:hay_block":12,"minecraft:oak_trapdoor":1,"minecraft:furnace":3,"minecraft:carrots":36,"minecraft:andesite":170,"minecraft:peony":2,"minecraft:bookshelf":52,"minecraft:potatoes":97,"minecraft:deepslate_iron_ore":24,"minecraft:cobblestone_slab":86,"minecraft:vine":1,"minecraft:stripped_oak_log":8,"minecraft:stone":1629,"minecraft:white_wool":1,"minecraft:oak_slab":2,"minecraft:scaffolding":1,"minecraft:acacia_leaves":3,"minecraft:dandelion":16,"minecraft:oak_fence":4,"minecraft:crafting_table":10,"minecraft:cornflower":2,"minecraft:emerald_ore":1,"minecraft:campfire":1,"minecraft:lectern":154,"minecraft:copper_ore":5,"minecraft:tall_grass":820,"minecraft:lapis_ore":4,"minecraft:spruce_stairs":1,"minecraft:coarse_dirt":8,"minecraft:gray_bed":8,"minecraft:yellow_bed":6,"minecraft:coal_ore":188,"minecraft:cyan_carpet":18,"minecraft:gravel":189,"minecraft:cracked_stone_bricks":1,"minecraft:stone_bricks":12,"minecraft:fern":6},"minecraft:killed_by":{"minecraft:zombie":1,"minecraft:player":3},"minecraft:killed":{"guardvillagers:guard":2,"minecraft:cave_spider":87,"minecraft:spider":46,"alexsmobs:murmur":1,"minecraft:skeleton":67,"minecraft:chicken":8,"alexsmobs:straddler":1,"minecraft:pig":16,"minecraft:zombie_villager":4,"minecraft:salmon":23,"minecraft:iron_golem":1,"minecraft:creeper":19,"minecraft:sheep":18,"minecraft:zombie":87,"alexsmobs:fly":2,"minecraft:cow":21,"alexsmobs:raccoon":2,"minecraft:phantom":2,"alexsmobs:gazelle":1,"minecraft:villager":4,"minecraft:enderman":1},"minecraft:crafted":{"minecraft:yellow_wool":4,"minecraft:oak_planks":6922,"minecraft:cobblestone_slab":150,"minecraft:oak_sign":9,"expanded_combat:diamond_dancer_s_sword":1,"minecraft:cooked_chicken":1,"usefulbackpacks:backpack_small":2,"minecraft:stone":151,"minecraft:cobblestone_stairs":12,"minecraft:bookshelf":27,"minecraft:cooked_mutton":6,"quark:acacia_bookshelf":1,"minecraft:green_dye":0,"minecraft:stone_brick_slab":24,"minecraft:diamond_helmet":1,"minecraft:diamond_leggings":1,"minecraft:birch_fence_gate":1,"minecraft:oak_button":64,"minecraft:chiseled_stone_bricks":12,"minecraft:stone_hoe":2,"minecraft:stone_bricks":84,"minecraft:oak_fence":12,"minecraft:oak_slab":18,"minecraft:emerald":472,"minecraft:cooked_porkchop":19,"minecraft:diamond_axe":1,"minecraft:crafting_table":4,"minecraft:acacia_slab":6,"minecraft:wooden_pickaxe":3,"minecraft:baked_potato":208,"minecraft:fletching_table":5,"minecraft:birch_planks":1112,"minecraft:campfire":5,"minecraft:stone_brick_stairs":20,"minecraft:lectern":4,"minecraft:paper":66,"minecraft:diamond_pickaxe":1,"minecraft:charcoal":53,"minecraft:yellow_dye":9,"minecraft:shield":1,"minecraft:stick":14693,"quark:oak_chest":18,"usefulbackpacks:backpack_large":2,"minecraft:iron_ingot":76,"minecraft:iron_pickaxe":4,"minecraft:iron_block":3,"minecraft:stone_sword":2,"minecraft:light_gray_dye":1,"artifacts:eternal_steak":1,"minecraft:coal":27,"minecraft:stone_shovel":7,"minecraft:furnace":7,"minecraft:bone_meal":90,"minecraft:oak_trapdoor":6,"minecraft:stone_stairs":16,"minecraft:iron_axe":3,"minecraft:ladder":4,"minecraft:iron_hoe":2,"spartanweaponry:diamond_longbow":1,"minecraft:stone_pickaxe":14,"minecraft:diamond_boots":1,"usefulbackpacks:backpack_medium":2,"minecraft:wheat":108,"minecraft:cooked_beef":14,"minecraft:diamond_sword":2,"minecraft:enchanting_table":1,"minecraft:iron_sword":1,"spartanweaponry:handle":4,"minecraft:cooked_salmon":5,"minecraft:bucket":1,"minecraft:stone_axe":6,"minecraft:enchanted_book":9,"minecraft:bread":47,"minecraft:air":0,"minecraft:oak_fence_gate":2,"minecraft:oak_boat":1,"minecraft:white_wool":12,"expanded_combat:gold_stick":4,"minecraft:oak_stairs":48,"minecraft:anvil":1,"minecraft:acacia_planks":44,"minecraft:torch":92,"minecraft:diamond_chestplate":1},"minecraft:used":{"alexsmobs:emu_egg":2,"minecraft:peony":1,"minecraft:moss_block":1,"expanded_combat:diamond_dancer_s_sword":465,"minecraft:iron_shovel":25,"minecraft:ladder":5,"minecraft:oak_sign":10,"minecraft:decorated_pot":1,"minecraft:shield":21,"minecraft:stone":37,"minecraft:iron_sword":251,"minecraft:carrot":60,"minecraft:acacia_sapling":3,"minecraft:grass_block":1,"minecraft:birch_sapling":21,"minecraft:stone_brick_stairs":25,"minecraft:stone_bricks":54,"minecraft:item_frame":2,"minecraft:bow":16,"minecraft:oak_sapling":337,"minecraft:furnace":9,"minecraft:gray_bed":8,"minecraft:egg":2,"minecraft:potato":352,"minecraft:damaged_anvil":1,"minecraft:oak_planks":174,"minecraft:stone_pickaxe":1669,"minecraft:blackstone":11,"artifacts:eternal_steak":108,"minecraft:wooden_pickaxe":22,"minecraft:sugar_cane":85,"minecraft:diamond_axe":213,"minecraft:white_wool":1,"spartanweaponry:iron_flanged_mace":198,"minecraft:crossbow":1,"quark:andesite_bricks_slab":2,"minecraft:firework_rocket":1,"minecraft:birch_fence_gate":1,"spartanweaponry:iron_saber":24,"minecraft:string":1,"minecraft:bread":38,"minecraft:lectern":162,"minecraft:gravel":137,"spartanweaponry:diamond_longbow":579,"minecraft:andesite":15,"minecraft:oak_boat":9,"minecraft:coarse_dirt":2,"minecraft:bone_meal":79,"minecraft:oak_fence":16,"minecraft:oak_trapdoor":7,"minecraft:enchanting_table":1,"minecraft:stone_sword":133,"minecraft:flint_and_steel":7,"minecraft:armor_stand":4,"minecraft:stone_shovel":895,"minecraft:spruce_planks":6,"minecraft:cooked_salmon":5,"minecraft:stone_hoe":168,"minecraft:cooked_chicken":1,"minecraft:dirt":423,"minecraft:torch":105,"minecraft:anvil":1,"minecraft:spruce_stairs":1,"minecraft:stone_stairs":17,"spartanweaponry:iron_longbow":2,"minecraft:oak_fence_gate":7,"minecraft:iron_hoe":292,"minecraft:bookshelf":25,"minecraft:iron_axe":78,"minecraft:oak_stairs":51,"minecraft:bamboo":1,"minecraft:basalt":2,"spartanweaponry:iron_battle_hammer":49,"minecraft:cooked_beef":7,"minecraft:cobbled_deepslate":1,"minecraft:wheat_seeds":55,"minecraft:cooked_mutton":6,"minecraft:water_bucket":91,"minecraft:cobblestone_stairs":11,"minecraft:baked_potato":58,"quark:hollow_birch_log":1,"minecraft:fletching_table":14,"minecraft:cobblestone_slab":120,"minecraft:cracked_stone_bricks":1,"minecraft:salmon":2,"minecraft:tnt":7,"minecraft:crafting_table":13,"minecraft:oak_slab":2,"minecraft:red_bed":39,"minecraft:white_bed":22,"minecraft:campfire":5,"minecraft:oak_log":31,"minecraft:black_wool":1,"minecraft:diamond_pickaxe":69,"minecraft:apple":69,"minecraft:iron_pickaxe":1075,"minecraft:map":1,"minecraft:stone_axe":292,"minecraft:chiseled_stone_bricks":11,"minecraft:cobblestone":763,"minecraft:porkchop":1,"minecraft:cooked_porkchop":19,"minecraft:bucket":94,"minecraft:yellow_bed":6,"quark:oak_chest":18},"minecraft:picked_up":{"minecraft:iron_chestplate":1,"minecraft:wheat":62,"minecraft:flower_pot":1,"minecraft:oak_stairs":3,"minecraft:enchanted_book":2,"minecraft:stone_brick_stairs":5,"alexsmobs:gazelle_horn":1,"minecraft:string":50,"minecraft:raw_copper":17,"minecraft:armor_stand":8,"minecraft:oak_sign":3,"minecraft:beetroot":2,"minecraft:smooth_stone":1,"minecraft:cobbled_deepslate":115,"minecraft:bucket":1,"minecraft:spruce_planks":11,"minecraft:cobblestone_slab":90,"minecraft:azalea":1,"minecraft:iron_pickaxe":1,"alexsmobs:raccoon_tail":1,"minecraft:iron_boots":4,"minecraft:furnace":2,"minecraft:golden_helmet":1,"minecraft:stick":543,"minecraft:oak_fence":6,"minecraft:torch":36,"minecraft:acacia_log":11,"minecraft:spruce_stairs":1,"minecraft:porkchop":45,"minecraft:rotten_flesh":68,"artifacts:villager_hat":3,"minecraft:iron_block":1,"alexsmobs:emu_egg":2,"minecraft:bookshelf":8,"minecraft:obsidian":13,"minecraft:cobblestone":2305,"minecraft:birch_log":278,"minecraft:enchanting_table":1,"minecraft:magma_block":2,"minecraft:leather_chestplate":5,"minecraft:feather":5,"minecraft:water_bucket":1,"minecraft:andesite":172,"minecraft:brown_wool":1,"minecraft:golden_leggings":1,"minecraft:potato":533,"minecraft:flint":11,"minecraft:tuff":4,"minecraft:map":2,"minecraft:lapis_lazuli":33,"minecraft:dirt":1208,"minecraft:leather_boots":4,"minecraft:bone":68,"minecraft:bow":8,"minecraft:wheat_seeds":578,"minecraft:grindstone":1,"minecraft:mossy_stone_bricks":3,"minecraft:fletching_table":11,"minecraft:bamboo":1,"minecraft:moss_block":1,"minecraft:oak_planks":160,"spartanweaponry:iron_saber":1,"minecraft:cooked_porkchop":7,"minecraft:poisonous_potato":1,"minecraft:grass_block":1,"minecraft:barrel":1,"minecraft:diamond":105,"quark:andesite_bricks_slab":2,"minecraft:writable_book":1,"minecraft:crossbow":1,"minecraft:bone_meal":2,"spartanweaponry:iron_heavy_crossbow":3,"minecraft:emerald":2,"minecraft:bread":6,"alexsmobs:maggot":8,"minecraft:oak_sapling":1010,"minecraft:diamond_pickaxe":1,"minecraft:charcoal":2,"minecraft:coarse_dirt":3,"minecraft:crafting_table":10,"minecraft:azure_bluet":4,"minecraft:chicken":5,"minecraft:ladder":5,"minecraft:leather_leggings":4,"usefulbackpacks:backpack_medium":1,"minecraft:shield":1,"minecraft:cornflower":1,"minecraft:oak_trapdoor":2,"minecraft:red_bed":41,"minecraft:stone_stairs":3,"minecraft:flint_and_steel":2,"minecraft:item_frame":5,"minecraft:iron_shovel":1,"minecraft:blackstone":267,"minecraft:cyan_carpet":21,"minecraft:blue_orchid":1,"minecraft:cracked_stone_bricks":1,"minecraft:cartography_table":1,"spartanweaponry:iron_longbow":2,"minecraft:beef":38,"minecraft:oak_boat":9,"alexsmobs:elastic_tendon":2,"minecraft:iron_nugget":2,"minecraft:poppy":3,"minecraft:light_gray_wool":1,"minecraft:lectern":158,"minecraft:sugar_cane":153,"minecraft:birch_sapling":59,"minecraft:egg":5,"minecraft:raw_iron":80,"minecraft:carrot":124,"minecraft:redstone":16,"artifacts:everlasting_beef":2,"minecraft:arrow":58,"minecraft:decorated_pot":1,"minecraft:beetroot_seeds":4,"minecraft:peony":1,"minecraft:hay_block":12,"minecraft:mutton":28,"minecraft:white_wool":17,"minecraft:oxeye_daisy":2,"minecraft:stripped_oak_log":1,"minecraft:basalt":2,"artifacts:eternal_steak":2,"minecraft:salmon":22,"minecraft:leather":30,"spartanweaponry:iron_longsword":3,"minecraft:birch_planks":23,"minecraft:oak_log":2008,"minecraft:yellow_bed":7,"minecraft:gunpowder":15,"minecraft:cobblestone_stairs":3,"minecraft:apple":104,"minecraft:stone_bricks":14,"minecraft:iron_ingot":23,"minecraft:oak_fence_gate":5,"minecraft:stone_pickaxe":1,"minecraft:gray_bed":8,"spartanweaponry:iron_dagger":1,"minecraft:iron_sword":1,"minecraft:acacia_sapling":4,"minecraft:book":156,"minecraft:oak_slab":2,"quark:white_shard":2,"minecraft:red_wool":1,"minecraft:dandelion":18,"minecraft:gravel":180,"minecraft:white_bed":22,"minecraft:spider_eye":13,"minecraft:leather_helmet":4,"spartanweaponry:iron_battle_hammer":1,"minecraft:firework_rocket":1,"minecraft:stone_axe":3,"minecraft:cherry_sapling":56,"quark:hollow_birch_log":2,"minecraft:gray_wool":2,"minecraft:baked_potato":349,"minecraft:damaged_anvil":1,"minecraft:black_wool":1,"minecraft:coal":188,"minecraft:ender_pearl":1},"minecraft:broken":{"minecraft:leather_leggings":1,"minecraft:iron_chestplate":1,"minecraft:stone_pickaxe":11,"minecraft:stone_axe":4,"minecraft:stone_shovel":6,"minecraft:iron_hoe":1,"minecraft:leather_helmet":2,"minecraft:stone_sword":1,"minecraft:stone_hoe":1,"minecraft:iron_axe":3,"minecraft:leather_boots":2,"minecraft:iron_pickaxe":5},"minecraft:dropped":{"minecraft:birch_planks":2,"minecraft:oak_log":80,"minecraft:baked_potato":499,"minecraft:diamond":41,"minecraft:cooked_porkchop":7,"minecraft:red_wool":1,"minecraft:fletching_table":1,"minecraft:flint":1,"minecraft:cobblestone_stairs":2,"minecraft:emerald":1,"minecraft:dirt":688,"minecraft:mutton":1,"alexsmobs:raccoon_tail":1,"minecraft:white_wool":2,"minecraft:cyan_carpet":21,"minecraft:bone":25,"minecraft:gravel":21,"minecraft:stone_axe":3,"minecraft:blackstone":256,"alexsmobs:gazelle_horn":1,"minecraft:iron_nugget":2,"minecraft:cobbled_deepslate":55,"alexsmobs:animal_dictionary":1,"minecraft:wheat":4,"minecraft:birch_sapling":38,"minecraft:obsidian":1,"minecraft:cherry_sapling":56,"minecraft:rotten_flesh":52,"artifacts:villager_hat":2,"minecraft:oak_planks":56,"minecraft:azure_bluet":3,"minecraft:carrot":64,"minecraft:poppy":3,"alexsmobs:elastic_tendon":2,"minecraft:gunpowder":4,"minecraft:azalea":1,"minecraft:acacia_sapling":1,"minecraft:beef":2,"minecraft:bread":10,"usefulbackpacks:backpack_medium":1,"minecraft:wheat_seeds":455,"quark:hollow_birch_log":1,"minecraft:feather":2,"minecraft:poisonous_potato":1,"minecraft:book":1,"minecraft:cobblestone":131,"minecraft:apple":34,"minecraft:stick":6,"minecraft:oxeye_daisy":1,"spartanweaponry:wooden_boomerang":2,"minecraft:gray_wool":2,"minecraft:torch":2,"minecraft:green_dye":5,"minecraft:map":1,"minecraft:smooth_stone":1,"minecraft:string":6,"minecraft:dandelion":8,"minecraft:redstone":16,"alexsmobs:maggot":8,"minecraft:oak_trapdoor":1,"minecraft:coarse_dirt":1,"minecraft:raw_copper":9,"minecraft:tuff":4,"minecraft:chicken":3,"quark:white_shard":2,"minecraft:oak_sign":1,"minecraft:filled_map":1,"minecraft:flower_pot":1,"minecraft:oak_button":64,"minecraft:spruce_planks":4,"minecraft:diamond_pickaxe":1,"minecraft:andesite":155,"minecraft:mossy_stone_bricks":3,"minecraft:yellow_bed":1,"minecraft:oak_sapling":673,"artifacts:eternal_steak":1,"minecraft:stone_bricks":2,"minecraft:spider_eye":10,"minecraft:blue_orchid":1,"minecraft:bow":6,"minecraft:stone_pickaxe":2,"minecraft:wooden_pickaxe":2},"minecraft:custom":{"minecraft:interact_with_crafting_table":180,"minecraft:open_barrel":59,"minecraft:eat_cake_slice":7,"minecraft:leave_game":22,"minecraft:time_since_death":304379,"minecraft:sprint_one_cm":2582744,"minecraft:damage_blocked_by_shield":593,"minecraft:drop":1508,"minecraft:talked_to_villager":481,"minecraft:play_time":795977,"minecraft:deaths":11,"minecraft:jump":16117,"minecraft:walk_on_water_one_cm":60315,"minecraft:interact_with_furnace":417,"minecraft:traded_with_villager":482,"minecraft:interact_with_cartography_table":1,"minecraft:sleep_in_bed":15,"minecraft:damage_dealt":59340,"minecraft:player_kills":8,"minecraft:crouch_one_cm":72940,"minecraft:interact_with_smoker":2,"minecraft:interact_with_smithing_table":5,"minecraft:interact_with_anvil":20,"minecraft:mob_kills":424,"minecraft:inspect_hopper":4,"minecraft:climb_one_cm":18591,"minecraft:walk_one_cm":2056813,"minecraft:sneak_time":27997,"minecraft:walk_under_water_one_cm":32432,"minecraft:boat_one_cm":204119,"minecraft:interact_with_blast_furnace":1,"minecraft:total_world_time":795977,"minecraft:interact_with_stonecutter":2,"minecraft:interact_with_grindstone":3,"minecraft:time_since_rest":92176,"minecraft:damage_taken":16959,"minecraft:swim_one_cm":128057,"minecraft:fly_one_cm":3556833,"minecraft:open_chest":423,"minecraft:fall_one_cm":406746}},"DataVersion":3465}