{"stats":{"minecraft:picked_up":{"minecraft:crafting_table":3,"minecraft:wheat":24,"minecraft:chicken":2,"minecraft:ladder":4,"minecraft:oak_stairs":3,"minecraft:stone_brick_stairs":5,"minecraft:string":1,"minecraft:stone_stairs":1,"minecraft:item_frame":1,"minecraft:beef":2,"minecraft:stick":57,"minecraft:torch":9,"minecraft:porkchop":33,"minecraft:carrot":1,"minecraft:arrow":1,"minecraft:rotten_flesh":2,"minecraft:decorated_pot":1,"minecraft:hay_block":12,"minecraft:iron_block":1,"alexsmobs:emu_egg":1,"minecraft:mutton":11,"minecraft:cobblestone":400,"minecraft:white_wool":5,"minecraft:birch_log":8,"minecraft:magma_block":2,"minecraft:feather":3,"minecraft:salmon":7,"minecraft:leather":4,"minecraft:oak_log":269,"minecraft:gunpowder":1,"minecraft:cobblestone_stairs":1,"minecraft:dirt":401,"minecraft:bone":2,"minecraft:apple":9,"minecraft:stone_bricks":4,"minecraft:wheat_seeds":127,"minecraft:grindstone":1,"minecraft:moss_block":1,"minecraft:white_bed":2,"minecraft:gray_wool":1,"minecraft:oak_sapling":97,"minecraft:damaged_anvil":1,"minecraft:black_wool":1,"minecraft:coal":39},"minecraft:custom":{"minecraft:interact_with_smithing_table":3,"minecraft:mob_kills":32,"minecraft:interact_with_crafting_table":53,"minecraft:open_barrel":6,"minecraft:eat_cake_slice":7,"minecraft:leave_game":1,"minecraft:time_since_death":16728,"minecraft:climb_one_cm":5260,"minecraft:sprint_one_cm":300868,"minecraft:walk_one_cm":330868,"minecraft:drop":56,"minecraft:talked_to_villager":4,"minecraft:play_time":110327,"minecraft:deaths":3,"minecraft:sneak_time":1978,"minecraft:walk_under_water_one_cm":5866,"minecraft:jump":1738,"minecraft:walk_on_water_one_cm":4065,"minecraft:total_world_time":110327,"minecraft:interact_with_furnace":109,"minecraft:sleep_in_bed":3,"minecraft:time_since_rest":16740,"minecraft:damage_taken":2386,"minecraft:damage_dealt":3036,"minecraft:swim_one_cm":15100,"minecraft:fly_one_cm":330674,"minecraft:open_chest":52,"minecraft:crouch_one_cm":6293,"minecraft:fall_one_cm":73264},"minecraft:used":{"alexsmobs:emu_egg":1,"minecraft:oak_trapdoor":2,"minecraft:moss_block":1,"minecraft:stone_sword":101,"minecraft:stone_shovel":396,"minecraft:ladder":4,"minecraft:decorated_pot":1,"minecraft:stone":37,"minecraft:cooked_salmon":5,"minecraft:cooked_chicken":1,"minecraft:torch":11,"minecraft:dirt":59,"minecraft:carrot":1,"minecraft:stone_stairs":5,"minecraft:oak_stairs":51,"minecraft:stone_brick_stairs":25,"minecraft:stone_bricks":47,"minecraft:item_frame":1,"minecraft:bow":16,"minecraft:oak_sapling":74,"minecraft:furnace":3,"minecraft:wheat_seeds":19,"minecraft:cooked_mutton":6,"minecraft:cobblestone_stairs":11,"minecraft:stone_pickaxe":451,"minecraft:wooden_pickaxe":22,"minecraft:salmon":2,"minecraft:crafting_table":5,"minecraft:white_bed":2,"minecraft:oak_log":29,"minecraft:black_wool":1,"minecraft:apple":5,"minecraft:bread":8,"minecraft:stone_axe":86,"minecraft:chiseled_stone_bricks":10,"minecraft:cobblestone":80,"minecraft:porkchop":1,"minecraft:cooked_porkchop":5,"quark:oak_chest":2},"minecraft:mined":{"minecraft:white_bed":2,"minecraft:oak_sapling":1,"minecraft:cobblestone_stairs":1,"minecraft:ladder":4,"minecraft:spruce_fence":1,"minecraft:grass_block":76,"minecraft:decorated_pot":1,"minecraft:moss_block":1,"minecraft:hay_block":12,"minecraft:magma_block":2,"minecraft:furnace":1,"minecraft:fire":2,"minecraft:azure_bluet":1,"minecraft:oak_stairs":3,"minecraft:stone":396,"minecraft:iron_block":1,"minecraft:acacia_leaves":3,"minecraft:crafting_table":3,"minecraft:dead_bush":1,"minecraft:tall_grass":58,"minecraft:cobblestone":8,"minecraft:grindstone":1,"minecraft:damaged_anvil":1,"minecraft:wall_torch":5,"minecraft:stone_stairs":1,"minecraft:birch_log":8,"minecraft:wheat":24,"minecraft:stone_brick_stairs":5,"minecraft:grass":106,"minecraft:coal_ore":41,"minecraft:oak_log":267,"minecraft:dirt":326,"minecraft:stone_bricks":4,"minecraft:oak_leaves":38,"minecraft:fern":3},"minecraft:killed_by":{"minecraft:player":1},"minecraft:dropped":{"minecraft:wheat_seeds":106,"minecraft:oak_log":2,"minecraft:stick":2,"minecraft:torch":2,"minecraft:string":1,"alexsmobs:animal_dictionary":1,"minecraft:wheat":1,"minecraft:rotten_flesh":2,"minecraft:gunpowder":1,"minecraft:oak_sapling":23,"minecraft:wooden_pickaxe":2},"minecraft:broken":{"minecraft:stone_pickaxe":3,"minecraft:stone_axe":1,"minecraft:stone_shovel":2},"minecraft:killed":{"minecraft:skeleton":1,"minecraft:chicken":2,"minecraft:pig":11,"minecraft:salmon":7,"minecraft:sheep":7,"minecraft:zombie":1,"minecraft:cow":2},"minecraft:crafted":{"minecraft:oak_planks":220,"minecraft:stone_shovel":3,"minecraft:cooked_chicken":1,"usefulbackpacks:backpack_small":1,"minecraft:furnace":3,"minecraft:cobblestone_stairs":12,"minecraft:stone":131,"minecraft:cooked_mutton":6,"minecraft:oak_trapdoor":2,"minecraft:stone_stairs":4,"minecraft:stone_brick_slab":24,"minecraft:ladder":4,"minecraft:stone_pickaxe":5,"minecraft:chiseled_stone_bricks":12,"minecraft:stone_bricks":84,"minecraft:wheat":108,"minecraft:cooked_porkchop":16,"minecraft:crafting_table":3,"minecraft:wooden_pickaxe":3,"minecraft:cooked_salmon":5,"minecraft:birch_planks":32,"minecraft:stone_axe":3,"minecraft:bread":36,"minecraft:air":0,"minecraft:stone_brick_stairs":20,"minecraft:charcoal":53,"minecraft:stick":36,"quark:oak_chest":2,"minecraft:iron_ingot":9,"minecraft:oak_stairs":48,"minecraft:stone_sword":2,"minecraft:torch":20}},"DataVersion":3465}