{"stats":{"minecraft:mined":{"minecraft:spruce_planks":3,"quark:andesite_bricks_slab":2,"minecraft:white_bed":19,"minecraft:oak_sapling":2,"minecraft:cobblestone_stairs":1,"minecraft:potted_blue_orchid":1,"minecraft:obsidian":8,"minecraft:acacia_log":11,"minecraft:grass_block":102,"minecraft:oak_wall_sign":1,"minecraft:oxeye_daisy":2,"quark:hollow_birch_log":2,"minecraft:smooth_stone":1,"minecraft:tall_seagrass":6,"minecraft:magma_block":2,"minecraft:iron_ore":57,"minecraft:barrel":1,"minecraft:fire":8,"minecraft:deepslate_lapis_ore":2,"minecraft:fletching_table":13,"minecraft:azure_bluet":5,"minecraft:oak_stairs":3,"minecraft:azalea":1,"minecraft:iron_block":1,"minecraft:tripwire":1,"minecraft:deepslate_redstone_ore":2,"minecraft:red_bed":39,"minecraft:blackstone":247,"minecraft:torch":6,"minecraft:poppy":1,"minecraft:dead_bush":9,"minecraft:cobblestone":144,"minecraft:damaged_anvil":1,"minecraft:oak_planks":123,"minecraft:sugar_cane":84,"minecraft:grindstone":1,"minecraft:wall_torch":19,"minecraft:pink_petals":1,"minecraft:seagrass":4,"minecraft:stone_stairs":3,"minecraft:birch_log":278,"minecraft:wheat":63,"minecraft:stone_brick_stairs":5,"minecraft:grass":2438,"minecraft:oak_log":2002,"minecraft:beetroots":1,"minecraft:oak_fence_gate":5,"minecraft:dirt":705,"minecraft:smooth_basalt":1,"minecraft:netherrack":44,"minecraft:oak_leaves":52,"minecraft:deepslate":116,"minecraft:nether_gold_ore":1,"minecraft:tuff":4,"minecraft:deepslate_diamond_ore":58,"minecraft:glow_lichen":1,"minecraft:ladder":4,"minecraft:spruce_fence":1,"minecraft:decorated_pot":1,"minecraft:white_stained_glass":1,"minecraft:moss_block":1,"minecraft:cartography_table":1,"minecraft:rooted_dirt":2,"minecraft:hay_block":12,"minecraft:oak_trapdoor":1,"minecraft:furnace":3,"minecraft:carrots":49,"minecraft:andesite":170,"minecraft:peony":2,"minecraft:bookshelf":52,"minecraft:potatoes":163,"minecraft:cobblestone_slab":87,"minecraft:deepslate_iron_ore":27,"minecraft:vine":1,"minecraft:stripped_oak_log":8,"minecraft:stone":1633,"minecraft:white_wool":1,"minecraft:oak_slab":11,"minecraft:scaffolding":1,"minecraft:acacia_leaves":3,"minecraft:dandelion":16,"minecraft:oak_fence":4,"minecraft:crafting_table":10,"minecraft:cornflower":2,"minecraft:emerald_ore":1,"minecraft:campfire":1,"minecraft:lectern":176,"minecraft:copper_ore":5,"minecraft:tall_grass":881,"minecraft:lapis_ore":4,"minecraft:deepslate_gold_ore":1,"minecraft:spruce_stairs":1,"minecraft:coarse_dirt":8,"minecraft:cobblestone_wall":2,"minecraft:gray_bed":8,"minecraft:yellow_bed":6,"minecraft:coal_ore":230,"minecraft:cyan_carpet":18,"minecraft:gravel":189,"minecraft:cracked_stone_bricks":1,"minecraft:stone_bricks":12,"minecraft:fern":6},"minecraft:killed_by":{"minecraft:zombie":1,"minecraft:player":3},"minecraft:killed":{"guardvillagers:guard":2,"minecraft:cave_spider":245,"minecraft:witch":1,"minecraft:spider":87,"alexsmobs:murmur":1,"minecraft:skeleton":114,"minecraft:chicken":9,"alexsmobs:straddler":1,"minecraft:pig":16,"minecraft:zombie_villager":7,"minecraft:salmon":23,"minecraft:iron_golem":1,"minecraft:creeper":46,"minecraft:sheep":18,"minecraft:trader_llama":1,"minecraft:zombie":204,"alexsmobs:fly":2,"minecraft:cow":21,"alexsmobs:raccoon":2,"minecraft:phantom":7,"minecraft:drowned":2,"minecraft:wandering_trader":1,"alexsmobs:gazelle":1,"minecraft:villager":4,"minecraft:enderman":4},"minecraft:crafted":{"minecraft:yellow_wool":4,"minecraft:oak_planks":6934,"minecraft:cobblestone_slab":150,"minecraft:oak_sign":9,"expanded_combat:diamond_dancer_s_sword":1,"minecraft:cooked_chicken":1,"usefulbackpacks:backpack_small":2,"minecraft:stone":151,"minecraft:cobblestone_stairs":12,"minecraft:bookshelf":27,"minecraft:cooked_mutton":6,"quark:acacia_bookshelf":1,"minecraft:green_dye":0,"minecraft:stone_brick_slab":24,"minecraft:diamond_helmet":1,"minecraft:diamond_leggings":1,"minecraft:birch_fence_gate":1,"minecraft:oak_button":64,"minecraft:chiseled_stone_bricks":12,"minecraft:stone_hoe":2,"minecraft:stone_bricks":84,"minecraft:oak_fence":12,"minecraft:oak_slab":24,"minecraft:emerald":472,"minecraft:cooked_porkchop":19,"minecraft:diamond_axe":1,"minecraft:crafting_table":4,"minecraft:acacia_slab":18,"minecraft:wooden_pickaxe":3,"minecraft:baked_potato":256,"minecraft:fletching_table":5,"minecraft:birch_planks":1112,"minecraft:campfire":5,"minecraft:stone_brick_stairs":20,"minecraft:lectern":8,"minecraft:paper":99,"minecraft:diamond_pickaxe":1,"minecraft:charcoal":53,"minecraft:yellow_dye":9,"minecraft:shield":1,"minecraft:stick":14693,"quark:oak_chest":19,"usefulbackpacks:backpack_large":2,"minecraft:iron_ingot":89,"minecraft:iron_pickaxe":4,"minecraft:iron_block":3,"minecraft:stone_sword":2,"minecraft:light_gray_dye":1,"artifacts:eternal_steak":1,"minecraft:stone_shovel":7,"minecraft:coal":27,"minecraft:furnace":7,"minecraft:bone_meal":90,"minecraft:oak_trapdoor":6,"minecraft:stone_stairs":16,"minecraft:iron_axe":3,"minecraft:ladder":4,"minecraft:iron_hoe":2,"spartanweaponry:diamond_longbow":1,"minecraft:stone_pickaxe":14,"minecraft:diamond_boots":1,"usefulbackpacks:backpack_medium":2,"minecraft:wheat":108,"minecraft:cooked_beef":14,"minecraft:diamond_sword":2,"minecraft:enchanting_table":1,"minecraft:iron_sword":1,"spartanweaponry:handle":4,"minecraft:cooked_salmon":5,"minecraft:bucket":1,"minecraft:stone_axe":6,"minecraft:enchanted_book":10,"minecraft:bread":47,"minecraft:air":0,"minecraft:oak_fence_gate":2,"minecraft:oak_boat":1,"minecraft:white_wool":12,"expanded_combat:gold_stick":4,"minecraft:oak_stairs":48,"minecraft:anvil":1,"minecraft:acacia_planks":44,"minecraft:torch":92,"minecraft:diamond_chestplate":1},"minecraft:used":{"alexsmobs:emu_egg":2,"minecraft:peony":1,"minecraft:moss_block":1,"expanded_combat:diamond_dancer_s_sword":1575,"minecraft:iron_shovel":25,"minecraft:ladder":5,"minecraft:oak_sign":11,"minecraft:decorated_pot":1,"minecraft:shield":21,"minecraft:stone":37,"minecraft:iron_sword":251,"minecraft:carrot":154,"minecraft:acacia_sapling":3,"minecraft:azure_bluet":1,"minecraft:grass_block":1,"minecraft:birch_sapling":21,"minecraft:stone_brick_stairs":25,"minecraft:stone_bricks":54,"minecraft:item_frame":2,"minecraft:bow":16,"minecraft:oak_sapling":337,"minecraft:furnace":9,"minecraft:egg":2,"minecraft:gray_bed":8,"minecraft:potato":555,"minecraft:damaged_anvil":1,"minecraft:oak_planks":174,"minecraft:stone_pickaxe":1669,"minecraft:blackstone":13,"artifacts:eternal_steak":152,"minecraft:wooden_pickaxe":22,"minecraft:sugar_cane":85,"minecraft:diamond_axe":246,"minecraft:white_wool":1,"spartanweaponry:iron_flanged_mace":198,"minecraft:crossbow":1,"quark:andesite_bricks_slab":2,"minecraft:firework_rocket":1,"minecraft:birch_fence_gate":1,"spartanweaponry:iron_saber":24,"minecraft:string":1,"minecraft:bread":38,"minecraft:lectern":187,"minecraft:gravel":137,"spartanweaponry:diamond_longbow":648,"minecraft:andesite":15,"minecraft:oak_boat":9,"minecraft:coarse_dirt":2,"minecraft:bone_meal":79,"minecraft:oak_fence":16,"minecraft:oak_trapdoor":7,"ironfurnaces:gold_furnace":1,"minecraft:enchanting_table":1,"minecraft:stone_sword":133,"minecraft:flint_and_steel":7,"minecraft:armor_stand":4,"minecraft:stone_shovel":895,"minecraft:spruce_planks":6,"minecraft:cooked_salmon":5,"minecraft:stone_hoe":168,"minecraft:cooked_chicken":1,"minecraft:netherrack":39,"minecraft:dirt":487,"minecraft:torch":109,"minecraft:anvil":1,"minecraft:spruce_stairs":1,"minecraft:cobblestone_wall":1,"minecraft:stone_stairs":17,"spartanweaponry:iron_longbow":2,"minecraft:oak_fence_gate":7,"minecraft:iron_hoe":323,"minecraft:bookshelf":25,"minecraft:iron_axe":78,"minecraft:oak_stairs":51,"minecraft:acacia_slab":2,"minecraft:bamboo":1,"minecraft:basalt":2,"spartanweaponry:iron_battle_hammer":49,"minecraft:acacia_planks":2,"minecraft:cooked_beef":7,"minecraft:cobbled_deepslate":1,"minecraft:wheat_seeds":55,"minecraft:cooked_mutton":6,"minecraft:water_bucket":100,"minecraft:cobblestone_stairs":11,"minecraft:baked_potato":58,"quark:hollow_birch_log":1,"minecraft:fletching_table":17,"minecraft:cobblestone_slab":120,"minecraft:cracked_stone_bricks":1,"minecraft:salmon":2,"minecraft:tnt":7,"minecraft:crafting_table":13,"minecraft:oak_slab":19,"minecraft:red_bed":41,"minecraft:white_bed":22,"minecraft:campfire":5,"minecraft:oak_log":31,"minecraft:black_wool":1,"minecraft:diamond_pickaxe":225,"minecraft:apple":69,"minecraft:iron_pickaxe":1075,"minecraft:map":1,"minecraft:stone_axe":292,"minecraft:chiseled_stone_bricks":11,"minecraft:cobblestone":796,"minecraft:porkchop":1,"minecraft:cooked_porkchop":19,"minecraft:bucket":103,"minecraft:yellow_bed":6,"quark:oak_chest":19},"minecraft:picked_up":{"minecraft:iron_chestplate":1,"minecraft:wheat":64,"minecraft:flower_pot":1,"minecraft:oak_stairs":3,"minecraft:enchanted_book":2,"minecraft:stone_brick_stairs":5,"alexsmobs:gazelle_horn":1,"spartanweaponry:iron_katana":4,"minecraft:string":129,"minecraft:raw_copper":18,"minecraft:armor_stand":8,"minecraft:oak_sign":4,"minecraft:beetroot":2,"minecraft:gold_nugget":6,"minecraft:smooth_stone":1,"minecraft:cobbled_deepslate":115,"minecraft:bucket":1,"minecraft:spruce_planks":11,"minecraft:cobblestone_slab":92,"minecraft:azalea":1,"minecraft:iron_pickaxe":1,"alexsmobs:raccoon_tail":1,"minecraft:iron_boots":4,"minecraft:furnace":2,"minecraft:golden_helmet":1,"minecraft:stick":543,"minecraft:oak_fence":6,"minecraft:torch":37,"minecraft:acacia_log":11,"minecraft:spruce_stairs":1,"minecraft:porkchop":45,"minecraft:rotten_flesh":194,"artifacts:villager_hat":3,"minecraft:iron_block":1,"alexsmobs:emu_egg":2,"minecraft:bookshelf":8,"minecraft:obsidian":13,"minecraft:cobblestone":2326,"minecraft:birch_log":278,"minecraft:enchanting_table":1,"minecraft:pink_petals":10,"minecraft:magma_block":2,"spartanweaponry:iron_warhammer":2,"minecraft:leather_chestplate":5,"minecraft:feather":7,"minecraft:water_bucket":1,"minecraft:andesite":172,"minecraft:brown_wool":1,"minecraft:golden_leggings":1,"minecraft:potato":1453,"minecraft:flint":11,"minecraft:tuff":4,"minecraft:map":2,"minecraft:lapis_lazuli":33,"minecraft:dirt":1228,"minecraft:leather_boots":4,"minecraft:bone":142,"spartanweaponry:iron_greatsword":1,"minecraft:bow":15,"minecraft:wheat_seeds":613,"minecraft:raw_gold":1,"minecraft:glowstone_dust":1,"minecraft:grindstone":1,"minecraft:mossy_stone_bricks":3,"minecraft:fletching_table":12,"minecraft:bamboo":1,"minecraft:moss_block":1,"minecraft:oak_planks":160,"spartanweaponry:iron_saber":3,"minecraft:cooked_porkchop":7,"minecraft:poisonous_potato":12,"minecraft:grass_block":1,"minecraft:barrel":1,"minecraft:diamond":105,"quark:andesite_bricks_slab":2,"minecraft:writable_book":1,"minecraft:crossbow":1,"minecraft:bone_meal":2,"spartanweaponry:iron_heavy_crossbow":3,"minecraft:emerald":2,"minecraft:bread":6,"alexsmobs:maggot":11,"minecraft:oak_sapling":1010,"minecraft:netherrack":42,"minecraft:diamond_pickaxe":1,"minecraft:charcoal":2,"minecraft:coarse_dirt":7,"minecraft:crafting_table":10,"minecraft:azure_bluet":5,"minecraft:chicken":7,"minecraft:ladder":5,"minecraft:leather_leggings":4,"usefulbackpacks:backpack_medium":1,"minecraft:shield":1,"minecraft:cornflower":1,"minecraft:oak_trapdoor":2,"minecraft:red_bed":41,"minecraft:stone_stairs":3,"minecraft:flint_and_steel":2,"minecraft:item_frame":5,"minecraft:iron_shovel":1,"minecraft:blackstone":271,"minecraft:cyan_carpet":21,"minecraft:blue_orchid":1,"minecraft:cracked_stone_bricks":1,"minecraft:cartography_table":1,"spartanweaponry:iron_longbow":2,"minecraft:beef":38,"minecraft:oak_boat":9,"alexsmobs:elastic_tendon":2,"minecraft:iron_nugget":2,"minecraft:poppy":3,"minecraft:light_gray_wool":1,"minecraft:lectern":178,"minecraft:sugar_cane":185,"minecraft:birch_sapling":59,"minecraft:phantom_membrane":3,"minecraft:egg":5,"minecraft:raw_iron":91,"minecraft:carrot":228,"minecraft:redstone":17,"artifacts:everlasting_beef":2,"minecraft:arrow":118,"minecraft:decorated_pot":1,"minecraft:beetroot_seeds":4,"minecraft:peony":1,"ironfurnaces:gold_furnace":1,"minecraft:hay_block":12,"minecraft:mutton":28,"minecraft:white_wool":17,"minecraft:oxeye_daisy":2,"minecraft:stripped_oak_log":1,"minecraft:basalt":2,"artifacts:eternal_steak":2,"minecraft:salmon":22,"minecraft:leather":30,"spartanweaponry:iron_longsword":3,"minecraft:birch_planks":23,"minecraft:oak_log":2008,"minecraft:yellow_bed":7,"minecraft:cobblestone_wall":2,"minecraft:gunpowder":58,"minecraft:cobblestone_stairs":3,"minecraft:apple":104,"minecraft:stone_bricks":14,"minecraft:iron_ingot":24,"minecraft:oak_fence_gate":5,"minecraft:stone_pickaxe":1,"minecraft:gray_bed":8,"spartanweaponry:iron_dagger":1,"minecraft:iron_sword":1,"minecraft:acacia_sapling":4,"minecraft:book":156,"minecraft:oak_slab":17,"minecraft:smooth_basalt":1,"quark:white_shard":2,"minecraft:red_wool":1,"minecraft:dandelion":18,"minecraft:gravel":180,"minecraft:white_bed":22,"minecraft:spider_eye":36,"minecraft:leather_helmet":4,"spartanweaponry:iron_battle_hammer":1,"minecraft:firework_rocket":1,"minecraft:stone_axe":3,"minecraft:cherry_sapling":56,"quark:hollow_birch_log":2,"minecraft:gray_wool":2,"minecraft:baked_potato":349,"minecraft:damaged_anvil":1,"minecraft:black_wool":1,"minecraft:coal":278,"minecraft:ender_pearl":4},"minecraft:broken":{"minecraft:leather_leggings":1,"minecraft:iron_chestplate":1,"minecraft:stone_pickaxe":11,"minecraft:stone_axe":4,"minecraft:stone_shovel":6,"minecraft:iron_hoe":1,"minecraft:leather_helmet":2,"minecraft:stone_sword":1,"minecraft:stone_hoe":1,"minecraft:iron_axe":3,"minecraft:leather_boots":2,"minecraft:iron_pickaxe":5},"minecraft:dropped":{"minecraft:birch_planks":2,"minecraft:oak_log":80,"minecraft:baked_potato":547,"minecraft:diamond":41,"minecraft:cooked_porkchop":7,"minecraft:red_wool":1,"minecraft:fletching_table":1,"minecraft:flint":1,"minecraft:cobblestone_stairs":2,"minecraft:emerald":1,"minecraft:dirt":702,"minecraft:mutton":1,"minecraft:gold_nugget":6,"spartanweaponry:iron_katana":4,"minecraft:phantom_membrane":3,"alexsmobs:raccoon_tail":1,"minecraft:white_wool":2,"minecraft:cyan_carpet":21,"minecraft:bone":26,"minecraft:gravel":21,"minecraft:stone_axe":3,"minecraft:blackstone":258,"minecraft:sugar_cane":1,"alexsmobs:gazelle_horn":1,"minecraft:iron_nugget":2,"alexsmobs:animal_dictionary":1,"minecraft:cobbled_deepslate":55,"minecraft:wheat":6,"minecraft:birch_sapling":38,"minecraft:obsidian":1,"minecraft:cherry_sapling":56,"minecraft:rotten_flesh":70,"artifacts:villager_hat":2,"minecraft:oak_planks":56,"spartanweaponry:iron_saber":2,"minecraft:glowstone_dust":1,"minecraft:azure_bluet":3,"minecraft:carrot":66,"minecraft:poppy":3,"alexsmobs:elastic_tendon":2,"minecraft:gunpowder":4,"minecraft:azalea":1,"minecraft:acacia_sapling":1,"minecraft:beef":2,"minecraft:netherrack":3,"minecraft:bread":10,"usefulbackpacks:backpack_medium":1,"minecraft:wheat_seeds":490,"quark:hollow_birch_log":1,"minecraft:poisonous_potato":10,"minecraft:book":1,"minecraft:feather":4,"minecraft:cobblestone":132,"minecraft:apple":34,"minecraft:stick":6,"minecraft:oxeye_daisy":1,"spartanweaponry:wooden_boomerang":2,"minecraft:gray_wool":2,"minecraft:torch":2,"minecraft:green_dye":5,"minecraft:map":1,"spartanweaponry:iron_greatsword":1,"minecraft:smooth_stone":1,"minecraft:string":8,"minecraft:pink_petals":10,"minecraft:dandelion":8,"minecraft:smooth_basalt":1,"minecraft:redstone":17,"alexsmobs:maggot":11,"minecraft:oak_trapdoor":1,"minecraft:coarse_dirt":5,"minecraft:cobblestone_wall":1,"minecraft:raw_copper":10,"minecraft:tuff":4,"minecraft:chicken":5,"quark:white_shard":2,"minecraft:oak_sign":1,"minecraft:filled_map":1,"minecraft:potato":180,"spartanweaponry:iron_warhammer":2,"minecraft:flower_pot":1,"minecraft:oak_button":64,"minecraft:spruce_planks":4,"minecraft:diamond_pickaxe":1,"minecraft:andesite":155,"minecraft:mossy_stone_bricks":3,"minecraft:yellow_bed":1,"minecraft:oak_sapling":673,"artifacts:eternal_steak":1,"minecraft:spider_eye":13,"minecraft:stone_bricks":2,"minecraft:blue_orchid":1,"minecraft:bow":13,"minecraft:stone_pickaxe":2,"minecraft:wooden_pickaxe":2},"minecraft:custom":{"minecraft:interact_with_crafting_table":186,"minecraft:open_barrel":59,"minecraft:eat_cake_slice":7,"minecraft:leave_game":23,"minecraft:time_since_death":420346,"minecraft:sprint_one_cm":3049592,"minecraft:damage_blocked_by_shield":593,"minecraft:drop":1638,"minecraft:talked_to_villager":518,"minecraft:play_time":911944,"minecraft:deaths":11,"minecraft:jump":18919,"minecraft:enchant_item":3,"minecraft:walk_on_water_one_cm":108870,"minecraft:interact_with_furnace":435,"minecraft:traded_with_villager":483,"minecraft:interact_with_cartography_table":1,"minecraft:sleep_in_bed":15,"minecraft:damage_dealt":126634,"minecraft:player_kills":8,"minecraft:crouch_one_cm":83587,"minecraft:interact_with_smoker":2,"minecraft:interact_with_smithing_table":5,"minecraft:interact_with_anvil":21,"minecraft:mob_kills":833,"minecraft:inspect_hopper":4,"minecraft:climb_one_cm":19356,"minecraft:walk_one_cm":2408934,"minecraft:sneak_time":31669,"minecraft:walk_under_water_one_cm":35540,"minecraft:boat_one_cm":204119,"minecraft:interact_with_blast_furnace":1,"minecraft:total_world_time":911944,"minecraft:interact_with_stonecutter":2,"minecraft:interact_with_grindstone":3,"minecraft:time_since_rest":208143,"minecraft:damage_taken":19578,"minecraft:swim_one_cm":143605,"minecraft:fly_one_cm":4184861,"minecraft:open_chest":454,"minecraft:fall_one_cm":479200}},"DataVersion":3465}