{"stats":{"minecraft:picked_up":{"minecraft:charcoal":2,"minecraft:crafting_table":6,"minecraft:wheat":24,"minecraft:chicken":3,"minecraft:ladder":4,"minecraft:oak_stairs":3,"minecraft:enchanted_book":1,"minecraft:stone_brick_stairs":5,"minecraft:string":2,"minecraft:oak_trapdoor":1,"minecraft:stone_stairs":3,"minecraft:raw_copper":9,"minecraft:flint_and_steel":1,"minecraft:item_frame":4,"minecraft:blackstone":123,"minecraft:cobbled_deepslate":115,"minecraft:bucket":1,"minecraft:beef":9,"minecraft:lectern":1,"minecraft:egg":3,"minecraft:stick":83,"minecraft:raw_iron":40,"minecraft:torch":14,"minecraft:spruce_stairs":1,"minecraft:porkchop":39,"minecraft:carrot":1,"minecraft:arrow":2,"minecraft:rotten_flesh":3,"minecraft:decorated_pot":1,"minecraft:hay_block":12,"minecraft:iron_block":1,"alexsmobs:emu_egg":1,"minecraft:bookshelf":2,"minecraft:obsidian":9,"minecraft:mutton":11,"minecraft:cobblestone":670,"minecraft:white_wool":6,"minecraft:birch_log":8,"minecraft:magma_block":2,"minecraft:feather":3,"minecraft:water_bucket":1,"minecraft:andesite":129,"minecraft:salmon":7,"minecraft:leather":11,"minecraft:tuff":4,"minecraft:oak_log":360,"minecraft:gunpowder":1,"minecraft:cobblestone_stairs":1,"minecraft:lapis_lazuli":5,"minecraft:dirt":503,"minecraft:bone":3,"minecraft:apple":15,"minecraft:stone_bricks":8,"minecraft:wheat_seeds":150,"minecraft:oak_fence_gate":5,"minecraft:grindstone":1,"minecraft:moss_block":1,"minecraft:oak_planks":9,"minecraft:book":99,"minecraft:oak_slab":2,"minecraft:dandelion":2,"minecraft:gravel":9,"minecraft:white_bed":3,"minecraft:barrel":1,"minecraft:spider_eye":1,"minecraft:diamond":28,"minecraft:stone_axe":1,"minecraft:writable_book":1,"minecraft:gray_wool":2,"minecraft:oak_sapling":152,"minecraft:damaged_anvil":1,"minecraft:black_wool":1,"minecraft:coal":87},"minecraft:custom":{"minecraft:interact_with_smithing_table":3,"minecraft:mob_kills":45,"minecraft:interact_with_crafting_table":96,"minecraft:open_barrel":9,"minecraft:eat_cake_slice":7,"minecraft:leave_game":3,"minecraft:time_since_death":41818,"minecraft:climb_one_cm":6745,"minecraft:sprint_one_cm":507337,"minecraft:walk_one_cm":479361,"minecraft:drop":250,"minecraft:talked_to_villager":6,"minecraft:play_time":201608,"minecraft:deaths":7,"minecraft:sneak_time":8369,"minecraft:walk_under_water_one_cm":6120,"minecraft:jump":2789,"minecraft:walk_on_water_one_cm":5358,"minecraft:total_world_time":201608,"minecraft:interact_with_furnace":161,"minecraft:sleep_in_bed":5,"minecraft:time_since_rest":30547,"minecraft:damage_taken":4774,"minecraft:damage_dealt":4717,"minecraft:swim_one_cm":15100,"minecraft:fly_one_cm":549772,"minecraft:open_chest":132,"minecraft:crouch_one_cm":15242,"minecraft:interact_with_smoker":1,"minecraft:fall_one_cm":97042},"minecraft:used":{"alexsmobs:emu_egg":1,"minecraft:oak_trapdoor":7,"minecraft:oak_fence":4,"minecraft:moss_block":1,"minecraft:enchanting_table":1,"minecraft:stone_sword":133,"minecraft:flint_and_steel":3,"minecraft:stone_shovel":443,"minecraft:oak_sign":8,"minecraft:ladder":4,"minecraft:decorated_pot":1,"minecraft:stone":37,"minecraft:cooked_salmon":5,"minecraft:cooked_chicken":1,"minecraft:torch":32,"minecraft:dirt":131,"minecraft:spruce_stairs":1,"minecraft:carrot":1,"minecraft:stone_stairs":17,"minecraft:oak_fence_gate":7,"minecraft:bookshelf":24,"minecraft:oak_stairs":51,"minecraft:stone_brick_stairs":25,"minecraft:stone_bricks":50,"minecraft:item_frame":1,"minecraft:bow":16,"minecraft:oak_sapling":128,"minecraft:furnace":3,"minecraft:cooked_beef":5,"minecraft:cobbled_deepslate":1,"minecraft:wheat_seeds":19,"minecraft:cooked_mutton":6,"minecraft:water_bucket":6,"minecraft:cobblestone_stairs":11,"minecraft:oak_planks":25,"minecraft:stone_pickaxe":871,"minecraft:blackstone":7,"minecraft:wooden_pickaxe":22,"minecraft:salmon":2,"minecraft:oak_slab":2,"minecraft:crafting_table":8,"minecraft:white_bed":3,"minecraft:campfire":5,"minecraft:oak_log":31,"minecraft:diamond_pickaxe":8,"minecraft:black_wool":1,"minecraft:apple":7,"minecraft:bread":31,"minecraft:iron_pickaxe":354,"minecraft:lectern":1,"minecraft:gravel":1,"minecraft:stone_axe":173,"minecraft:chiseled_stone_bricks":11,"minecraft:cobblestone":90,"minecraft:porkchop":1,"minecraft:cooked_porkchop":5,"minecraft:bucket":7,"minecraft:andesite":13,"quark:oak_chest":18},"minecraft:mined":{"minecraft:tuff":4,"minecraft:white_bed":3,"minecraft:oak_sapling":1,"minecraft:deepslate_diamond_ore":28,"minecraft:cobblestone_stairs":1,"minecraft:obsidian":8,"minecraft:ladder":4,"minecraft:grass_block":89,"minecraft:spruce_fence":1,"minecraft:decorated_pot":1,"minecraft:moss_block":1,"minecraft:hay_block":12,"minecraft:magma_block":2,"minecraft:oak_trapdoor":1,"minecraft:furnace":1,"minecraft:barrel":1,"minecraft:iron_ore":20,"minecraft:fire":7,"minecraft:andesite":129,"minecraft:deepslate_lapis_ore":2,"minecraft:azure_bluet":1,"minecraft:bookshelf":33,"minecraft:deepslate_iron_ore":20,"minecraft:oak_stairs":3,"minecraft:stone":656,"minecraft:iron_block":1,"minecraft:oak_slab":2,"minecraft:acacia_leaves":3,"minecraft:blackstone":98,"minecraft:crafting_table":6,"minecraft:torch":1,"minecraft:dead_bush":1,"minecraft:lectern":1,"minecraft:campfire":1,"minecraft:tall_grass":100,"minecraft:copper_ore":2,"minecraft:cobblestone":18,"minecraft:grindstone":1,"minecraft:oak_planks":9,"minecraft:damaged_anvil":1,"minecraft:wall_torch":10,"minecraft:spruce_stairs":1,"minecraft:stone_stairs":3,"minecraft:birch_log":8,"minecraft:wheat":24,"minecraft:stone_brick_stairs":5,"minecraft:grass":167,"minecraft:oak_log":362,"minecraft:coal_ore":89,"minecraft:oak_fence_gate":5,"minecraft:gravel":9,"minecraft:dirt":403,"minecraft:stone_bricks":8,"minecraft:oak_leaves":48,"minecraft:deepslate":116,"minecraft:fern":3},"minecraft:killed_by":{"minecraft:player":1,"minecraft:zombie":1},"minecraft:dropped":{"minecraft:wheat_seeds":128,"minecraft:oak_log":2,"minecraft:cobblestone":35,"minecraft:stick":2,"minecraft:dirt":26,"minecraft:gray_wool":2,"minecraft:torch":2,"minecraft:string":1,"minecraft:white_wool":2,"minecraft:dandelion":2,"minecraft:gravel":8,"minecraft:stone_axe":1,"minecraft:blackstone":116,"minecraft:cobbled_deepslate":55,"alexsmobs:animal_dictionary":1,"minecraft:raw_copper":9,"minecraft:tuff":4,"minecraft:wheat":1,"minecraft:obsidian":1,"minecraft:chicken":1,"minecraft:rotten_flesh":3,"minecraft:oak_planks":2,"minecraft:gunpowder":1,"minecraft:andesite":116,"minecraft:oak_sapling":24,"minecraft:spider_eye":1,"minecraft:stone_pickaxe":1,"minecraft:wooden_pickaxe":2},"minecraft:broken":{"minecraft:stone_sword":1,"minecraft:stone_pickaxe":5,"minecraft:stone_axe":2,"minecraft:iron_pickaxe":1,"minecraft:stone_shovel":3},"minecraft:killed":{"alexsmobs:raccoon":1,"minecraft:spider":1,"minecraft:skeleton":2,"minecraft:chicken":3,"minecraft:pig":14,"minecraft:salmon":7,"minecraft:sheep":7,"minecraft:zombie":2,"minecraft:cow":6},"minecraft:crafted":{"minecraft:oak_planks":586,"minecraft:stone_shovel":4,"minecraft:oak_sign":9,"minecraft:cooked_chicken":1,"usefulbackpacks:backpack_small":1,"minecraft:furnace":3,"minecraft:cobblestone_stairs":12,"minecraft:stone":151,"minecraft:bookshelf":22,"minecraft:cooked_mutton":6,"minecraft:oak_trapdoor":6,"minecraft:stone_stairs":16,"minecraft:stone_brick_slab":24,"minecraft:ladder":4,"minecraft:stone_pickaxe":9,"minecraft:chiseled_stone_bricks":12,"minecraft:stone_bricks":84,"minecraft:oak_fence":6,"minecraft:wheat":108,"minecraft:cooked_beef":9,"minecraft:oak_slab":6,"minecraft:diamond_sword":1,"minecraft:cooked_porkchop":16,"minecraft:crafting_table":4,"minecraft:enchanting_table":1,"minecraft:wooden_pickaxe":3,"minecraft:cooked_salmon":5,"minecraft:bucket":1,"minecraft:birch_planks":32,"minecraft:campfire":5,"minecraft:stone_axe":4,"minecraft:bread":36,"minecraft:air":0,"minecraft:oak_fence_gate":2,"minecraft:stone_brick_stairs":20,"minecraft:diamond_pickaxe":1,"minecraft:charcoal":53,"minecraft:stick":84,"quark:oak_chest":18,"minecraft:iron_ingot":51,"minecraft:iron_pickaxe":2,"minecraft:oak_stairs":48,"minecraft:stone_sword":2,"minecraft:torch":36}},"DataVersion":3465}