{"stats":{"minecraft:mined":{"minecraft:spruce_planks":3,"minecraft:white_bed":8,"minecraft:oak_sapling":1,"minecraft:cobblestone_stairs":1,"minecraft:obsidian":8,"minecraft:grass_block":97,"minecraft:oxeye_daisy":2,"minecraft:tall_seagrass":1,"minecraft:magma_block":2,"minecraft:iron_ore":53,"minecraft:fire":7,"minecraft:barrel":1,"minecraft:deepslate_lapis_ore":2,"minecraft:azure_bluet":4,"minecraft:oak_stairs":3,"minecraft:azalea":1,"minecraft:iron_block":1,"minecraft:tripwire":1,"minecraft:red_bed":30,"minecraft:blackstone":98,"minecraft:torch":4,"minecraft:poppy":1,"minecraft:dead_bush":3,"minecraft:cobblestone":70,"minecraft:sugar_cane":1,"minecraft:grindstone":1,"minecraft:oak_planks":108,"minecraft:damaged_anvil":1,"minecraft:wall_torch":13,"minecraft:stone_stairs":3,"minecraft:birch_log":8,"minecraft:wheat":33,"minecraft:stone_brick_stairs":5,"minecraft:grass":1339,"minecraft:oak_log":362,"minecraft:beetroots":1,"minecraft:oak_fence_gate":5,"minecraft:dirt":673,"minecraft:oak_leaves":49,"minecraft:deepslate":116,"minecraft:tuff":4,"minecraft:deepslate_diamond_ore":28,"minecraft:glow_lichen":1,"minecraft:ladder":4,"minecraft:spruce_fence":1,"minecraft:decorated_pot":1,"minecraft:cartography_table":1,"minecraft:moss_block":1,"minecraft:rooted_dirt":2,"minecraft:hay_block":12,"minecraft:oak_trapdoor":1,"minecraft:furnace":3,"minecraft:carrots":27,"minecraft:andesite":170,"minecraft:peony":1,"minecraft:bookshelf":33,"minecraft:potatoes":36,"minecraft:cobblestone_slab":79,"minecraft:deepslate_iron_ore":20,"minecraft:stone":1250,"minecraft:white_wool":1,"minecraft:oak_slab":2,"minecraft:scaffolding":1,"minecraft:acacia_leaves":3,"minecraft:dandelion":15,"minecraft:oak_fence":4,"minecraft:crafting_table":10,"minecraft:cornflower":1,"minecraft:emerald_ore":1,"minecraft:lectern":20,"minecraft:campfire":1,"minecraft:tall_grass":556,"minecraft:copper_ore":2,"minecraft:spruce_stairs":1,"minecraft:coarse_dirt":8,"minecraft:gray_bed":7,"minecraft:yellow_bed":6,"minecraft:coal_ore":138,"minecraft:gravel":22,"minecraft:cyan_carpet":18,"minecraft:cracked_stone_bricks":1,"minecraft:stone_bricks":12,"minecraft:fern":5},"minecraft:killed_by":{"minecraft:zombie":1,"minecraft:player":2},"minecraft:killed":{"guardvillagers:guard":2,"minecraft:spider":23,"minecraft:skeleton":27,"minecraft:chicken":5,"minecraft:pig":16,"minecraft:zombie_villager":3,"minecraft:salmon":23,"minecraft:creeper":5,"minecraft:sheep":17,"minecraft:zombie":46,"alexsmobs:fly":1,"minecraft:cow":21,"alexsmobs:raccoon":2,"alexsmobs:gazelle":1,"minecraft:villager":2,"minecraft:enderman":1},"minecraft:crafted":{"minecraft:oak_planks":586,"minecraft:yellow_wool":4,"minecraft:cobblestone_slab":150,"minecraft:oak_sign":9,"minecraft:cooked_chicken":1,"usefulbackpacks:backpack_small":2,"minecraft:stone":151,"minecraft:cobblestone_stairs":12,"minecraft:bookshelf":22,"minecraft:cooked_mutton":6,"minecraft:stone_brick_slab":24,"minecraft:birch_fence_gate":1,"minecraft:chiseled_stone_bricks":12,"minecraft:stone_hoe":1,"minecraft:oak_fence":12,"minecraft:stone_bricks":84,"minecraft:oak_slab":6,"minecraft:emerald":1,"minecraft:cooked_porkchop":19,"minecraft:crafting_table":4,"minecraft:wooden_pickaxe":3,"minecraft:baked_potato":52,"minecraft:birch_planks":32,"minecraft:campfire":5,"minecraft:stone_brick_stairs":20,"minecraft:diamond_pickaxe":1,"minecraft:charcoal":53,"minecraft:yellow_dye":9,"minecraft:shield":1,"minecraft:stick":172,"quark:oak_chest":18,"minecraft:iron_ingot":76,"minecraft:iron_pickaxe":2,"minecraft:stone_sword":2,"minecraft:light_gray_dye":1,"artifacts:eternal_steak":1,"minecraft:coal":27,"minecraft:stone_shovel":6,"minecraft:furnace":7,"minecraft:oak_trapdoor":6,"minecraft:stone_stairs":16,"minecraft:ladder":4,"spartanweaponry:diamond_longbow":1,"minecraft:stone_pickaxe":13,"usefulbackpacks:backpack_medium":1,"minecraft:wheat":108,"minecraft:cooked_beef":14,"minecraft:diamond_sword":1,"minecraft:enchanting_table":1,"minecraft:iron_sword":1,"spartanweaponry:handle":4,"minecraft:cooked_salmon":5,"minecraft:bucket":1,"minecraft:stone_axe":5,"minecraft:bread":38,"minecraft:air":0,"minecraft:oak_fence_gate":2,"minecraft:oak_boat":1,"minecraft:white_wool":1,"minecraft:oak_stairs":48,"minecraft:torch":76},"minecraft:used":{"alexsmobs:emu_egg":1,"minecraft:moss_block":1,"minecraft:ladder":5,"minecraft:oak_sign":9,"minecraft:decorated_pot":1,"minecraft:shield":20,"minecraft:stone":37,"minecraft:iron_sword":187,"minecraft:carrot":42,"minecraft:grass_block":1,"minecraft:stone_brick_stairs":25,"minecraft:stone_bricks":54,"minecraft:item_frame":2,"minecraft:bow":16,"minecraft:furnace":9,"minecraft:oak_sapling":128,"minecraft:gray_bed":7,"minecraft:potato":68,"minecraft:damaged_anvil":1,"minecraft:oak_planks":134,"minecraft:stone_pickaxe":1539,"minecraft:blackstone":7,"minecraft:wooden_pickaxe":22,"artifacts:eternal_steak":66,"minecraft:sugar_cane":3,"minecraft:white_wool":1,"spartanweaponry:iron_flanged_mace":163,"minecraft:crossbow":1,"minecraft:birch_fence_gate":1,"spartanweaponry:iron_saber":24,"minecraft:string":1,"minecraft:bread":33,"minecraft:lectern":19,"minecraft:gravel":2,"spartanweaponry:diamond_longbow":121,"minecraft:andesite":15,"minecraft:oak_boat":9,"minecraft:coarse_dirt":2,"minecraft:oak_fence":16,"minecraft:oak_trapdoor":7,"minecraft:enchanting_table":1,"minecraft:stone_sword":133,"minecraft:flint_and_steel":3,"minecraft:armor_stand":4,"minecraft:stone_shovel":736,"minecraft:spruce_planks":6,"minecraft:cooked_salmon":5,"minecraft:stone_hoe":37,"minecraft:cooked_chicken":1,"minecraft:torch":80,"minecraft:dirt":180,"minecraft:spruce_stairs":1,"minecraft:stone_stairs":17,"minecraft:oak_fence_gate":7,"minecraft:bookshelf":24,"minecraft:oak_stairs":51,"minecraft:bamboo":1,"spartanweaponry:iron_battle_hammer":49,"minecraft:cooked_beef":7,"minecraft:cobbled_deepslate":1,"minecraft:wheat_seeds":25,"minecraft:cooked_mutton":6,"minecraft:water_bucket":27,"minecraft:cobblestone_stairs":11,"minecraft:cobblestone_slab":114,"minecraft:cracked_stone_bricks":1,"minecraft:salmon":2,"minecraft:oak_slab":2,"minecraft:crafting_table":13,"minecraft:red_bed":32,"minecraft:white_bed":6,"minecraft:campfire":5,"minecraft:oak_log":31,"minecraft:black_wool":1,"minecraft:diamond_pickaxe":8,"minecraft:apple":7,"minecraft:iron_pickaxe":573,"minecraft:stone_axe":290,"minecraft:chiseled_stone_bricks":11,"minecraft:cobblestone":521,"minecraft:porkchop":1,"minecraft:cooked_porkchop":19,"minecraft:bucket":29,"minecraft:yellow_bed":6,"quark:oak_chest":18},"minecraft:picked_up":{"minecraft:iron_chestplate":1,"minecraft:wheat":33,"minecraft:oak_stairs":3,"minecraft:enchanted_book":2,"minecraft:stone_brick_stairs":5,"alexsmobs:gazelle_horn":1,"minecraft:string":22,"minecraft:raw_copper":9,"minecraft:armor_stand":8,"minecraft:oak_sign":1,"minecraft:beetroot":2,"minecraft:cobbled_deepslate":115,"minecraft:bucket":1,"minecraft:spruce_planks":11,"minecraft:cobblestone_slab":83,"minecraft:azalea":1,"minecraft:iron_pickaxe":1,"alexsmobs:raccoon_tail":1,"minecraft:iron_boots":4,"minecraft:furnace":2,"minecraft:stick":84,"minecraft:oak_fence":6,"minecraft:torch":24,"minecraft:spruce_stairs":1,"minecraft:porkchop":45,"minecraft:rotten_flesh":42,"minecraft:iron_block":1,"alexsmobs:emu_egg":1,"minecraft:bookshelf":2,"minecraft:obsidian":9,"minecraft:cobblestone":1833,"minecraft:birch_log":8,"minecraft:magma_block":2,"minecraft:leather_chestplate":4,"minecraft:feather":3,"minecraft:water_bucket":1,"minecraft:andesite":170,"minecraft:brown_wool":1,"minecraft:potato":101,"minecraft:flint":1,"minecraft:tuff":4,"minecraft:map":2,"minecraft:lapis_lazuli":5,"minecraft:dirt":740,"minecraft:leather_boots":4,"minecraft:bone":32,"minecraft:bow":4,"minecraft:wheat_seeds":313,"minecraft:grindstone":1,"minecraft:bamboo":1,"minecraft:moss_block":1,"minecraft:oak_planks":108,"spartanweaponry:iron_saber":1,"minecraft:cooked_porkchop":7,"minecraft:grass_block":1,"minecraft:barrel":1,"minecraft:diamond":37,"minecraft:writable_book":1,"minecraft:crossbow":1,"minecraft:bone_meal":2,"minecraft:emerald":2,"alexsmobs:maggot":4,"minecraft:oak_sapling":152,"minecraft:coarse_dirt":3,"minecraft:charcoal":2,"minecraft:crafting_table":10,"minecraft:azure_bluet":4,"minecraft:chicken":4,"minecraft:ladder":5,"minecraft:leather_leggings":4,"minecraft:shield":1,"minecraft:cornflower":1,"minecraft:oak_trapdoor":2,"minecraft:red_bed":32,"minecraft:stone_stairs":3,"minecraft:flint_and_steel":1,"minecraft:item_frame":5,"minecraft:blackstone":123,"minecraft:cyan_carpet":21,"minecraft:cracked_stone_bricks":1,"minecraft:cartography_table":1,"minecraft:beef":38,"minecraft:oak_boat":9,"minecraft:iron_nugget":2,"minecraft:light_gray_wool":1,"minecraft:lectern":20,"minecraft:sugar_cane":3,"minecraft:egg":3,"minecraft:raw_iron":73,"minecraft:carrot":86,"artifacts:everlasting_beef":2,"minecraft:arrow":25,"minecraft:decorated_pot":1,"minecraft:beetroot_seeds":4,"minecraft:hay_block":12,"minecraft:mutton":27,"minecraft:white_wool":16,"minecraft:oxeye_daisy":2,"artifacts:eternal_steak":1,"minecraft:salmon":22,"minecraft:leather":30,"spartanweaponry:iron_longsword":2,"minecraft:birch_planks":22,"minecraft:oak_log":374,"minecraft:yellow_bed":7,"minecraft:gunpowder":3,"minecraft:cobblestone_stairs":3,"minecraft:apple":21,"minecraft:stone_bricks":12,"minecraft:stone_pickaxe":1,"minecraft:oak_fence_gate":5,"minecraft:iron_ingot":20,"minecraft:gray_bed":7,"minecraft:iron_sword":1,"minecraft:book":99,"minecraft:oak_slab":2,"minecraft:dandelion":16,"minecraft:gravel":23,"minecraft:white_bed":8,"minecraft:spider_eye":5,"minecraft:leather_helmet":4,"spartanweaponry:iron_battle_hammer":1,"minecraft:firework_rocket":1,"minecraft:stone_axe":3,"minecraft:gray_wool":2,"minecraft:baked_potato":104,"minecraft:damaged_anvil":1,"minecraft:black_wool":1,"minecraft:coal":138,"minecraft:ender_pearl":1},"minecraft:broken":{"minecraft:leather_leggings":1,"minecraft:stone_pickaxe":10,"minecraft:stone_axe":3,"minecraft:stone_shovel":5,"minecraft:leather_helmet":2,"minecraft:stone_sword":1,"minecraft:leather_boots":2,"minecraft:iron_pickaxe":3},"minecraft:dropped":{"minecraft:oak_log":16,"minecraft:baked_potato":156,"minecraft:cooked_porkchop":7,"minecraft:flint":1,"minecraft:cobblestone_stairs":2,"minecraft:emerald":1,"minecraft:dirt":105,"alexsmobs:raccoon_tail":1,"minecraft:white_wool":2,"minecraft:cyan_carpet":21,"minecraft:bone":19,"minecraft:gravel":21,"minecraft:stone_axe":3,"minecraft:blackstone":116,"alexsmobs:gazelle_horn":1,"minecraft:iron_nugget":2,"alexsmobs:animal_dictionary":1,"minecraft:cobbled_deepslate":55,"minecraft:wheat":4,"minecraft:obsidian":1,"minecraft:rotten_flesh":42,"minecraft:oak_planks":3,"minecraft:azure_bluet":3,"minecraft:gunpowder":3,"minecraft:azalea":1,"minecraft:beef":2,"minecraft:wheat_seeds":283,"minecraft:cobblestone":123,"minecraft:apple":6,"minecraft:stick":5,"minecraft:oxeye_daisy":1,"spartanweaponry:wooden_boomerang":2,"minecraft:gray_wool":2,"minecraft:torch":2,"minecraft:map":1,"minecraft:string":6,"minecraft:dandelion":6,"alexsmobs:maggot":4,"minecraft:oak_trapdoor":1,"minecraft:coarse_dirt":1,"minecraft:raw_copper":9,"minecraft:tuff":4,"minecraft:chicken":2,"minecraft:spruce_planks":4,"minecraft:andesite":155,"minecraft:yellow_bed":1,"minecraft:oak_sapling":24,"artifacts:eternal_steak":1,"minecraft:spider_eye":5,"minecraft:bow":4,"minecraft:stone_pickaxe":2,"minecraft:wooden_pickaxe":2},"minecraft:custom":{"minecraft:interact_with_crafting_table":127,"minecraft:open_barrel":26,"minecraft:eat_cake_slice":7,"minecraft:leave_game":6,"minecraft:time_since_death":20206,"minecraft:sprint_one_cm":1284146,"minecraft:damage_blocked_by_shield":569,"minecraft:drop":815,"minecraft:talked_to_villager":58,"minecraft:play_time":432491,"minecraft:deaths":9,"minecraft:jump":8520,"minecraft:walk_on_water_one_cm":29278,"minecraft:interact_with_furnace":227,"minecraft:traded_with_villager":1,"minecraft:interact_with_cartography_table":1,"minecraft:sleep_in_bed":7,"minecraft:damage_dealt":26012,"minecraft:crouch_one_cm":38830,"minecraft:interact_with_smoker":2,"minecraft:interact_with_smithing_table":3,"minecraft:mob_kills":200,"minecraft:interact_with_anvil":8,"minecraft:climb_one_cm":9574,"minecraft:walk_one_cm":1089231,"minecraft:sneak_time":15819,"minecraft:walk_under_water_one_cm":17080,"minecraft:boat_one_cm":204119,"minecraft:interact_with_blast_furnace":1,"minecraft:total_world_time":432491,"minecraft:interact_with_grindstone":1,"minecraft:interact_with_stonecutter":2,"minecraft:time_since_rest":20245,"minecraft:damage_taken":10973,"minecraft:swim_one_cm":74885,"minecraft:fly_one_cm":1897530,"minecraft:open_chest":279,"minecraft:fall_one_cm":240973}},"DataVersion":3465}