{"stats":{"minecraft:dropped":{"alexsmobs:fish_bones":1,"minecraft:diamond":48,"alexsmobs:kangaroo_meat":4,"minecraft:cooked_porkchop":7,"minecraft:crossbow":15,"minecraft:fletching_table":1,"minecraft:leather_helmet":1,"minecraft:emerald":11,"minecraft:dirt":712,"alexsmobs:skelewag_sword":1,"minecraft:gold_nugget":14,"minecraft:phantom_membrane":4,"onlyhammers:diamond_hammer":1,"minecraft:iron_pickaxe":8,"spartanweaponry:iron_dagger":2,"minecraft:white_wool":2,"alexsmobs:raccoon_tail":1,"minecraft:cyan_carpet":21,"minecraft:bone":60,"usefulbackpacks:backpack_large":3,"minecraft:stone_axe":3,"minecraft:sugar_cane":1,"alexsmobs:gazelle_horn":1,"minecraft:iron_nugget":2,"alexsmobs:animal_dictionary":1,"minecraft:cobbled_deepslate":1373,"minecraft:netherite_sword":1,"minecraft:birch_sapling":96,"minecraft:wheat":7,"minecraft:obsidian":1,"minecraft:rotten_flesh":171,"minecraft:oak_planks":57,"minecraft:glowstone_dust":1,"minecraft:azure_bluet":3,"minecraft:white_bed":4,"minecraft:salmon":6,"minecraft:leather_boots":1,"minecraft:acacia_sapling":1,"minecraft:spruce_slab":1,"quark:smithing_template_rune":1,"minecraft:beef":2,"minecraft:enchanted_book":3,"minecraft:iron_ingot":12,"usefulbackpacks:backpack_medium":1,"minecraft:wheat_seeds":570,"minecraft:cobblestone":780,"minecraft:feather":4,"minecraft:prismarine_crystals":1,"minecraft:book":3,"minecraft:apple":37,"minecraft:coal":7,"minecraft:oxeye_daisy":1,"spartanweaponry:wooden_boomerang":2,"minecraft:gray_wool":2,"minecraft:rib_armor_trim_smithing_template":1,"minecraft:smooth_stone":1,"minecraft:iron_shovel":3,"minecraft:string":1072,"minecraft:acacia_planks":3,"minecraft:stone_sword":3,"minecraft:cobblestone_wall":1,"minecraft:chicken":5,"minecraft:iron_boots":4,"minecraft:oak_sign":1,"minecraft:potato":1055,"minecraft:cobblestone_slab":140,"minecraft:flower_pot":1,"minecraft:spruce_planks":4,"minecraft:diamond_pickaxe":1,"minecraft:yellow_bed":1,"artifacts:eternal_steak":1,"minecraft:spider_eye":892,"minecraft:stone_bricks":5,"minecraft:bow":21,"minecraft:blue_orchid":1,"minecraft:magma_block":32,"spartanweaponry:diamond_longbow":57,"alexsmobs:straddlite":3,"minecraft:brown_mushroom":1,"minecraft:birch_planks":2,"minecraft:diamond_axe":4,"minecraft:oak_log":80,"minecraft:baked_potato":547,"cataclysm:lionfish":3,"minecraft:red_wool":3,"minecraft:birch_slab":28,"minecraft:flint":1,"minecraft:cobblestone_stairs":2,"minecraft:deepslate_tile_stairs":2,"minecraft:mutton":1,"spartanweaponry:iron_katana":4,"minecraft:gravel":22,"minecraft:blackstone":2303,"spartanweaponry:diamond_heavy_crossbow":18,"minecraft:cherry_sapling":120,"artifacts:villager_hat":5,"spartanweaponry:iron_saber":2,"minecraft:diamond_shovel":7,"minecraft:carrot":230,"alexsmobs:kangaroo_hide":6,"minecraft:poppy":6,"minecraft:leather_chestplate":3,"alexsmobs:elastic_tendon":3,"minecraft:gunpowder":8,"minecraft:acacia_slab":2,"minecraft:azalea":1,"minecraft:basalt":230,"minecraft:birch_button":128,"minecraft:arrow":28,"minecraft:quartz":257,"minecraft:netherrack":3686,"minecraft:bread":10,"minecraft:golden_helmet":1,"quark:hollow_birch_log":1,"minecraft:poisonous_potato":18,"minecraft:golden_axe":2,"minecraft:prismarine_shard":3,"minecraft:lead":1,"minecraft:stick":6,"minecraft:torch":3,"minecraft:green_dye":5,"minecraft:map":1,"spartanweaponry:iron_greatsword":1,"minecraft:pink_petals":17,"minecraft:dandelion":8,"minecraft:smooth_basalt":25,"minecraft:redstone":22,"alexsmobs:maggot":17,"minecraft:oak_trapdoor":1,"minecraft:coarse_dirt":8,"minecraft:raw_copper":18,"minecraft:tuff":45,"quark:white_shard":2,"minecraft:ender_eye":5,"minecraft:cave_spider_spawn_egg":7,"minecraft:filled_map":1,"spartanweaponry:iron_warhammer":5,"minecraft:oak_button":64,"minecraft:andesite":665,"minecraft:mossy_stone_bricks":4,"minecraft:golden_leggings":2,"minecraft:oak_sapling":1397,"minecraft:stone_pickaxe":13,"minecraft:wooden_pickaxe":2},"minecraft:crafted":{"minecraft:yellow_wool":4,"minecraft:oak_sign":9,"expanded_combat:diamond_dancer_s_sword":1,"minecraft:blaze_powder":8,"minecraft:birch_slab":510,"minecraft:diamond_shovel":9,"minecraft:bookshelf":28,"minecraft:cooked_mutton":6,"quark:acacia_bookshelf":3,"minecraft:glass":4,"minecraft:quartz_block":21,"minecraft:diamond_helmet":2,"minecraft:diamond_leggings":2,"minecraft:netherite_boots":1,"minecraft:birch_fence_gate":3,"minecraft:emerald":929,"minecraft:cooked_porkchop":19,"minecraft:diamond_axe":7,"minecraft:acacia_slab":30,"minecraft:fletching_table":6,"minecraft:campfire":5,"minecraft:stone_brick_stairs":20,"minecraft:lectern":11,"quark:oak_chest":19,"usefulbackpacks:backpack_large":2,"minecraft:iron_pickaxe":16,"minecraft:iron_block":3,"minecraft:gold_ingot":48,"minecraft:light_gray_dye":1,"minecraft:netherite_ingot":8,"minecraft:stone_shovel":31,"minecraft:experience_bottle":24,"minecraft:bone_meal":90,"minecraft:rib_armor_trim_smithing_template":2,"minecraft:stone_stairs":16,"minecraft:ladder":4,"minecraft:stone_pickaxe":30,"minecraft:diamond_boots":2,"minecraft:wheat":108,"minecraft:enchanting_table":1,"spartanweaponry:diamond_heavy_crossbow":19,"minecraft:enchanted_book":476,"minecraft:oak_fence_gate":2,"minecraft:oak_stairs":48,"minecraft:iron_shovel":6,"minecraft:white_bed":17,"minecraft:oak_planks":11282,"minecraft:cobblestone_slab":546,"minecraft:cooked_chicken":1,"usefulbackpacks:backpack_small":2,"minecraft:cobblestone_stairs":12,"minecraft:stone":151,"minecraft:green_dye":0,"spartanweaponry:bolt":64,"minecraft:stone_brick_slab":24,"minecraft:bow":6,"minecraft:oak_button":64,"minecraft:netherite_upgrade_smithing_template":14,"minecraft:chiseled_stone_bricks":12,"minecraft:birch_button":64,"minecraft:ender_eye":4,"minecraft:stone_hoe":2,"minecraft:oak_fence":12,"minecraft:stone_bricks":84,"expanded_combat:netherite_dancer_s_sword":1,"minecraft:oak_slab":24,"minecraft:crafting_table":4,"minecraft:wooden_pickaxe":3,"minecraft:baked_potato":264,"minecraft:birch_planks":1964,"minecraft:paper":129,"minecraft:diamond_pickaxe":2,"minecraft:charcoal":53,"minecraft:yellow_dye":9,"minecraft:shield":1,"minecraft:stick":24319,"minecraft:iron_ingot":89,"minecraft:stone_sword":2,"artifacts:eternal_steak":1,"minecraft:coal":27,"minecraft:netherite_sword":1,"onlyhammers:diamond_hammer":1,"minecraft:furnace":7,"minecraft:diamond_block":2,"minecraft:oak_trapdoor":6,"minecraft:netherite_chestplate":1,"minecraft:iron_axe":3,"minecraft:iron_hoe":2,"spartanweaponry:diamond_longbow":61,"onlyhammers:netherite_hammer":1,"usefulbackpacks:backpack_medium":2,"minecraft:netherite_scrap":0,"minecraft:cooked_beef":14,"minecraft:diamond_sword":3,"minecraft:iron_sword":1,"spartanweaponry:handle":4,"minecraft:cooked_salmon":5,"minecraft:bucket":1,"minecraft:stone_axe":6,"minecraft:bread":47,"minecraft:air":0,"minecraft:blue_dye":3,"minecraft:oak_boat":1,"minecraft:white_wool":64,"expanded_combat:gold_stick":4,"minecraft:anvil":1,"minecraft:acacia_planks":44,"minecraft:torch":236,"minecraft:lapis_lazuli":17,"minecraft:diamond_chestplate":2},"minecraft:broken":{"minecraft:iron_chestplate":1,"minecraft:iron_hoe":1,"minecraft:leather_helmet":2,"minecraft:stone_sword":1,"minecraft:stone_hoe":1,"minecraft:iron_axe":3,"minecraft:iron_pickaxe":6,"minecraft:leather_leggings":1,"minecraft:stone_pickaxe":11,"minecraft:stone_axe":4,"minecraft:stone_shovel":6,"minecraft:leather_boots":2},"minecraft:killed":{"guardvillagers:guard":2,"minecraft:cave_spider":2395,"alexsmobs:murmur":2,"minecraft:skeleton":139,"minecraft:guardian":3,"minecraft:chicken":9,"alexsmobs:straddler":16,"alexsmobs:skelewag":1,"minecraft:magma_cube":21,"minecraft:salmon":23,"minecraft:iron_golem":8,"minecraft:zombie":252,"cataclysm:deepling":1,"minecraft:cow":21,"alexsmobs:raccoon":2,"minecraft:wandering_trader":2,"minecraft:enderman":4,"minecraft:zombified_piglin":2,"minecraft:witch":1,"minecraft:spider":97,"minecraft:silverfish":6,"minecraft:piglin_brute":9,"alexsmobs:kangaroo":3,"minecraft:wolf":2,"minecraft:piglin":7,"minecraft:pig":16,"minecraft:zombie_villager":7,"alexsmobs:stradpole":16,"minecraft:creeper":49,"minecraft:sheep":18,"minecraft:trader_llama":1,"alexsmobs:fly":5,"minecraft:blaze":14,"minecraft:phantom":11,"minecraft:drowned":3,"minecraft:bat":1,"creeperoverhaul:ocean_creeper":1,"alexsmobs:gazelle":1,"minecraft:wither_skeleton":16,"minecraft:villager":10},"minecraft:used":{"alexsmobs:emu_egg":2,"minecraft:peony":1,"minecraft:moss_block":1,"expanded_combat:diamond_dancer_s_sword":2644,"minecraft:spruce_slab":1,"minecraft:ladder":5,"minecraft:stone":37,"minecraft:skeleton_spawn_egg":1,"minecraft:acacia_sapling":3,"minecraft:azure_bluet":3,"minecraft:lava_bucket":2,"minecraft:grass_block":2,"minecraft:birch_sapling":45,"minecraft:stone_brick_stairs":26,"minecraft:bow":16,"minecraft:furnace":9,"minecraft:oak_sapling":398,"minecraft:egg":3,"minecraft:potato":605,"minecraft:damaged_anvil":1,"minecraft:blackstone":137,"minecraft:wooden_pickaxe":22,"artifacts:eternal_steak":376,"quark:andesite_bricks_slab":2,"minecraft:birch_slab":628,"minecraft:lectern":240,"minecraft:diamond_sword":413,"minecraft:smithing_table":2,"minecraft:oak_boat":9,"endrem:nether_eye":1,"minecraft:oak_trapdoor":7,"ironfurnaces:gold_furnace":1,"minecraft:enchanting_table":1,"minecraft:stone_sword":133,"minecraft:armor_stand":4,"minecraft:cooked_salmon":5,"minecraft:netherrack":248,"minecraft:torch":237,"minecraft:brewing_stand":2,"expanded_combat:netherite_dancer_s_sword":3713,"minecraft:anvil":1,"minecraft:stone_stairs":17,"minecraft:oak_fence_gate":7,"minecraft:iron_axe":78,"minecraft:bamboo":1,"minecraft:smooth_basalt":2,"minecraft:basalt":37,"minecraft:acacia_planks":2,"minecraft:cobbled_deepslate":29,"minecraft:wheat_seeds":55,"minecraft:water_bucket":131,"quark:hollow_birch_log":1,"minecraft:fletching_table":41,"minecraft:polished_blackstone_bricks":7,"minecraft:cracked_stone_bricks":1,"minecraft:salmon":2,"minecraft:oak_slab":19,"minecraft:tnt":7,"minecraft:crafting_table":14,"minecraft:red_bed":50,"minecraft:campfire":5,"minecraft:white_bed":69,"minecraft:oak_log":31,"minecraft:diamond_pickaxe":896,"minecraft:diamond_shovel":1,"minecraft:iron_pickaxe":2319,"minecraft:chiseled_stone_bricks":11,"minecraft:cobblestone":1082,"minecraft:porkchop":1,"minecraft:cooked_porkchop":19,"quark:oak_chest":19,"minecraft:iron_shovel":25,"minecraft:oak_sign":11,"minecraft:decorated_pot":1,"minecraft:shield":21,"minecraft:iron_sword":251,"minecraft:zombie_spawn_egg":1,"minecraft:nether_bricks":1,"minecraft:carrot":179,"minecraft:tuff":1,"minecraft:lantern":2,"minecraft:stone_bricks":54,"minecraft:item_frame":2,"minecraft:magma_block":3,"minecraft:gray_bed":10,"spartanweaponry:diamond_heavy_crossbow":85,"minecraft:stone_pickaxe":1669,"minecraft:oak_planks":174,"minecraft:sugar_cane":103,"minecraft:diamond_axe":552,"minecraft:white_wool":1,"spartanweaponry:iron_flanged_mace":198,"minecraft:crossbow":1,"minecraft:cave_spider_spawn_egg":8,"minecraft:firework_rocket":1,"minecraft:birch_fence_gate":2,"spartanweaponry:iron_saber":24,"minecraft:string":2,"minecraft:bread":38,"onlyhammers:netherite_hammer":41709,"minecraft:iron_door":1,"minecraft:gravel":139,"minecraft:grindstone":1,"spartanweaponry:diamond_longbow":747,"minecraft:andesite":15,"minecraft:coarse_dirt":2,"minecraft:bone_meal":79,"minecraft:experience_bottle":24,"minecraft:oak_fence":16,"minecraft:flint_and_steel":7,"minecraft:stone_shovel":895,"minecraft:spruce_planks":6,"minecraft:stone_hoe":168,"minecraft:cooked_chicken":1,"minecraft:dirt":494,"minecraft:spruce_stairs":1,"minecraft:cobblestone_wall":1,"spartanweaponry:iron_longbow":2,"minecraft:iron_hoe":323,"minecraft:bookshelf":27,"minecraft:oak_stairs":51,"onlyhammers:diamond_hammer":35069,"minecraft:acacia_slab":2,"spartanweaponry:iron_battle_hammer":49,"minecraft:cooked_beef":7,"minecraft:cooked_mutton":6,"minecraft:acacia_boat":2,"minecraft:cobblestone_stairs":11,"minecraft:baked_potato":62,"minecraft:cobblestone_slab":400,"minecraft:spider_eye":1,"minecraft:black_wool":1,"minecraft:apple":92,"minecraft:cracked_polished_blackstone_bricks":2,"minecraft:map":1,"minecraft:stone_axe":292,"minecraft:pink_petals":4,"minecraft:bucket":134,"minecraft:yellow_bed":6},"minecraft:mined":{"minecraft:white_bed":52,"minecraft:obsidian":11,"minecraft:acacia_log":11,"minecraft:nether_wart":10,"minecraft:oak_wall_sign":1,"minecraft:oxeye_daisy":2,"quark:hollow_birch_log":2,"minecraft:polished_blackstone_bricks":7,"minecraft:tall_seagrass":6,"minecraft:magma_block":49,"minecraft:fire":19,"minecraft:barrel":1,"minecraft:fletching_table":35,"minecraft:deepslate_lapis_ore":67,"minecraft:oak_stairs":3,"minecraft:iron_block":1,"minecraft:tripwire":1,"minecraft:red_bed":48,"minecraft:torch":9,"minecraft:dead_bush":10,"minecraft:sugar_cane":199,"minecraft:damaged_anvil":1,"minecraft:wheat":63,"minecraft:stone_brick_stairs":5,"minecraft:grass":3024,"minecraft:oak_fence_gate":5,"minecraft:smooth_basalt":177,"minecraft:deepslate":4809,"minecraft:nether_bricks":1,"minecraft:spruce_fence":1,"minecraft:moss_block":1,"minecraft:cartography_table":1,"minecraft:andesite":659,"minecraft:potatoes":163,"minecraft:cobblestone_slab":495,"minecraft:vine":1,"minecraft:white_wool":1,"minecraft:smithing_table":2,"minecraft:oak_slab":11,"minecraft:dandelion":16,"minecraft:cornflower":2,"minecraft:emerald_ore":1,"minecraft:campfire":1,"minecraft:tall_grass":1038,"minecraft:copper_ore":5,"minecraft:deepslate_gold_ore":40,"minecraft:coarse_dirt":8,"minecraft:cobblestone_wall":2,"minecraft:gravel":194,"minecraft:stone_bricks":22,"minecraft:fern":11,"quark:andesite_bricks_slab":2,"minecraft:spruce_planks":3,"minecraft:oak_sapling":3,"minecraft:cobblestone_stairs":1,"minecraft:potted_blue_orchid":1,"minecraft:brewing_stand":2,"minecraft:grass_block":104,"minecraft:cracked_polished_blackstone_bricks":2,"minecraft:gilded_blackstone":1,"minecraft:smooth_stone":1,"minecraft:iron_ore":75,"minecraft:azure_bluet":7,"minecraft:iron_bars":2,"minecraft:azalea":2,"minecraft:spruce_slab":2,"minecraft:deepslate_redstone_ore":231,"minecraft:blackstone":17672,"minecraft:poppy":2,"minecraft:nether_quartz_ore":855,"minecraft:cobblestone":157,"minecraft:grindstone":2,"minecraft:oak_planks":124,"minecraft:iron_door":2,"minecraft:wall_torch":30,"minecraft:pink_petals":8,"minecraft:seagrass":5,"minecraft:stone_stairs":3,"minecraft:birch_log":645,"minecraft:oak_log":3384,"minecraft:beetroots":1,"minecraft:sand":1,"minecraft:dirt":717,"minecraft:netherrack":41882,"minecraft:ancient_debris":33,"minecraft:oak_leaves":62,"minecraft:nether_gold_ore":232,"minecraft:tuff":59,"minecraft:deepslate_diamond_ore":151,"minecraft:gray_stained_glass_pane":2,"minecraft:glow_lichen":1,"minecraft:ladder":4,"minecraft:decorated_pot":1,"minecraft:white_stained_glass":1,"minecraft:birch_slab":201,"minecraft:acacia_slab":2,"minecraft:rooted_dirt":2,"minecraft:hay_block":12,"minecraft:oak_trapdoor":1,"minecraft:furnace":3,"minecraft:carrots":49,"minecraft:peony":2,"minecraft:gold_block":2,"minecraft:bookshelf":52,"minecraft:deepslate_iron_ore":122,"minecraft:lantern":2,"minecraft:stripped_oak_log":8,"minecraft:stone":2341,"minecraft:acacia_leaves":4,"minecraft:scaffolding":1,"minecraft:basalt":3285,"minecraft:oak_fence":4,"minecraft:crafting_table":12,"minecraft:lectern":223,"minecraft:lapis_ore":4,"minecraft:spruce_stairs":1,"minecraft:gray_bed":10,"minecraft:yellow_bed":6,"minecraft:coal_ore":254,"minecraft:cyan_carpet":18,"minecraft:cracked_stone_bricks":6,"minecraft:mossy_stone_bricks":4},"minecraft:picked_up":{"minecraft:iron_chestplate":1,"minecraft:flower_pot":1,"minecraft:prismarine_shard":3,"minecraft:smithing_table":2,"minecraft:lead":3,"minecraft:oak_stairs":3,"minecraft:enchanted_book":17,"minecraft:birch_button":64,"minecraft:brewing_stand":2,"minecraft:string":1339,"minecraft:beetroot":2,"minecraft:gold_nugget":359,"minecraft:cobbled_deepslate":1406,"minecraft:spruce_planks":11,"minecraft:netherite_upgrade_smithing_template":1,"minecraft:golden_helmet":1,"minecraft:acacia_log":11,"minecraft:golden_axe":2,"minecraft:deepslate_tile_stairs":2,"minecraft:zombie_spawn_egg":1,"minecraft:stone_sword":3,"artifacts:villager_hat":6,"minecraft:iron_block":1,"minecraft:bookshelf":8,"minecraft:netherite_chestplate":1,"minecraft:blaze_rod":27,"minecraft:birch_log":619,"minecraft:cave_spider_spawn_egg":24,"spartanweaponry:iron_warhammer":5,"minecraft:magma_block":37,"minecraft:feather":7,"minecraft:iron_door":1,"minecraft:birch_slab":207,"minecraft:water_bucket":1,"minecraft:brown_wool":1,"minecraft:flint":14,"minecraft:netherite_leggings":1,"minecraft:map":2,"minecraft:lantern":2,"spartanweaponry:iron_greatsword":1,"minecraft:glowstone_dust":1,"minecraft:moss_block":1,"spartanweaponry:iron_saber":3,"spartanweaponry:simple_handle":1,"minecraft:barrel":1,"cataclysm:lionfish":3,"alexsmobs:kangaroo_hide":6,"quark:andesite_bricks_slab":2,"minecraft:writable_book":1,"spartanweaponry:iron_heavy_crossbow":3,"minecraft:bread":6,"alexsmobs:maggot":17,"minecraft:diamond_pickaxe":1,"minecraft:crafting_table":12,"minecraft:coarse_dirt":10,"minecraft:nether_wart":10,"minecraft:leather_leggings":4,"usefulbackpacks:backpack_medium":1,"minecraft:cornflower":1,"minecraft:red_bed":50,"minecraft:flint_and_steel":2,"minecraft:iron_shovel":1,"minecraft:cracked_stone_bricks":1,"minecraft:cartography_table":1,"minecraft:beef":38,"minecraft:iron_nugget":2,"minecraft:poppy":6,"minecraft:spruce_slab":2,"minecraft:birch_sapling":141,"minecraft:egg":6,"alexsmobs:straddlite":8,"minecraft:carrot":850,"minecraft:redstone":43,"minecraft:prismarine_crystals":1,"artifacts:everlasting_beef":2,"minecraft:decorated_pot":1,"minecraft:beetroot_seeds":4,"minecraft:peony":1,"ironfurnaces:gold_furnace":1,"minecraft:hay_block":12,"minecraft:mutton":28,"alexsmobs:kangaroo_meat":4,"minecraft:white_wool":17,"minecraft:oxeye_daisy":2,"minecraft:stripped_oak_log":1,"spartanweaponry:iron_longsword":3,"minecraft:oak_log":3340,"minecraft:ancient_debris":33,"minecraft:apple":163,"minecraft:stone_bricks":17,"minecraft:stone_pickaxe":5,"minecraft:oak_fence_gate":5,"minecraft:gray_bed":10,"spartanweaponry:iron_dagger":4,"minecraft:iron_sword":1,"minecraft:smooth_basalt":27,"quark:white_shard":2,"alexsmobs:fish_bones":1,"minecraft:red_wool":3,"minecraft:gravel":218,"minecraft:leather_helmet":4,"spartanweaponry:iron_battle_hammer":1,"minecraft:firework_rocket":1,"minecraft:stone_axe":3,"minecraft:rib_armor_trim_smithing_template":1,"minecraft:diamond_axe":1,"minecraft:gray_wool":2,"minecraft:baked_potato":349,"minecraft:ender_pearl":4,"minecraft:wheat":65,"minecraft:stone_brick_stairs":6,"alexsmobs:gazelle_horn":1,"spartanweaponry:iron_katana":4,"minecraft:raw_copper":18,"minecraft:armor_stand":8,"minecraft:oak_sign":4,"minecraft:smooth_stone":1,"minecraft:bucket":1,"minecraft:cobblestone_slab":499,"minecraft:ender_eye":1,"minecraft:azalea":1,"minecraft:iron_pickaxe":2,"alexsmobs:raccoon_tail":1,"minecraft:iron_boots":4,"minecraft:furnace":2,"minecraft:stick":969,"minecraft:oak_fence":6,"minecraft:torch":62,"minecraft:spruce_stairs":1,"minecraft:porkchop":45,"minecraft:rotten_flesh":329,"alexsmobs:emu_egg":2,"minecraft:obsidian":15,"minecraft:cobblestone":3008,"spartanweaponry:diamond_longbow":2,"minecraft:enchanting_table":1,"minecraft:pink_petals":21,"minecraft:leather_chestplate":5,"minecraft:andesite":661,"minecraft:golden_leggings":2,"minecraft:potato":3308,"minecraft:tuff":46,"minecraft:acacia_boat":2,"minecraft:lapis_lazuli":457,"minecraft:dirt":1247,"minecraft:leather_boots":4,"minecraft:bone":228,"minecraft:bow":18,"minecraft:wheat_seeds":694,"minecraft:raw_gold":90,"minecraft:grindstone":2,"minecraft:mossy_stone_bricks":4,"minecraft:fletching_table":35,"minecraft:bamboo":1,"minecraft:oak_planks":203,"minecraft:cooked_porkchop":7,"minecraft:poisonous_potato":28,"minecraft:grass_block":2,"minecraft:skeleton_spawn_egg":1,"minecraft:diamond":314,"minecraft:cracked_polished_blackstone_bricks":2,"minecraft:crossbow":16,"minecraft:bone_meal":2,"minecraft:emerald":57,"minecraft:oak_sapling":1795,"minecraft:netherrack":4017,"minecraft:charcoal":2,"minecraft:azure_bluet":7,"minecraft:chicken":7,"minecraft:ladder":5,"minecraft:brown_mushroom":1,"minecraft:gold_block":1,"minecraft:shield":1,"minecraft:stone_stairs":3,"minecraft:oak_trapdoor":2,"minecraft:item_frame":5,"minecraft:cyan_carpet":21,"minecraft:blackstone":2478,"minecraft:blue_orchid":1,"spartanweaponry:iron_longbow":2,"onlyhammers:diamond_hammer":1,"alexsmobs:elastic_tendon":3,"minecraft:oak_boat":9,"minecraft:light_gray_wool":1,"minecraft:lectern":229,"minecraft:sugar_cane":368,"alexsmobs:skelewag_sword":1,"minecraft:phantom_membrane":4,"minecraft:raw_iron":316,"minecraft:polished_blackstone_bricks":7,"minecraft:iron_horse_armor":1,"minecraft:arrow":163,"minecraft:nether_bricks":1,"minecraft:skeleton_skull":1,"minecraft:basalt":279,"artifacts:eternal_steak":2,"minecraft:salmon":28,"minecraft:leather":30,"minecraft:birch_planks":23,"quark:smithing_template_rune":1,"minecraft:gunpowder":65,"minecraft:yellow_bed":7,"minecraft:cobblestone_wall":2,"minecraft:cobblestone_stairs":3,"minecraft:iron_ingot":38,"minecraft:acacia_sapling":4,"minecraft:book":163,"minecraft:oak_slab":17,"minecraft:quartz":388,"minecraft:dandelion":18,"minecraft:white_bed":56,"minecraft:spider_eye":1095,"usefulbackpacks:backpack_large":3,"minecraft:cherry_sapling":120,"quark:hollow_birch_log":2,"minecraft:acacia_slab":2,"minecraft:damaged_anvil":1,"minecraft:black_wool":1,"minecraft:coal":332},"minecraft:custom":{"minecraft:interact_with_crafting_table":232,"minecraft:open_barrel":61,"minecraft:eat_cake_slice":7,"minecraft:leave_game":38,"minecraft:time_since_death":50307,"minecraft:damage_blocked_by_shield":593,"minecraft:play_time":1624513,"minecraft:deaths":13,"minecraft:jump":31678,"minecraft:enchant_item":52,"minecraft:interact_with_furnace":545,"minecraft:traded_with_villager":1610,"minecraft:interact_with_cartography_table":1,"minecraft:sleep_in_bed":23,"minecraft:damage_dealt":367034,"minecraft:interact_with_smoker":3,"minecraft:interact_with_smithing_table":28,"minecraft:inspect_dropper":1,"minecraft:interact_with_anvil":33,"minecraft:inspect_hopper":7,"minecraft:sneak_time":55909,"minecraft:interact_with_blast_furnace":2,"minecraft:total_world_time":1624513,"minecraft:interact_with_stonecutter":2,"minecraft:time_since_rest":50413,"minecraft:swim_one_cm":355687,"minecraft:fly_one_cm":6371415,"minecraft:open_chest":612,"minecraft:fall_one_cm":713686,"minecraft:sprint_one_cm":5121405,"minecraft:drop":2349,"minecraft:talked_to_villager":1265,"minecraft:interact_with_brewingstand":3,"minecraft:walk_on_water_one_cm":168109,"minecraft:player_kills":8,"minecraft:crouch_one_cm":243103,"minecraft:mob_kills":3218,"minecraft:climb_one_cm":33472,"minecraft:walk_one_cm":4570412,"minecraft:walk_under_water_one_cm":94011,"minecraft:boat_one_cm":302962,"minecraft:interact_with_grindstone":113,"minecraft:damage_taken":34688},"minecraft:killed_by":{"minecraft:zombie":1,"minecraft:player":5}},"DataVersion":3465}