{"stats":{"minecraft:picked_up":{"minecraft:crafting_table":3,"minecraft:wheat":24,"minecraft:salmon":7,"minecraft:leather":4,"minecraft:oak_log":141,"minecraft:dirt":245,"minecraft:item_frame":1,"minecraft:apple":5,"minecraft:wheat_seeds":77,"minecraft:beef":2,"minecraft:moss_block":1,"minecraft:stick":18,"minecraft:torch":4,"minecraft:porkchop":28,"minecraft:white_bed":1,"minecraft:carrot":1,"minecraft:rotten_flesh":2,"minecraft:hay_block":12,"minecraft:iron_block":1,"alexsmobs:emu_egg":1,"minecraft:oak_sapling":42,"minecraft:damaged_anvil":1,"minecraft:black_wool":1,"minecraft:mutton":6,"minecraft:coal":39,"minecraft:white_wool":3,"minecraft:cobblestone":217},"minecraft:custom":{"minecraft:interact_with_smithing_table":3,"minecraft:interact_with_furnace":10,"minecraft:mob_kills":22,"minecraft:interact_with_crafting_table":14,"minecraft:eat_cake_slice":7,"minecraft:leave_game":1,"minecraft:time_since_death":19565,"minecraft:sleep_in_bed":2,"minecraft:climb_one_cm":4684,"minecraft:time_since_rest":3641,"minecraft:sprint_one_cm":140355,"minecraft:damage_taken":1155,"minecraft:walk_one_cm":134442,"minecraft:drop":22,"minecraft:damage_dealt":1766,"minecraft:swim_one_cm":15100,"minecraft:talked_to_villager":4,"minecraft:fly_one_cm":145859,"minecraft:open_chest":7,"minecraft:crouch_one_cm":3298,"minecraft:play_time":38327,"minecraft:deaths":2,"minecraft:sneak_time":1335,"minecraft:walk_under_water_one_cm":5866,"minecraft:jump":797,"minecraft:walk_on_water_one_cm":4065,"minecraft:total_world_time":38327,"minecraft:fall_one_cm":31741},"minecraft:used":{"alexsmobs:emu_egg":1,"minecraft:moss_block":1,"minecraft:wheat_seeds":19,"minecraft:stone_sword":60,"minecraft:stone_shovel":259,"minecraft:stone_pickaxe":254,"minecraft:ladder":4,"minecraft:wooden_pickaxe":22,"minecraft:salmon":2,"minecraft:torch":3,"minecraft:dirt":12,"minecraft:crafting_table":5,"minecraft:carrot":1,"minecraft:white_bed":1,"minecraft:black_wool":1,"minecraft:apple":5,"minecraft:item_frame":1,"minecraft:stone_axe":65,"minecraft:cobblestone":23,"minecraft:cooked_porkchop":3,"minecraft:furnace":2,"minecraft:oak_sapling":42,"minecraft:porkchop":1},"minecraft:mined":{"minecraft:acacia_leaves":3,"minecraft:white_bed":1,"minecraft:oak_sapling":1,"minecraft:crafting_table":3,"minecraft:grass_block":51,"minecraft:spruce_fence":1,"minecraft:dead_bush":1,"minecraft:tall_grass":30,"minecraft:damaged_anvil":1,"minecraft:moss_block":1,"minecraft:wall_torch":3,"minecraft:hay_block":12,"minecraft:furnace":1,"minecraft:wheat":24,"minecraft:azure_bluet":1,"minecraft:grass":75,"minecraft:oak_log":141,"minecraft:coal_ore":41,"minecraft:dirt":194,"minecraft:stone":221,"minecraft:iron_block":1,"minecraft:oak_leaves":37},"minecraft:killed_by":{"minecraft:player":1},"minecraft:dropped":{"minecraft:wheat_seeds":58,"alexsmobs:animal_dictionary":1,"minecraft:wheat":1,"minecraft:rotten_flesh":2,"minecraft:stick":2,"minecraft:wooden_pickaxe":2},"minecraft:broken":{"minecraft:stone_pickaxe":1,"minecraft:stone_shovel":1},"minecraft:killed":{"minecraft:pig":8,"minecraft:salmon":7,"minecraft:sheep":4,"minecraft:zombie":1,"minecraft:cow":2},"minecraft:crafted":{"minecraft:oak_planks":196,"minecraft:stone_shovel":2,"minecraft:cooked_porkchop":16,"minecraft:crafting_table":3,"minecraft:wooden_pickaxe":3,"minecraft:furnace":2,"minecraft:stone_axe":2,"minecraft:air":0,"minecraft:ladder":4,"minecraft:stick":36,"minecraft:iron_ingot":9,"minecraft:stone_pickaxe":3,"minecraft:stone_sword":2,"minecraft:torch":16}},"DataVersion":3465}