{"stats":{"minecraft:crafted":{"minecraft:yellow_wool":4,"minecraft:oak_planks":8978,"minecraft:cobblestone_slab":546,"minecraft:oak_sign":9,"expanded_combat:diamond_dancer_s_sword":1,"minecraft:cooked_chicken":1,"usefulbackpacks:backpack_small":2,"minecraft:stone":151,"minecraft:cobblestone_stairs":12,"minecraft:diamond_shovel":6,"minecraft:bookshelf":27,"minecraft:cooked_mutton":6,"quark:acacia_bookshelf":3,"minecraft:green_dye":0,"spartanweaponry:bolt":16,"minecraft:stone_brick_slab":24,"minecraft:diamond_helmet":1,"minecraft:diamond_leggings":1,"minecraft:birch_fence_gate":1,"minecraft:oak_button":64,"minecraft:chiseled_stone_bricks":12,"minecraft:birch_button":64,"minecraft:stone_hoe":2,"minecraft:stone_bricks":84,"minecraft:oak_fence":12,"minecraft:oak_slab":24,"minecraft:emerald":627,"minecraft:cooked_porkchop":19,"minecraft:diamond_axe":4,"minecraft:crafting_table":4,"minecraft:acacia_slab":30,"minecraft:wooden_pickaxe":3,"minecraft:baked_potato":256,"minecraft:fletching_table":6,"minecraft:birch_planks":1576,"minecraft:campfire":5,"minecraft:stone_brick_stairs":20,"minecraft:lectern":11,"minecraft:paper":99,"minecraft:diamond_pickaxe":1,"minecraft:charcoal":53,"minecraft:yellow_dye":9,"minecraft:shield":1,"minecraft:stick":19466,"quark:oak_chest":19,"usefulbackpacks:backpack_large":2,"minecraft:iron_ingot":89,"minecraft:iron_pickaxe":10,"minecraft:iron_block":3,"minecraft:stone_sword":2,"minecraft:light_gray_dye":1,"artifacts:eternal_steak":1,"minecraft:stone_shovel":31,"minecraft:coal":27,"minecraft:experience_bottle":24,"minecraft:furnace":7,"minecraft:bone_meal":90,"minecraft:oak_trapdoor":6,"minecraft:stone_stairs":16,"minecraft:iron_axe":3,"minecraft:ladder":4,"spartanweaponry:diamond_longbow":6,"minecraft:iron_hoe":2,"minecraft:stone_pickaxe":30,"minecraft:diamond_boots":1,"usefulbackpacks:backpack_medium":2,"minecraft:wheat":108,"minecraft:cooked_beef":14,"minecraft:diamond_sword":2,"minecraft:enchanting_table":1,"minecraft:iron_sword":1,"spartanweaponry:diamond_heavy_crossbow":1,"spartanweaponry:handle":4,"minecraft:cooked_salmon":5,"minecraft:bucket":1,"minecraft:stone_axe":6,"minecraft:enchanted_book":11,"minecraft:bread":47,"minecraft:air":0,"minecraft:oak_fence_gate":2,"minecraft:oak_boat":1,"minecraft:white_wool":64,"expanded_combat:gold_stick":4,"minecraft:oak_stairs":48,"minecraft:iron_shovel":3,"minecraft:anvil":1,"minecraft:white_bed":17,"minecraft:acacia_planks":44,"minecraft:torch":92,"minecraft:lapis_lazuli":8,"minecraft:diamond_chestplate":1},"minecraft:custom":{"minecraft:interact_with_crafting_table":201,"minecraft:open_barrel":59,"minecraft:eat_cake_slice":7,"minecraft:leave_game":24,"minecraft:time_since_death":553557,"minecraft:sprint_one_cm":3410627,"minecraft:damage_blocked_by_shield":593,"minecraft:drop":1759,"minecraft:talked_to_villager":734,"minecraft:play_time":1045155,"minecraft:deaths":11,"minecraft:jump":20867,"minecraft:interact_with_brewingstand":2,"minecraft:enchant_item":6,"minecraft:walk_on_water_one_cm":112407,"minecraft:interact_with_furnace":436,"minecraft:traded_with_villager":736,"minecraft:interact_with_cartography_table":1,"minecraft:sleep_in_bed":15,"minecraft:damage_dealt":155385,"minecraft:player_kills":8,"minecraft:crouch_one_cm":117984,"minecraft:interact_with_smoker":2,"minecraft:interact_with_smithing_table":7,"minecraft:interact_with_anvil":22,"minecraft:mob_kills":1059,"minecraft:inspect_hopper":5,"minecraft:climb_one_cm":20095,"minecraft:walk_one_cm":2726450,"minecraft:sneak_time":36070,"minecraft:walk_under_water_one_cm":35582,"minecraft:boat_one_cm":204119,"minecraft:interact_with_blast_furnace":1,"minecraft:total_world_time":1045155,"minecraft:interact_with_stonecutter":2,"minecraft:interact_with_grindstone":10,"minecraft:time_since_rest":341354,"minecraft:damage_taken":22078,"minecraft:swim_one_cm":143671,"minecraft:fly_one_cm":4670014,"minecraft:open_chest":522,"minecraft:fall_one_cm":514635},"minecraft:killed_by":{"minecraft:zombie":1,"minecraft:player":3},"minecraft:mined":{"minecraft:spruce_planks":3,"quark:andesite_bricks_slab":2,"minecraft:white_bed":28,"minecraft:oak_sapling":2,"minecraft:cobblestone_stairs":1,"minecraft:potted_blue_orchid":1,"minecraft:brewing_stand":1,"minecraft:obsidian":8,"minecraft:acacia_log":11,"minecraft:grass_block":102,"minecraft:oak_wall_sign":1,"minecraft:oxeye_daisy":2,"quark:hollow_birch_log":2,"minecraft:smooth_stone":1,"minecraft:tall_seagrass":6,"minecraft:magma_block":2,"minecraft:iron_ore":57,"minecraft:barrel":1,"minecraft:fire":8,"minecraft:deepslate_lapis_ore":2,"minecraft:fletching_table":21,"minecraft:azure_bluet":5,"minecraft:oak_stairs":3,"minecraft:azalea":2,"minecraft:iron_block":1,"minecraft:spruce_slab":2,"minecraft:tripwire":1,"minecraft:deepslate_redstone_ore":2,"minecraft:red_bed":41,"minecraft:blackstone":247,"minecraft:torch":6,"minecraft:poppy":2,"minecraft:dead_bush":9,"minecraft:cobblestone":151,"minecraft:damaged_anvil":1,"minecraft:oak_planks":123,"minecraft:sugar_cane":84,"minecraft:grindstone":1,"minecraft:wall_torch":19,"minecraft:pink_petals":2,"minecraft:seagrass":4,"minecraft:stone_stairs":3,"minecraft:birch_log":402,"minecraft:wheat":63,"minecraft:stone_brick_stairs":5,"minecraft:grass":2628,"minecraft:oak_log":2595,"minecraft:beetroots":1,"minecraft:oak_fence_gate":5,"minecraft:dirt":706,"minecraft:smooth_basalt":1,"minecraft:netherrack":44,"minecraft:oak_leaves":52,"minecraft:deepslate":116,"minecraft:nether_gold_ore":1,"minecraft:tuff":4,"minecraft:deepslate_diamond_ore":58,"minecraft:glow_lichen":1,"minecraft:ladder":4,"minecraft:spruce_fence":1,"minecraft:decorated_pot":1,"minecraft:white_stained_glass":1,"minecraft:acacia_slab":2,"minecraft:moss_block":1,"minecraft:cartography_table":1,"minecraft:rooted_dirt":2,"minecraft:hay_block":12,"minecraft:oak_trapdoor":1,"minecraft:furnace":3,"minecraft:carrots":49,"minecraft:andesite":170,"minecraft:peony":2,"minecraft:bookshelf":52,"minecraft:potatoes":163,"minecraft:cobblestone_slab":220,"minecraft:deepslate_iron_ore":27,"minecraft:vine":1,"minecraft:stripped_oak_log":8,"minecraft:stone":1648,"minecraft:white_wool":1,"minecraft:smithing_table":2,"minecraft:oak_slab":11,"minecraft:scaffolding":1,"minecraft:acacia_leaves":4,"minecraft:dandelion":16,"minecraft:oak_fence":4,"minecraft:crafting_table":10,"minecraft:cornflower":2,"minecraft:emerald_ore":1,"minecraft:campfire":1,"minecraft:lectern":185,"minecraft:copper_ore":5,"minecraft:tall_grass":954,"minecraft:lapis_ore":4,"minecraft:deepslate_gold_ore":1,"minecraft:spruce_stairs":1,"minecraft:coarse_dirt":8,"minecraft:cobblestone_wall":2,"minecraft:gray_bed":8,"minecraft:yellow_bed":6,"minecraft:coal_ore":230,"minecraft:cyan_carpet":18,"minecraft:gravel":193,"minecraft:cracked_stone_bricks":1,"minecraft:stone_bricks":12,"minecraft:fern":11},"minecraft:used":{"alexsmobs:emu_egg":2,"minecraft:peony":1,"minecraft:moss_block":1,"expanded_combat:diamond_dancer_s_sword":2090,"minecraft:iron_shovel":25,"minecraft:spruce_slab":1,"minecraft:ladder":5,"minecraft:oak_sign":11,"minecraft:shield":21,"minecraft:decorated_pot":1,"minecraft:stone":37,"minecraft:iron_sword":251,"minecraft:carrot":154,"minecraft:acacia_sapling":3,"minecraft:azure_bluet":1,"minecraft:lava_bucket":1,"minecraft:grass_block":1,"minecraft:birch_sapling":24,"minecraft:stone_brick_stairs":25,"minecraft:stone_bricks":54,"minecraft:item_frame":2,"minecraft:bow":16,"minecraft:oak_sapling":344,"minecraft:furnace":9,"minecraft:egg":3,"minecraft:gray_bed":8,"minecraft:potato":555,"minecraft:damaged_anvil":1,"spartanweaponry:diamond_heavy_crossbow":9,"minecraft:oak_planks":174,"minecraft:stone_pickaxe":1669,"minecraft:blackstone":13,"minecraft:sugar_cane":85,"minecraft:wooden_pickaxe":22,"artifacts:eternal_steak":187,"minecraft:diamond_axe":284,"minecraft:white_wool":1,"spartanweaponry:iron_flanged_mace":198,"minecraft:crossbow":1,"quark:andesite_bricks_slab":2,"minecraft:firework_rocket":1,"minecraft:birch_fence_gate":1,"spartanweaponry:iron_saber":24,"minecraft:string":1,"minecraft:bread":38,"minecraft:lectern":196,"minecraft:gravel":138,"minecraft:smithing_table":2,"spartanweaponry:diamond_longbow":706,"minecraft:andesite":15,"minecraft:oak_boat":9,"minecraft:coarse_dirt":2,"minecraft:bone_meal":79,"minecraft:oak_fence":16,"minecraft:oak_trapdoor":7,"minecraft:experience_bottle":24,"ironfurnaces:gold_furnace":1,"minecraft:enchanting_table":1,"minecraft:stone_sword":133,"minecraft:flint_and_steel":7,"minecraft:armor_stand":4,"minecraft:stone_shovel":895,"minecraft:spruce_planks":6,"minecraft:cooked_salmon":5,"minecraft:stone_hoe":168,"minecraft:cooked_chicken":1,"minecraft:netherrack":39,"minecraft:dirt":487,"minecraft:torch":109,"minecraft:brewing_stand":1,"minecraft:anvil":1,"minecraft:spruce_stairs":1,"minecraft:cobblestone_wall":1,"minecraft:stone_stairs":17,"spartanweaponry:iron_longbow":2,"minecraft:oak_fence_gate":7,"minecraft:iron_hoe":323,"minecraft:bookshelf":25,"minecraft:iron_axe":78,"minecraft:oak_stairs":51,"minecraft:acacia_slab":2,"minecraft:bamboo":1,"minecraft:basalt":2,"spartanweaponry:iron_battle_hammer":49,"minecraft:cooked_beef":7,"minecraft:cobbled_deepslate":1,"minecraft:acacia_planks":2,"minecraft:wheat_seeds":55,"minecraft:cooked_mutton":6,"minecraft:water_bucket":105,"minecraft:cobblestone_stairs":11,"minecraft:baked_potato":58,"quark:hollow_birch_log":1,"minecraft:fletching_table":26,"minecraft:cobblestone_slab":317,"minecraft:cracked_stone_bricks":1,"minecraft:salmon":2,"minecraft:tnt":7,"minecraft:crafting_table":13,"minecraft:oak_slab":19,"minecraft:red_bed":43,"minecraft:white_bed":42,"minecraft:campfire":5,"minecraft:oak_log":31,"minecraft:black_wool":1,"minecraft:diamond_pickaxe":256,"minecraft:apple":86,"minecraft:diamond_shovel":1,"minecraft:iron_pickaxe":1207,"minecraft:map":1,"minecraft:chiseled_stone_bricks":11,"minecraft:stone_axe":292,"minecraft:pink_petals":1,"minecraft:cobblestone":806,"minecraft:porkchop":1,"minecraft:cooked_porkchop":19,"minecraft:bucket":108,"minecraft:yellow_bed":6,"quark:oak_chest":19},"minecraft:broken":{"minecraft:leather_leggings":1,"minecraft:iron_chestplate":1,"minecraft:stone_pickaxe":11,"minecraft:stone_axe":4,"minecraft:stone_shovel":6,"minecraft:iron_hoe":1,"minecraft:leather_helmet":2,"minecraft:stone_sword":1,"minecraft:stone_hoe":1,"minecraft:iron_axe":3,"minecraft:leather_boots":2,"minecraft:iron_pickaxe":5},"minecraft:dropped":{"minecraft:birch_planks":2,"minecraft:oak_log":80,"minecraft:baked_potato":547,"minecraft:diamond":41,"alexsmobs:kangaroo_meat":4,"minecraft:cooked_porkchop":7,"minecraft:crossbow":8,"minecraft:red_wool":1,"minecraft:fletching_table":1,"minecraft:cobblestone_stairs":2,"minecraft:emerald":1,"minecraft:flint":1,"minecraft:dirt":702,"minecraft:mutton":1,"minecraft:gold_nugget":7,"spartanweaponry:iron_katana":4,"minecraft:phantom_membrane":3,"minecraft:iron_pickaxe":5,"alexsmobs:raccoon_tail":1,"minecraft:white_wool":2,"minecraft:cyan_carpet":21,"minecraft:bone":26,"minecraft:gravel":22,"minecraft:stone_axe":3,"minecraft:blackstone":258,"minecraft:sugar_cane":1,"alexsmobs:gazelle_horn":1,"minecraft:iron_nugget":2,"alexsmobs:animal_dictionary":1,"minecraft:cobbled_deepslate":55,"minecraft:wheat":7,"minecraft:birch_sapling":56,"minecraft:obsidian":1,"minecraft:cherry_sapling":120,"minecraft:rotten_flesh":74,"artifacts:villager_hat":5,"minecraft:oak_planks":57,"spartanweaponry:iron_saber":2,"minecraft:diamond_shovel":4,"minecraft:glowstone_dust":1,"minecraft:white_bed":4,"minecraft:azure_bluet":3,"minecraft:carrot":93,"alexsmobs:kangaroo_hide":6,"minecraft:poppy":4,"alexsmobs:elastic_tendon":2,"minecraft:gunpowder":4,"minecraft:acacia_slab":2,"minecraft:acacia_sapling":1,"minecraft:azalea":1,"minecraft:spruce_slab":1,"minecraft:birch_button":128,"minecraft:arrow":1,"minecraft:beef":2,"minecraft:netherrack":3,"minecraft:bread":10,"usefulbackpacks:backpack_medium":1,"minecraft:wheat_seeds":513,"quark:hollow_birch_log":1,"minecraft:poisonous_potato":11,"minecraft:book":3,"minecraft:feather":4,"minecraft:cobblestone":138,"minecraft:apple":34,"minecraft:coal":7,"minecraft:stick":6,"minecraft:oxeye_daisy":1,"spartanweaponry:wooden_boomerang":2,"minecraft:gray_wool":2,"minecraft:torch":3,"minecraft:green_dye":5,"minecraft:map":1,"spartanweaponry:iron_greatsword":1,"minecraft:smooth_stone":1,"minecraft:string":8,"minecraft:pink_petals":10,"minecraft:acacia_planks":3,"minecraft:dandelion":8,"minecraft:redstone":17,"minecraft:smooth_basalt":1,"alexsmobs:maggot":17,"minecraft:oak_trapdoor":1,"minecraft:coarse_dirt":5,"minecraft:cobblestone_wall":1,"minecraft:raw_copper":10,"minecraft:tuff":4,"minecraft:chicken":5,"quark:white_shard":2,"minecraft:oak_sign":1,"minecraft:filled_map":1,"minecraft:potato":533,"spartanweaponry:iron_warhammer":2,"minecraft:cobblestone_slab":138,"minecraft:flower_pot":1,"minecraft:oak_button":64,"minecraft:spruce_planks":4,"minecraft:diamond_pickaxe":1,"minecraft:andesite":155,"minecraft:mossy_stone_bricks":3,"minecraft:yellow_bed":1,"minecraft:oak_sapling":854,"artifacts:eternal_steak":1,"minecraft:stone_bricks":2,"minecraft:spider_eye":13,"minecraft:blue_orchid":1,"minecraft:bow":13,"minecraft:stone_pickaxe":13,"minecraft:wooden_pickaxe":2,"spartanweaponry:diamond_longbow":5},"minecraft:picked_up":{"minecraft:iron_chestplate":1,"minecraft:wheat":65,"minecraft:flower_pot":1,"minecraft:smithing_table":2,"minecraft:oak_stairs":3,"minecraft:enchanted_book":2,"minecraft:birch_button":64,"minecraft:stone_brick_stairs":5,"minecraft:brewing_stand":1,"alexsmobs:gazelle_horn":1,"spartanweaponry:iron_katana":4,"minecraft:string":139,"minecraft:raw_copper":18,"minecraft:armor_stand":8,"minecraft:oak_sign":4,"minecraft:beetroot":2,"minecraft:smooth_stone":1,"minecraft:gold_nugget":7,"minecraft:cobbled_deepslate":115,"minecraft:bucket":1,"minecraft:spruce_planks":11,"minecraft:cobblestone_slab":223,"minecraft:azalea":1,"minecraft:iron_pickaxe":2,"alexsmobs:raccoon_tail":1,"minecraft:iron_boots":4,"minecraft:furnace":2,"minecraft:golden_helmet":1,"minecraft:stick":686,"minecraft:oak_fence":6,"minecraft:torch":38,"minecraft:acacia_log":11,"minecraft:spruce_stairs":1,"minecraft:porkchop":45,"minecraft:rotten_flesh":198,"artifacts:villager_hat":6,"minecraft:iron_block":1,"alexsmobs:emu_egg":2,"minecraft:bookshelf":8,"minecraft:obsidian":13,"minecraft:cobblestone":2345,"spartanweaponry:diamond_longbow":2,"minecraft:birch_log":394,"minecraft:enchanting_table":1,"minecraft:pink_petals":11,"minecraft:magma_block":2,"spartanweaponry:iron_warhammer":2,"minecraft:leather_chestplate":5,"minecraft:feather":7,"minecraft:water_bucket":1,"minecraft:andesite":172,"minecraft:brown_wool":1,"minecraft:golden_leggings":1,"minecraft:potato":1582,"minecraft:flint":13,"minecraft:tuff":4,"minecraft:map":2,"minecraft:lapis_lazuli":33,"minecraft:dirt":1229,"minecraft:leather_boots":4,"minecraft:bone":142,"minecraft:bow":15,"spartanweaponry:iron_greatsword":1,"minecraft:wheat_seeds":636,"minecraft:raw_gold":1,"minecraft:grindstone":1,"minecraft:mossy_stone_bricks":3,"minecraft:fletching_table":20,"minecraft:glowstone_dust":1,"minecraft:bamboo":1,"minecraft:moss_block":1,"minecraft:oak_planks":160,"spartanweaponry:iron_saber":3,"minecraft:cooked_porkchop":7,"minecraft:poisonous_potato":13,"minecraft:grass_block":1,"minecraft:barrel":1,"alexsmobs:kangaroo_hide":6,"minecraft:diamond":105,"quark:andesite_bricks_slab":2,"minecraft:writable_book":1,"minecraft:crossbow":9,"minecraft:bone_meal":2,"spartanweaponry:iron_heavy_crossbow":3,"minecraft:emerald":30,"minecraft:bread":6,"alexsmobs:maggot":17,"minecraft:oak_sapling":1198,"minecraft:netherrack":42,"minecraft:diamond_pickaxe":1,"minecraft:charcoal":2,"minecraft:coarse_dirt":7,"minecraft:crafting_table":10,"minecraft:azure_bluet":5,"minecraft:chicken":7,"minecraft:ladder":5,"minecraft:leather_leggings":4,"usefulbackpacks:backpack_medium":1,"minecraft:shield":1,"minecraft:cornflower":1,"minecraft:oak_trapdoor":2,"minecraft:red_bed":43,"minecraft:stone_stairs":3,"minecraft:flint_and_steel":2,"minecraft:item_frame":5,"minecraft:iron_shovel":1,"minecraft:blackstone":271,"minecraft:cyan_carpet":21,"minecraft:blue_orchid":1,"minecraft:cracked_stone_bricks":1,"minecraft:cartography_table":1,"spartanweaponry:iron_longbow":2,"minecraft:beef":38,"minecraft:oak_boat":9,"alexsmobs:elastic_tendon":2,"minecraft:iron_nugget":2,"minecraft:poppy":4,"minecraft:light_gray_wool":1,"minecraft:spruce_slab":2,"minecraft:lectern":184,"minecraft:sugar_cane":185,"minecraft:birch_sapling":80,"minecraft:phantom_membrane":3,"minecraft:egg":6,"minecraft:raw_iron":91,"minecraft:carrot":255,"minecraft:redstone":17,"artifacts:everlasting_beef":2,"minecraft:arrow":118,"minecraft:beetroot_seeds":4,"minecraft:decorated_pot":1,"minecraft:peony":1,"ironfurnaces:gold_furnace":1,"minecraft:hay_block":12,"minecraft:mutton":28,"alexsmobs:kangaroo_meat":4,"minecraft:white_wool":17,"minecraft:oxeye_daisy":2,"minecraft:stripped_oak_log":1,"minecraft:basalt":2,"artifacts:eternal_steak":2,"minecraft:salmon":22,"minecraft:leather":30,"spartanweaponry:iron_longsword":3,"minecraft:birch_planks":23,"minecraft:oak_log":2583,"minecraft:yellow_bed":7,"minecraft:cobblestone_wall":2,"minecraft:gunpowder":58,"minecraft:cobblestone_stairs":3,"minecraft:apple":121,"minecraft:stone_bricks":14,"minecraft:iron_ingot":29,"minecraft:oak_fence_gate":5,"minecraft:stone_pickaxe":5,"minecraft:gray_bed":8,"spartanweaponry:iron_dagger":1,"minecraft:iron_sword":1,"minecraft:acacia_sapling":4,"minecraft:book":156,"minecraft:oak_slab":17,"minecraft:smooth_basalt":1,"quark:white_shard":2,"minecraft:red_wool":1,"minecraft:dandelion":18,"minecraft:gravel":182,"minecraft:white_bed":29,"minecraft:spider_eye":58,"minecraft:leather_helmet":4,"spartanweaponry:iron_battle_hammer":1,"minecraft:firework_rocket":1,"minecraft:stone_axe":3,"minecraft:cherry_sapling":120,"quark:hollow_birch_log":2,"minecraft:gray_wool":2,"minecraft:baked_potato":349,"minecraft:acacia_slab":2,"minecraft:damaged_anvil":1,"minecraft:black_wool":1,"minecraft:coal":278,"minecraft:ender_pearl":4},"minecraft:killed":{"guardvillagers:guard":2,"minecraft:cave_spider":462,"minecraft:zombified_piglin":1,"minecraft:witch":1,"minecraft:spider":87,"alexsmobs:murmur":1,"minecraft:skeleton":114,"minecraft:chicken":9,"alexsmobs:straddler":1,"alexsmobs:kangaroo":3,"minecraft:pig":16,"minecraft:zombie_villager":7,"minecraft:salmon":23,"minecraft:iron_golem":2,"minecraft:creeper":46,"minecraft:sheep":18,"minecraft:trader_llama":1,"minecraft:zombie":204,"alexsmobs:fly":4,"minecraft:cow":21,"alexsmobs:raccoon":2,"minecraft:phantom":9,"minecraft:drowned":2,"minecraft:wandering_trader":1,"alexsmobs:gazelle":1,"minecraft:villager":4,"minecraft:enderman":4}},"DataVersion":3465}