{"stats":{"minecraft:picked_up":{"minecraft:birch_log":1,"minecraft:crafting_table":3,"minecraft:wheat":24,"minecraft:feather":2,"minecraft:ladder":4,"minecraft:chicken":1,"minecraft:salmon":7,"minecraft:leather":4,"minecraft:stone_brick_stairs":1,"minecraft:oak_log":228,"minecraft:gunpowder":1,"minecraft:cobblestone_stairs":1,"minecraft:dirt":295,"minecraft:stone_stairs":1,"minecraft:item_frame":1,"minecraft:bone":2,"minecraft:apple":8,"minecraft:stone_bricks":1,"minecraft:wheat_seeds":125,"minecraft:beef":2,"minecraft:moss_block":1,"minecraft:stick":51,"minecraft:torch":7,"minecraft:porkchop":32,"minecraft:white_bed":1,"minecraft:carrot":1,"minecraft:arrow":1,"minecraft:rotten_flesh":2,"minecraft:hay_block":12,"minecraft:iron_block":1,"alexsmobs:emu_egg":1,"minecraft:oak_sapling":81,"minecraft:damaged_anvil":1,"minecraft:black_wool":1,"minecraft:mutton":6,"minecraft:coal":39,"minecraft:white_wool":3,"minecraft:cobblestone":367},"minecraft:custom":{"minecraft:interact_with_smithing_table":3,"minecraft:interact_with_furnace":51,"minecraft:mob_kills":27,"minecraft:interact_with_crafting_table":27,"minecraft:eat_cake_slice":7,"minecraft:leave_game":1,"minecraft:time_since_death":43565,"minecraft:sleep_in_bed":3,"minecraft:climb_one_cm":5128,"minecraft:time_since_rest":10034,"minecraft:sprint_one_cm":187946,"minecraft:damage_taken":1528,"minecraft:walk_one_cm":213059,"minecraft:drop":47,"minecraft:damage_dealt":2499,"minecraft:swim_one_cm":15100,"minecraft:talked_to_villager":4,"minecraft:fly_one_cm":181905,"minecraft:open_chest":27,"minecraft:crouch_one_cm":3724,"minecraft:play_time":62327,"minecraft:deaths":2,"minecraft:sneak_time":1540,"minecraft:walk_under_water_one_cm":5866,"minecraft:jump":1021,"minecraft:walk_on_water_one_cm":4065,"minecraft:total_world_time":62327,"minecraft:fall_one_cm":41220},"minecraft:used":{"alexsmobs:emu_egg":1,"minecraft:moss_block":1,"minecraft:wheat_seeds":19,"minecraft:cooked_mutton":5,"minecraft:stone_sword":76,"minecraft:cobblestone_stairs":11,"minecraft:stone_shovel":317,"minecraft:stone_pickaxe":408,"minecraft:ladder":4,"minecraft:wooden_pickaxe":22,"minecraft:salmon":2,"minecraft:torch":9,"minecraft:dirt":42,"minecraft:crafting_table":5,"minecraft:carrot":1,"minecraft:stone_stairs":5,"minecraft:white_bed":1,"minecraft:oak_log":10,"minecraft:black_wool":1,"minecraft:apple":5,"minecraft:stone_brick_stairs":5,"minecraft:stone_bricks":1,"minecraft:item_frame":1,"minecraft:stone_axe":72,"minecraft:chiseled_stone_bricks":6,"minecraft:cobblestone":23,"minecraft:bow":5,"minecraft:cooked_porkchop":5,"minecraft:furnace":3,"minecraft:oak_sapling":60,"minecraft:porkchop":1,"quark:oak_chest":2},"minecraft:mined":{"minecraft:acacia_leaves":3,"minecraft:white_bed":1,"minecraft:oak_sapling":1,"minecraft:cobblestone_stairs":1,"minecraft:crafting_table":3,"minecraft:ladder":4,"minecraft:grass_block":60,"minecraft:spruce_fence":1,"minecraft:dead_bush":1,"minecraft:tall_grass":34,"minecraft:damaged_anvil":1,"minecraft:moss_block":1,"minecraft:wall_torch":5,"minecraft:stone_stairs":1,"minecraft:hay_block":12,"minecraft:furnace":1,"minecraft:birch_log":8,"minecraft:fire":2,"minecraft:wheat":24,"minecraft:stone_brick_stairs":1,"minecraft:azure_bluet":1,"minecraft:grass":85,"minecraft:oak_log":238,"minecraft:coal_ore":41,"minecraft:dirt":235,"minecraft:stone_bricks":1,"minecraft:stone":371,"minecraft:iron_block":1,"minecraft:oak_leaves":37},"minecraft:killed_by":{"minecraft:player":1},"minecraft:dropped":{"minecraft:wheat_seeds":104,"alexsmobs:animal_dictionary":1,"minecraft:wheat":1,"minecraft:rotten_flesh":2,"minecraft:stick":2,"minecraft:gunpowder":1,"minecraft:torch":2,"minecraft:oak_sapling":19,"minecraft:wooden_pickaxe":2},"minecraft:broken":{"minecraft:stone_pickaxe":3,"minecraft:stone_axe":1,"minecraft:stone_shovel":2},"minecraft:killed":{"minecraft:pig":10,"minecraft:salmon":7,"minecraft:sheep":4,"minecraft:skeleton":1,"minecraft:zombie":1,"minecraft:chicken":1,"minecraft:cow":2},"minecraft:crafted":{"minecraft:oak_planks":196,"minecraft:stone_shovel":3,"minecraft:cooked_porkchop":16,"minecraft:crafting_table":3,"minecraft:wooden_pickaxe":3,"minecraft:cooked_chicken":1,"minecraft:furnace":3,"minecraft:cooked_salmon":5,"minecraft:stone":44,"minecraft:cobblestone_stairs":12,"minecraft:stone_axe":3,"minecraft:cooked_mutton":6,"minecraft:air":0,"minecraft:stone_stairs":4,"minecraft:stone_brick_stairs":4,"minecraft:stone_brick_slab":24,"minecraft:ladder":4,"minecraft:stick":36,"quark:oak_chest":2,"minecraft:iron_ingot":9,"minecraft:stone_pickaxe":4,"minecraft:stone_sword":2,"minecraft:chiseled_stone_bricks":12,"minecraft:torch":20,"minecraft:stone_bricks":20}},"DataVersion":3465}