{"stats":{"minecraft:picked_up":{"endrem:cursed_eye":1,"minecraft:wheat":66,"minecraft:iron_chestplate":1,"minecraft:nether_wart":53,"minecraft:stone_slab":5,"minecraft:potato":89,"minecraft:enchanted_book":1,"minecraft:diamond_horse_armor":2,"minecraft:flint":13,"minecraft:golden_boots":1,"minecraft:yellow_bed":1,"minecraft:dirt":75,"minecraft:lantern":4,"minecraft:apple":43,"minecraft:stonecutter":1,"minecraft:wheat_seeds":108,"minecraft:grindstone":1,"minecraft:netherite_upgrade_smithing_template":1,"minecraft:iron_pickaxe":1,"ironfurnaces:iron_furnace":1,"minecraft:iron_boots":1,"minecraft:egg":3,"minecraft:oak_slab":1,"spartanweaponry:diamond_battle_hammer":1,"endrem:nether_eye":1,"quark:birch_chest":7,"minecraft:white_bed":1,"minecraft:golden_chestplate":3,"quark:oak_chest":4,"minecraft:spider_eye":2,"alexsmobs:animal_dictionary":1,"minecraft:diamond":1,"minecraft:stone_axe":1,"ironfurnaces:gold_furnace":3,"minecraft:golden_horse_armor":3,"minecraft:coal":21,"minecraft:cobblestone":214},"minecraft:used":{"minecraft:cooked_mutton":3,"ironfurnaces:gold_furnace":3,"quark:birch_chest":6,"minecraft:iron_shovel":14,"spartanweaponry:diamond_battle_hammer":2,"minecraft:diamond_axe":1,"minecraft:iron_chestplate":1,"minecraft:torch":9,"minecraft:dirt":3,"minecraft:carrot":26,"minecraft:white_bed":1,"minecraft:diamond_pickaxe":201,"minecraft:bread":5,"ironfurnaces:iron_furnace":1,"minecraft:cobblestone":15,"minecraft:egg":2,"minecraft:potato":1},"minecraft:custom":{"minecraft:interact_with_smithing_table":1,"minecraft:interact_with_furnace":19,"minecraft:interact_with_crafting_table":3,"minecraft:interact_with_stonecutter":1,"minecraft:leave_game":4,"minecraft:time_since_death":32134,"minecraft:sleep_in_bed":1,"minecraft:climb_one_cm":2737,"minecraft:time_since_rest":15688,"minecraft:sprint_one_cm":102697,"minecraft:damage_taken":1052,"minecraft:walk_one_cm":66113,"minecraft:drop":20,"minecraft:damage_dealt":113,"minecraft:swim_one_cm":2566,"minecraft:talked_to_villager":13,"minecraft:fly_one_cm":234622,"minecraft:open_chest":67,"minecraft:crouch_one_cm":5989,"minecraft:play_time":32134,"minecraft:sneak_time":1438,"minecraft:walk_under_water_one_cm":4744,"minecraft:jump":735,"minecraft:interact_with_blast_furnace":1,"minecraft:walk_on_water_one_cm":638,"minecraft:interact_with_smoker":7,"minecraft:total_world_time":32134,"minecraft:fall_one_cm":22440},"minecraft:mined":{"minecraft:oak_slab":1,"ironfurnaces:iron_furnace":1,"minecraft:grass_block":24,"minecraft:cobblestone":6,"ironfurnaces:gold_furnace":3,"minecraft:fire":7,"minecraft:grass":4,"quark:birch_chest":2,"minecraft:coal_ore":20,"minecraft:dirt":26,"minecraft:stone":163},"minecraft:dropped":{"minecraft:stone_axe":2,"minecraft:oak_slab":1,"minecraft:wheat_seeds":1,"alexsmobs:animal_dictionary":2,"minecraft:golden_horse_armor":1,"minecraft:wheat":33,"minecraft:cobblestone":12,"minecraft:grindstone":1,"minecraft:lantern":2,"spartanweaponry:diamond_battle_hammer":1,"minecraft:dirt":13,"minecraft:yellow_bed":1,"minecraft:stonecutter":1,"minecraft:egg":1},"minecraft:crafted":{"minecraft:bread":11,"minecraft:cooked_mutton":0,"minecraft:air":0}},"DataVersion":3465}