{"stats":{"minecraft:custom":{"minecraft:time_since_rest":330,"minecraft:crouch_one_cm":160,"minecraft:deaths":1,"minecraft:sprint_one_cm":12530,"minecraft:play_time":11143,"minecraft:damage_taken":255,"minecraft:walk_one_cm":19128,"minecraft:sneak_time":61,"minecraft:walk_under_water_one_cm":140,"minecraft:jump":77,"minecraft:damage_dealt":162,"minecraft:time_since_death":305,"minecraft:leave_game":1,"minecraft:walk_on_water_one_cm":3885,"minecraft:total_world_time":11143,"minecraft:swim_one_cm":3431,"minecraft:fall_one_cm":2718,"minecraft:fly_one_cm":9713},"minecraft:used":{"minecraft:dirt":18,"alexsmobs:animal_dictionary":4},"minecraft:mined":{"minecraft:oak_log":14,"minecraft:tall_grass":1},"minecraft:picked_up":{"minecraft:stick":6,"minecraft:apple":1,"minecraft:dandelion":1,"minecraft:oak_log":12,"minecraft:oak_sapling":5,"minecraft:dirt":37}},"DataVersion":3465}