{"stats":{"minecraft:picked_up":{"minecraft:charcoal":3,"minecraft:crafting_table":4,"minecraft:wheat":8,"minecraft:leather_chestplate":5,"minecraft:cherry_planks":7,"minecraft:leather_leggings":8,"minecraft:golden_leggings":8,"minecraft:leather":1,"minecraft:smithing_table":1,"minecraft:oak_stairs":12,"minecraft:stripped_cherry_log":28,"minecraft:oak_log":78,"minecraft:brewing_stand":1,"minecraft:dirt":149,"minecraft:string":3,"minecraft:lantern":1,"minecraft:armor_stand":12,"minecraft:leather_boots":6,"minecraft:experience_bottle":2,"minecraft:apple":2,"minecraft:wheat_seeds":2,"minecraft:iron_ingot":4,"minecraft:beef":1,"minecraft:oak_planks":80,"minecraft:iron_sword":1,"minecraft:furnace":2,"minecraft:book":2,"minecraft:scaffolding":2,"minecraft:golden_helmet":8,"minecraft:stick":40,"minecraft:oak_door":3,"minecraft:oak_fence":3,"minecraft:torch":7,"minecraft:dandelion":1,"minecraft:porkchop":10,"minecraft:sand":45,"minecraft:cherry_log":60,"minecraft:white_bed":1,"minecraft:stone_pressure_plate":2,"minecraft:leather_helmet":6,"minecraft:bundle":1,"minecraft:brown_carpet":3,"minecraft:tnt":5,"minecraft:hay_block":30,"minecraft:cherry_sapling":37,"minecraft:emerald":2,"minecraft:oak_sapling":22,"minecraft:cobblestone":12},"minecraft:used":{"minecraft:bundle":1,"minecraft:stone_shovel":92,"minecraft:oak_planks":118,"minecraft:wooden_pickaxe":17,"minecraft:cherry_planks":87,"minecraft:iron_sword":7,"minecraft:oak_door":5,"minecraft:torch":8,"minecraft:brewing_stand":1,"minecraft:dirt":51,"minecraft:crafting_table":5,"minecraft:white_bed":1,"minecraft:oak_log":16,"minecraft:glass":16,"minecraft:wooden_axe":61,"minecraft:apple":1,"minecraft:cherry_slab":12,"minecraft:oak_stairs":27,"minecraft:bread":11,"minecraft:stone_axe":73,"minecraft:furnace":2,"minecraft:smithing_table":1,"quark:oak_chest":2,"alexsmobs:animal_dictionary":4,"minecraft:cherry_log":41,"minecraft:experience_bottle":1},"minecraft:custom":{"minecraft:interact_with_furnace":32,"minecraft:mob_kills":11,"minecraft:interact_with_crafting_table":15,"minecraft:open_barrel":1,"minecraft:eat_cake_slice":7,"minecraft:leave_game":3,"minecraft:time_since_death":47722,"minecraft:sleep_in_bed":4,"minecraft:climb_one_cm":4296,"minecraft:time_since_rest":15601,"minecraft:sprint_one_cm":230315,"minecraft:damage_taken":723,"minecraft:walk_one_cm":207632,"minecraft:drop":53,"minecraft:damage_dealt":1438,"minecraft:swim_one_cm":3431,"minecraft:talked_to_villager":4,"minecraft:fly_one_cm":97805,"minecraft:open_chest":41,"minecraft:crouch_one_cm":3033,"minecraft:play_time":58560,"minecraft:deaths":1,"minecraft:sneak_time":683,"minecraft:walk_under_water_one_cm":140,"minecraft:jump":570,"minecraft:walk_on_water_one_cm":3885,"minecraft:total_world_time":58560,"minecraft:fall_one_cm":14470},"minecraft:mined":{"minecraft:smithing_table":1,"minecraft:scaffolding":1,"minecraft:white_bed":1,"minecraft:cherry_planks":7,"minecraft:oak_door":1,"minecraft:cherry_log":59,"minecraft:stripped_cherry_log":28,"minecraft:brewing_stand":1,"minecraft:oak_fence":3,"minecraft:crafting_table":4,"minecraft:torch":4,"minecraft:grass_block":54,"minecraft:campfire":1,"minecraft:tall_grass":16,"minecraft:oak_planks":16,"minecraft:wall_torch":4,"minecraft:hay_block":30,"minecraft:furnace":2,"minecraft:tnt":5,"minecraft:grass":41,"minecraft:oak_log":80,"minecraft:dirt_path":1,"minecraft:oak_stairs":12,"minecraft:sand":45,"minecraft:dirt":57,"minecraft:stone":12},"minecraft:dropped":{"minecraft:cherry_log":1,"minecraft:wheat":1,"minecraft:experience_bottle":1,"minecraft:oak_planks":64,"minecraft:lantern":1,"minecraft:leather_helmet":6,"minecraft:leather_chestplate":4,"minecraft:bundle":1,"minecraft:charcoal":1,"minecraft:wooden_axe":2,"minecraft:leather_boots":5,"minecraft:leather_leggings":8,"minecraft:stone_pressure_plate":2,"minecraft:brown_carpet":3,"minecraft:beef":1,"minecraft:scaffolding":2,"minecraft:string":1,"minecraft:dandelion":1,"minecraft:armor_stand":12},"minecraft:broken":{"minecraft:wooden_axe":1},"minecraft:killed":{"minecraft:pig":6,"minecraft:spider":3,"minecraft:zombie":1,"minecraft:cow":1},"minecraft:crafted":{"minecraft:cherry_planks":184,"minecraft:oak_door":3,"minecraft:oak_planks":248,"minecraft:stone_shovel":1,"minecraft:crafting_table":1,"minecraft:cherry_slab":12,"minecraft:wooden_pickaxe":1,"minecraft:hay_block":4,"minecraft:stone_axe":1,"minecraft:bread":103,"minecraft:air":0,"minecraft:glass":25,"quark:oak_chest":2,"minecraft:oak_stairs":16,"minecraft:wooden_axe":3,"minecraft:wheat":299}},"DataVersion":3465}