{"stats":{"minecraft:mined":{"minecraft:spruce_planks":6,"minecraft:white_bed":9,"minecraft:stone_pressure_plate":1,"minecraft:farmland":2,"minecraft:cherry_log":59,"minecraft:brewing_stand":2,"minecraft:obsidian":12,"minecraft:grass_block":115,"minecraft:coal_block":16,"minecraft:composter":1,"minecraft:oak_wall_sign":3,"minecraft:polished_blackstone_bricks":4,"minecraft:magma_block":38,"minecraft:cobbled_deepslate":1,"minecraft:iron_ore":59,"minecraft:fire":7,"minecraft:barrel":2,"minecraft:deepslate_lapis_ore":10,"minecraft:enchanting_table":1,"minecraft:dirt_path":1,"minecraft:oak_stairs":48,"minecraft:iron_bars":8,"minecraft:spruce_slab":2,"minecraft:deepslate_redstone_ore":18,"minecraft:red_bed":2,"minecraft:blackstone":105,"minecraft:smoker":1,"minecraft:torch":17,"minecraft:poppy":1,"minecraft:glass":1,"minecraft:cobblestone":38,"minecraft:grindstone":4,"minecraft:oak_planks":128,"minecraft:damaged_anvil":1,"minecraft:wall_torch":28,"minecraft:wheat":8,"minecraft:tnt":5,"minecraft:smooth_stone_slab":1,"minecraft:grass":262,"minecraft:oak_log":189,"minecraft:oak_fence_gate":8,"minecraft:sand":87,"minecraft:dirt":92,"minecraft:stonecutter":3,"minecraft:oak_leaves":2,"minecraft:deepslate":55,"minecraft:tuff":1,"minecraft:red_carpet":32,"quark:andesite_bricks":1,"minecraft:deepslate_diamond_ore":10,"minecraft:oak_door":2,"minecraft:stripped_cherry_log":28,"minecraft:ladder":3,"minecraft:decorated_pot":1,"minecraft:spruce_leaves":1,"minecraft:hay_block":30,"minecraft:furnace":3,"minecraft:andesite":110,"minecraft:bookshelf":26,"minecraft:potatoes":1,"minecraft:deepslate_iron_ore":14,"minecraft:lantern":4,"minecraft:stone":109,"minecraft:potted_allium":1,"minecraft:smithing_table":4,"minecraft:oak_slab":33,"minecraft:scaffolding":1,"minecraft:cherry_planks":7,"minecraft:red_wool":3,"quark:oak_chest":1,"minecraft:dandelion":2,"minecraft:oak_fence":3,"minecraft:crafting_table":7,"minecraft:lectern":75,"minecraft:campfire":2,"minecraft:tall_grass":60,"minecraft:copper_ore":2,"minecraft:lapis_ore":2,"minecraft:deepslate_gold_ore":5,"minecraft:spruce_stairs":3,"minecraft:coarse_dirt":2,"minecraft:beehive":1,"minecraft:redstone_torch":1,"minecraft:white_carpet":4,"minecraft:zombie_head":1,"minecraft:gravel":29,"minecraft:cyan_carpet":17,"minecraft:cobweb":5,"minecraft:stone_bricks":1,"minecraft:gold_ore":1,"quark:polished_blackstone_brick_vertical_slab":1},"minecraft:killed":{"minecraft:cave_spider":3,"minecraft:spider":12,"alexsmobs:bald_eagle":1,"minecraft:skeleton":11,"alexsmobs:banana_slug":2,"minecraft:chicken":2,"alexsmobs:kangaroo":1,"minecraft:pig":12,"alexsmobs:grizzly_bear":1,"minecraft:creeper":3,"minecraft:sheep":3,"minecraft:zombie":29,"alexsmobs:maned_wolf":1,"minecraft:cow":7,"minecraft:horse":3,"alexsmobs:blue_jay":1,"alexsmobs:emu":2,"alexsmobs:gazelle":1},"minecraft:crafted":{"minecraft:grindstone":1,"minecraft:smooth_stone":3,"minecraft:oak_planks":692,"minecraft:barrel":3,"minecraft:cherry_slab":18,"usefulbackpacks:backpack_small":1,"minecraft:stone":6,"minecraft:glass":90,"minecraft:iron_boots":1,"expanded_combat:diamond_quiver":1,"minecraft:stone_hoe":1,"minecraft:oak_fence":27,"spartanweaponry:iron_saber":1,"minecraft:oak_slab":150,"minecraft:cooked_porkchop":10,"minecraft:crafting_table":2,"minecraft:spruce_planks":40,"minecraft:iron_helmet":1,"minecraft:wooden_pickaxe":1,"minecraft:baked_potato":21,"minecraft:red_wool":1,"minecraft:fletching_table":1,"minecraft:hay_block":4,"minecraft:iron_chestplate":1,"minecraft:diamond_pickaxe":1,"minecraft:shield":2,"quark:oak_chest":2,"minecraft:stick":20,"minecraft:stone_slab":6,"minecraft:iron_ingot":74,"minecraft:iron_pickaxe":1,"minecraft:polished_blackstone_bricks":1,"minecraft:cherry_planks":268,"minecraft:oak_door":3,"minecraft:stone_shovel":1,"minecraft:iron_nugget":90,"minecraft:furnace":1,"minecraft:blast_furnace":1,"quark:polished_blackstone_brick_vertical_slab":2,"minecraft:lantern":11,"spartanweaponry:wooden_boomerang":1,"spartanweaponry:diamond_longbow":1,"minecraft:stone_pickaxe":4,"quark:spruce_chest":2,"minecraft:wheat":308,"minecraft:red_dye":1,"minecraft:polished_blackstone_brick_slab":2,"minecraft:enchanting_table":1,"spartanweaponry:handle":4,"minecraft:stone_axe":3,"minecraft:enchanted_book":2,"minecraft:bread":142,"minecraft:air":0,"minecraft:oak_fence_gate":3,"minecraft:oak_boat":1,"minecraft:wooden_axe":5,"minecraft:oak_stairs":60,"minecraft:cherry_door":3,"minecraft:iron_leggings":1,"minecraft:torch":16},"minecraft:used":{"minecraft:spruce_slab":2,"minecraft:oak_sign":3,"minecraft:shield":13,"minecraft:iron_sword":243,"minecraft:glass":74,"minecraft:lava_bucket":6,"minecraft:lantern":13,"minecraft:furnace":2,"minecraft:egg":1,"minecraft:potato":25,"minecraft:damaged_anvil":1,"minecraft:stone_pickaxe":535,"minecraft:oak_planks":402,"minecraft:wooden_pickaxe":18,"artifacts:eternal_steak":1,"minecraft:composter":1,"minecraft:sand":1,"minecraft:blast_furnace":1,"spartanweaponry:iron_saber":59,"minecraft:zombie_head":2,"minecraft:bread":77,"minecraft:cyan_carpet":31,"minecraft:lectern":74,"spartanweaponry:wooden_boomerang":4,"minecraft:grindstone":5,"minecraft:smithing_table":2,"spartanweaponry:diamond_longbow":6,"minecraft:oak_boat":3,"minecraft:coarse_dirt":2,"quark:polished_blackstone_brick_vertical_slab":1,"minecraft:golden_pickaxe":45,"minecraft:bone_meal":1,"minecraft:cobweb":5,"minecraft:experience_bottle":1,"minecraft:oak_fence":22,"minecraft:enchanting_table":2,"minecraft:stone_shovel":131,"minecraft:spruce_planks":30,"minecraft:stone_hoe":138,"minecraft:oak_door":5,"minecraft:brewing_stand":2,"minecraft:torch":45,"minecraft:dirt":100,"minecraft:wheat":8,"minecraft:spruce_stairs":1,"minecraft:oak_fence_gate":11,"minecraft:wooden_axe":179,"quark:spruce_chest":2,"minecraft:oak_stairs":104,"minecraft:cherry_slab":12,"minecraft:barrel":5,"quark:andesite_bricks":1,"minecraft:cherry_log":41,"minecraft:wheat_seeds":53,"minecraft:water_bucket":29,"minecraft:bundle":2,"minecraft:cherry_planks":87,"minecraft:fletching_table":1,"minecraft:stonecutter":2,"minecraft:polished_blackstone_bricks":41,"minecraft:oak_slab":165,"minecraft:crafting_table":8,"minecraft:red_bed":1,"minecraft:white_bed":8,"spartanweaponry:iron_katana":20,"minecraft:smoker":1,"minecraft:oak_log":16,"minecraft:diamond_pickaxe":13,"minecraft:apple":3,"minecraft:cherry_door":2,"minecraft:iron_pickaxe":53,"alexsmobs:kangaroo_meat":1,"minecraft:stone_axe":234,"minecraft:pink_petals":15,"minecraft:cobblestone":41,"minecraft:cooked_porkchop":10,"minecraft:bucket":36,"quark:oak_chest":3,"alexsmobs:animal_dictionary":4},"minecraft:picked_up":{"minecraft:wheat":16,"minecraft:flower_pot":1,"minecraft:smithing_table":4,"minecraft:stone_slab":5,"minecraft:oak_stairs":49,"minecraft:brewing_stand":2,"spartanweaponry:iron_katana":1,"minecraft:string":18,"minecraft:raw_copper":13,"minecraft:smooth_stone_slab":1,"minecraft:armor_stand":12,"minecraft:experience_bottle":2,"minecraft:zombie_head":2,"minecraft:oak_sign":6,"alexsmobs:emu_feather":2,"minecraft:cobbled_deepslate":56,"minecraft:spruce_planks":6,"minecraft:redstone_torch":1,"minecraft:coal_block":16,"minecraft:furnace":3,"minecraft:golden_helmet":8,"minecraft:beehive":1,"minecraft:stick":69,"minecraft:composter":1,"minecraft:oak_fence":3,"minecraft:torch":51,"minecraft:porkchop":18,"minecraft:spruce_stairs":5,"minecraft:cherry_log":81,"minecraft:brown_carpet":3,"minecraft:rotten_flesh":25,"quark:clear_shard":14,"alexsmobs:emu_egg":1,"minecraft:obsidian":12,"minecraft:iron_bars":9,"minecraft:cobblestone":140,"minecraft:enchanting_table":1,"minecraft:pink_petals":17,"minecraft:magma_block":35,"minecraft:leather_chestplate":5,"minecraft:feather":4,"minecraft:cherry_planks":7,"minecraft:andesite":149,"minecraft:brown_wool":1,"minecraft:golden_leggings":8,"minecraft:smoker":1,"minecraft:potato":3,"minecraft:flint":2,"minecraft:tuff":1,"minecraft:lapis_lazuli":118,"minecraft:dirt":271,"minecraft:lantern":9,"minecraft:leather_boots":6,"minecraft:bone":10,"minecraft:stonecutter":3,"minecraft:bow":3,"minecraft:wheat_seeds":62,"minecraft:raw_gold":10,"minecraft:grindstone":4,"minecraft:oak_planks":257,"minecraft:sand":88,"quark:andesite_bricks":1,"minecraft:barrel":2,"minecraft:bundle":1,"alexsmobs:kangaroo_hide":1,"minecraft:diamond":24,"minecraft:miner_pottery_sherd":1,"minecraft:bone_meal":1,"minecraft:emerald":3,"minecraft:bread":12,"alexsmobs:banana_slug_slime":2,"minecraft:oak_sapling":63,"minecraft:coarse_dirt":2,"minecraft:charcoal":5,"minecraft:crafting_table":7,"minecraft:allium":1,"minecraft:chicken":2,"minecraft:ladder":4,"minecraft:golden_pickaxe":1,"minecraft:leather_leggings":8,"minecraft:mourner_pottery_sherd":1,"minecraft:infested_cobblestone":18,"minecraft:stripped_cherry_log":28,"minecraft:red_bed":2,"minecraft:white_carpet":4,"minecraft:blackstone":899,"minecraft:cyan_carpet":32,"minecraft:beef":13,"minecraft:oak_boat":3,"minecraft:poppy":4,"minecraft:spruce_slab":2,"minecraft:light_gray_wool":1,"minecraft:lectern":75,"minecraft:birch_sapling":1,"minecraft:egg":4,"minecraft:raw_iron":73,"minecraft:oak_door":3,"minecraft:polished_blackstone_bricks":4,"minecraft:skull_pottery_sherd":1,"minecraft:stone_button":2,"minecraft:redstone":94,"minecraft:stone_pressure_plate":3,"minecraft:tnt":7,"minecraft:arrow":35,"minecraft:hay_block":34,"minecraft:mutton":6,"minecraft:white_wool":2,"alexsmobs:kangaroo_meat":1,"minecraft:dark_oak_button":3,"artifacts:eternal_steak":1,"minecraft:leather":9,"minecraft:oak_log":189,"minecraft:gunpowder":3,"minecraft:red_carpet":32,"minecraft:apple":9,"minecraft:stone_bricks":1,"minecraft:oak_fence_gate":8,"minecraft:rabbit_hide":4,"minecraft:iron_ingot":4,"minecraft:stone_pickaxe":1,"minecraft:cobweb":5,"minecraft:iron_sword":2,"minecraft:book":80,"minecraft:scaffolding":2,"minecraft:oak_slab":41,"minecraft:red_wool":3,"minecraft:dandelion":3,"minecraft:gravel":28,"minecraft:prize_pottery_sherd":1,"minecraft:white_bed":9,"quark:oak_chest":1,"minecraft:spider_eye":2,"minecraft:leather_helmet":6,"quark:polished_blackstone_brick_vertical_slab":1,"minecraft:cherry_sapling":37,"minecraft:gray_wool":1,"minecraft:damaged_anvil":1,"minecraft:coal":29},"minecraft:broken":{"minecraft:stone_pickaxe":4,"minecraft:stone_axe":2,"minecraft:iron_sword":1,"minecraft:wooden_axe":3,"minecraft:stone_shovel":1,"spartanweaponry:iron_katana":1,"minecraft:leather_boots":1},"minecraft:dropped":{"minecraft:lantern":1,"minecraft:dark_oak_button":3,"minecraft:leather_helmet":6,"minecraft:dirt":30,"minecraft:red_bed":1,"minecraft:stone_button":2,"minecraft:cyan_carpet":1,"minecraft:armor_stand":12,"minecraft:blackstone":771,"minecraft:wheat":1,"minecraft:obsidian":1,"minecraft:rotten_flesh":25,"minecraft:oak_planks":128,"minecraft:beehive":1,"minecraft:poppy":3,"minecraft:leather_chestplate":5,"minecraft:charcoal":3,"minecraft:leather_boots":5,"minecraft:ladder":2,"minecraft:leather_leggings":8,"minecraft:iron_bars":9,"minecraft:arrow":27,"minecraft:beef":1,"minecraft:scaffolding":2,"minecraft:egg":3,"minecraft:enchanted_book":1,"minecraft:stone_hoe":1,"minecraft:bread":55,"minecraft:wheat_seeds":9,"minecraft:golden_helmet":1,"minecraft:cherry_log":1,"minecraft:oak_fence":3,"minecraft:spruce_stairs":4,"minecraft:torch":6,"minecraft:wooden_axe":2,"minecraft:brown_wool":1,"minecraft:oak_stairs":3,"minecraft:string":1,"minecraft:pink_petals":2,"minecraft:dandelion":3,"minecraft:smooth_stone_slab":1,"minecraft:experience_bottle":1,"minecraft:stone_slab":10,"minecraft:oak_sign":3,"minecraft:hay_block":3,"minecraft:shield":1,"minecraft:flower_pot":1,"minecraft:allium":1,"minecraft:bundle":1,"minecraft:andesite":105,"minecraft:golden_leggings":1,"artifacts:eternal_steak":1,"minecraft:redstone_torch":1,"minecraft:stone_pressure_plate":3,"minecraft:spider_eye":2,"minecraft:brown_carpet":3,"minecraft:bow":3,"minecraft:stone_pickaxe":1},"minecraft:custom":{"minecraft:animals_bred":1,"minecraft:interact_with_crafting_table":80,"minecraft:open_barrel":142,"minecraft:eat_cake_slice":10,"minecraft:leave_game":5,"minecraft:time_since_death":278742,"minecraft:sprint_one_cm":1547230,"minecraft:damage_blocked_by_shield":380,"minecraft:drop":366,"minecraft:talked_to_villager":173,"minecraft:play_time":371950,"minecraft:deaths":2,"minecraft:jump":3558,"minecraft:walk_on_water_one_cm":25631,"minecraft:interact_with_furnace":92,"minecraft:traded_with_villager":2,"minecraft:sleep_in_bed":11,"minecraft:damage_dealt":16435,"minecraft:crouch_one_cm":20678,"minecraft:interact_with_smoker":8,"minecraft:inspect_dispenser":1,"minecraft:horse_one_cm":38183,"minecraft:inspect_dropper":1,"minecraft:mob_kills":97,"minecraft:climb_one_cm":9061,"minecraft:walk_one_cm":1152255,"minecraft:sneak_time":6444,"minecraft:walk_under_water_one_cm":6415,"minecraft:boat_one_cm":73515,"minecraft:interact_with_blast_furnace":7,"minecraft:total_world_time":371950,"minecraft:interact_with_stonecutter":5,"minecraft:interact_with_grindstone":1,"minecraft:time_since_rest":125037,"minecraft:damage_taken":3845,"minecraft:swim_one_cm":20307,"minecraft:fly_one_cm":701159,"minecraft:open_chest":184,"minecraft:fall_one_cm":90760}},"DataVersion":3465}