{"stats":{"minecraft:picked_up":{"minecraft:wheat":8,"minecraft:smithing_table":1,"minecraft:oak_stairs":42,"minecraft:brewing_stand":2,"minecraft:string":8,"minecraft:raw_copper":13,"minecraft:armor_stand":12,"minecraft:experience_bottle":2,"minecraft:zombie_head":2,"minecraft:oak_sign":2,"alexsmobs:emu_feather":2,"minecraft:cobbled_deepslate":56,"minecraft:spruce_planks":3,"minecraft:furnace":3,"minecraft:golden_helmet":8,"minecraft:stick":69,"minecraft:oak_fence":3,"minecraft:torch":28,"minecraft:spruce_stairs":1,"minecraft:porkchop":17,"minecraft:cherry_log":60,"minecraft:brown_carpet":3,"minecraft:rotten_flesh":13,"quark:clear_shard":3,"alexsmobs:emu_egg":1,"minecraft:obsidian":12,"minecraft:cobblestone":139,"minecraft:enchanting_table":1,"minecraft:magma_block":35,"minecraft:leather_chestplate":5,"minecraft:feather":4,"minecraft:cherry_planks":7,"minecraft:andesite":110,"minecraft:brown_wool":1,"minecraft:golden_leggings":8,"minecraft:smoker":1,"minecraft:flint":2,"minecraft:tuff":1,"minecraft:dirt":210,"minecraft:lapis_lazuli":118,"minecraft:lantern":5,"minecraft:leather_boots":6,"minecraft:bone":2,"minecraft:stonecutter":2,"minecraft:wheat_seeds":17,"minecraft:raw_gold":10,"minecraft:oak_planks":215,"minecraft:sand":88,"quark:andesite_bricks":1,"minecraft:barrel":2,"minecraft:bundle":1,"alexsmobs:kangaroo_hide":1,"minecraft:diamond":24,"minecraft:miner_pottery_sherd":1,"minecraft:emerald":2,"alexsmobs:banana_slug_slime":2,"minecraft:oak_sapling":63,"minecraft:crafting_table":4,"minecraft:charcoal":3,"minecraft:coarse_dirt":2,"minecraft:chicken":2,"minecraft:leather_leggings":8,"minecraft:golden_pickaxe":1,"minecraft:mourner_pottery_sherd":1,"minecraft:infested_cobblestone":18,"minecraft:stripped_cherry_log":28,"minecraft:red_bed":1,"minecraft:white_carpet":4,"minecraft:blackstone":899,"minecraft:cyan_carpet":32,"minecraft:beef":13,"minecraft:poppy":1,"minecraft:lectern":2,"minecraft:birch_sapling":1,"minecraft:egg":3,"minecraft:raw_iron":73,"minecraft:oak_door":3,"minecraft:polished_blackstone_bricks":4,"minecraft:skull_pottery_sherd":1,"minecraft:redstone":94,"minecraft:stone_pressure_plate":2,"minecraft:tnt":7,"minecraft:arrow":31,"minecraft:hay_block":30,"minecraft:mutton":3,"alexsmobs:kangaroo_meat":1,"minecraft:white_wool":1,"minecraft:leather":9,"minecraft:oak_log":167,"minecraft:gunpowder":1,"minecraft:red_carpet":32,"minecraft:apple":9,"minecraft:rabbit_hide":4,"minecraft:iron_ingot":4,"minecraft:stone_pickaxe":1,"minecraft:cobweb":5,"minecraft:iron_sword":1,"minecraft:book":2,"minecraft:scaffolding":2,"minecraft:oak_slab":41,"minecraft:red_wool":3,"minecraft:dandelion":3,"minecraft:gravel":28,"minecraft:prize_pottery_sherd":1,"minecraft:white_bed":3,"quark:oak_chest":1,"minecraft:spider_eye":1,"minecraft:leather_helmet":6,"quark:polished_blackstone_brick_vertical_slab":1,"minecraft:cherry_sapling":37,"minecraft:gray_wool":1,"minecraft:coal":29},"minecraft:custom":{"minecraft:interact_with_crafting_table":64,"minecraft:open_barrel":105,"minecraft:eat_cake_slice":7,"minecraft:leave_game":3,"minecraft:time_since_death":133352,"minecraft:sprint_one_cm":1013397,"minecraft:damage_blocked_by_shield":285,"minecraft:drop":231,"minecraft:talked_to_villager":37,"minecraft:play_time":226560,"minecraft:deaths":2,"minecraft:jump":2300,"minecraft:walk_on_water_one_cm":14133,"minecraft:interact_with_furnace":79,"minecraft:sleep_in_bed":10,"minecraft:damage_dealt":8853,"minecraft:crouch_one_cm":16391,"minecraft:interact_with_smoker":8,"minecraft:inspect_dispenser":1,"minecraft:inspect_dropper":1,"minecraft:mob_kills":58,"minecraft:climb_one_cm":5369,"minecraft:walk_one_cm":723770,"minecraft:sneak_time":5054,"minecraft:walk_under_water_one_cm":4153,"minecraft:interact_with_blast_furnace":7,"minecraft:total_world_time":226560,"minecraft:interact_with_stonecutter":5,"minecraft:time_since_rest":78539,"minecraft:damage_taken":2540,"minecraft:swim_one_cm":13756,"minecraft:fly_one_cm":431636,"minecraft:open_chest":140,"minecraft:fall_one_cm":61818},"minecraft:used":{"minecraft:oak_sign":2,"minecraft:shield":11,"minecraft:iron_sword":194,"minecraft:glass":67,"minecraft:lava_bucket":6,"minecraft:lantern":13,"minecraft:furnace":2,"minecraft:stone_pickaxe":535,"minecraft:oak_planks":323,"minecraft:wooden_pickaxe":18,"minecraft:sand":1,"minecraft:blast_furnace":1,"minecraft:zombie_head":2,"minecraft:bread":41,"minecraft:cyan_carpet":31,"minecraft:lectern":2,"minecraft:smithing_table":1,"spartanweaponry:diamond_longbow":4,"minecraft:coarse_dirt":2,"minecraft:experience_bottle":1,"minecraft:golden_pickaxe":45,"minecraft:cobweb":5,"minecraft:oak_fence":22,"quark:polished_blackstone_brick_vertical_slab":1,"minecraft:enchanting_table":2,"minecraft:stone_shovel":131,"minecraft:spruce_planks":27,"minecraft:oak_door":5,"minecraft:brewing_stand":2,"minecraft:torch":23,"minecraft:dirt":85,"minecraft:wooden_axe":61,"quark:spruce_chest":2,"minecraft:oak_stairs":99,"minecraft:cherry_slab":12,"minecraft:barrel":5,"quark:andesite_bricks":1,"minecraft:cherry_log":41,"minecraft:water_bucket":20,"minecraft:bundle":2,"minecraft:cherry_planks":87,"minecraft:stonecutter":2,"minecraft:polished_blackstone_bricks":41,"minecraft:crafting_table":5,"minecraft:oak_slab":165,"minecraft:red_bed":1,"minecraft:white_bed":3,"minecraft:smoker":1,"minecraft:oak_log":16,"minecraft:diamond_pickaxe":13,"minecraft:apple":3,"minecraft:cherry_door":2,"minecraft:iron_pickaxe":19,"alexsmobs:kangaroo_meat":1,"minecraft:stone_axe":216,"minecraft:cobblestone":41,"minecraft:cooked_porkchop":10,"minecraft:bucket":27,"quark:oak_chest":3,"alexsmobs:animal_dictionary":4},"minecraft:mined":{"minecraft:spruce_planks":3,"minecraft:white_bed":3,"minecraft:cherry_log":59,"minecraft:brewing_stand":2,"minecraft:obsidian":12,"minecraft:grass_block":106,"minecraft:oak_wall_sign":2,"minecraft:polished_blackstone_bricks":4,"minecraft:magma_block":38,"minecraft:barrel":2,"minecraft:iron_ore":59,"minecraft:cobbled_deepslate":1,"minecraft:fire":7,"minecraft:deepslate_lapis_ore":10,"minecraft:enchanting_table":1,"minecraft:dirt_path":1,"minecraft:oak_stairs":42,"minecraft:deepslate_redstone_ore":18,"minecraft:red_bed":1,"minecraft:blackstone":105,"minecraft:smoker":1,"minecraft:torch":10,"minecraft:poppy":1,"minecraft:glass":1,"minecraft:cobblestone":38,"minecraft:oak_planks":87,"minecraft:wall_torch":13,"minecraft:tnt":5,"minecraft:grass":131,"minecraft:oak_log":175,"minecraft:sand":87,"minecraft:dirt":82,"minecraft:stonecutter":2,"minecraft:oak_leaves":1,"minecraft:deepslate":55,"minecraft:red_carpet":32,"minecraft:tuff":1,"quark:andesite_bricks":1,"minecraft:deepslate_diamond_ore":10,"minecraft:oak_door":2,"minecraft:stripped_cherry_log":28,"minecraft:decorated_pot":1,"minecraft:spruce_leaves":1,"minecraft:hay_block":30,"minecraft:furnace":3,"minecraft:andesite":110,"minecraft:deepslate_iron_ore":14,"minecraft:lantern":4,"minecraft:stone":109,"minecraft:smithing_table":1,"minecraft:oak_slab":33,"minecraft:scaffolding":1,"minecraft:cherry_planks":7,"minecraft:red_wool":3,"quark:oak_chest":1,"minecraft:dandelion":2,"minecraft:oak_fence":3,"minecraft:crafting_table":4,"minecraft:campfire":1,"minecraft:lectern":2,"minecraft:tall_grass":36,"minecraft:copper_ore":2,"minecraft:lapis_ore":2,"minecraft:deepslate_gold_ore":5,"minecraft:spruce_stairs":1,"minecraft:coarse_dirt":2,"minecraft:white_carpet":4,"minecraft:zombie_head":1,"minecraft:gravel":29,"minecraft:cyan_carpet":17,"minecraft:cobweb":5,"minecraft:gold_ore":1,"quark:polished_blackstone_brick_vertical_slab":1},"minecraft:dropped":{"minecraft:lantern":1,"minecraft:leather_helmet":6,"minecraft:dirt":9,"minecraft:cyan_carpet":1,"minecraft:armor_stand":12,"minecraft:blackstone":771,"minecraft:wheat":1,"minecraft:rotten_flesh":13,"minecraft:oak_planks":128,"minecraft:leather_chestplate":5,"minecraft:charcoal":1,"minecraft:leather_boots":5,"minecraft:leather_leggings":8,"minecraft:arrow":27,"minecraft:beef":1,"minecraft:scaffolding":2,"minecraft:egg":3,"minecraft:bread":14,"minecraft:wheat_seeds":8,"minecraft:golden_helmet":1,"minecraft:cherry_log":1,"minecraft:torch":6,"minecraft:wooden_axe":2,"minecraft:brown_wool":1,"minecraft:string":1,"minecraft:dandelion":3,"minecraft:experience_bottle":1,"minecraft:bundle":1,"minecraft:andesite":66,"minecraft:golden_leggings":1,"minecraft:stone_pressure_plate":2,"minecraft:spider_eye":1,"minecraft:brown_carpet":3,"minecraft:stone_pickaxe":1},"minecraft:broken":{"minecraft:stone_pickaxe":4,"minecraft:stone_axe":2,"minecraft:wooden_axe":1,"minecraft:stone_shovel":1,"minecraft:leather_boots":1},"minecraft:killed":{"minecraft:cave_spider":3,"minecraft:spider":4,"alexsmobs:bald_eagle":1,"minecraft:skeleton":4,"alexsmobs:banana_slug":2,"minecraft:chicken":2,"alexsmobs:kangaroo":1,"minecraft:pig":11,"alexsmobs:grizzly_bear":1,"minecraft:creeper":1,"minecraft:sheep":1,"minecraft:zombie":11,"alexsmobs:maned_wolf":1,"minecraft:cow":7,"minecraft:horse":3,"alexsmobs:blue_jay":1,"alexsmobs:emu":2,"alexsmobs:gazelle":1},"minecraft:crafted":{"minecraft:oak_planks":604,"minecraft:smooth_stone":3,"minecraft:barrel":3,"minecraft:cherry_slab":18,"usefulbackpacks:backpack_small":1,"minecraft:stone":3,"minecraft:glass":87,"minecraft:iron_boots":1,"minecraft:oak_fence":24,"spartanweaponry:iron_saber":1,"minecraft:oak_slab":150,"minecraft:cooked_porkchop":10,"minecraft:crafting_table":2,"minecraft:spruce_planks":40,"minecraft:wooden_pickaxe":1,"minecraft:baked_potato":21,"minecraft:iron_helmet":1,"minecraft:red_wool":1,"minecraft:hay_block":4,"minecraft:iron_chestplate":1,"minecraft:diamond_pickaxe":1,"minecraft:shield":1,"quark:oak_chest":2,"minecraft:iron_ingot":74,"minecraft:iron_pickaxe":1,"minecraft:polished_blackstone_bricks":1,"minecraft:cherry_planks":184,"minecraft:oak_door":3,"minecraft:stone_shovel":1,"minecraft:iron_nugget":90,"minecraft:blast_furnace":1,"minecraft:furnace":1,"quark:polished_blackstone_brick_vertical_slab":2,"minecraft:lantern":11,"spartanweaponry:diamond_longbow":1,"minecraft:stone_pickaxe":4,"quark:spruce_chest":2,"minecraft:wheat":299,"minecraft:red_dye":1,"minecraft:polished_blackstone_brick_slab":2,"minecraft:enchanting_table":1,"spartanweaponry:handle":4,"minecraft:stone_axe":3,"minecraft:bread":139,"minecraft:air":0,"minecraft:oak_stairs":60,"minecraft:wooden_axe":3,"minecraft:cherry_door":3,"minecraft:iron_leggings":1,"minecraft:torch":16}},"DataVersion":3465}