{"stats":{"minecraft:mined":{"minecraft:dark_oak_planks":10,"minecraft:spruce_planks":6,"minecraft:white_bed":11,"minecraft:stone_pressure_plate":1,"minecraft:farmland":2,"quark:cherry_chest":2,"minecraft:cherry_log":111,"minecraft:sculk_vein":35,"minecraft:brewing_stand":4,"minecraft:obsidian":12,"minecraft:grass_block":154,"minecraft:coal_block":16,"minecraft:composter":1,"minecraft:hopper":2,"minecraft:oak_wall_sign":4,"minecraft:polished_blackstone_bricks":150,"minecraft:magma_block":38,"minecraft:sculk_catalyst":5,"minecraft:dark_oak_trapdoor":13,"minecraft:iron_ore":80,"minecraft:barrel":4,"minecraft:cobbled_deepslate":1,"minecraft:fire":19,"minecraft:deepslate_lapis_ore":10,"minecraft:enchanting_table":1,"minecraft:twisting_vines":1,"minecraft:dirt_path":1,"minecraft:oak_stairs":48,"minecraft:iron_bars":8,"minecraft:spruce_slab":2,"minecraft:deepslate_redstone_ore":21,"minecraft:red_bed":3,"minecraft:blackstone":982,"minecraft:smoker":1,"ironfurnaces:iron_furnace":1,"minecraft:torch":31,"minecraft:poppy":1,"minecraft:glass":3,"minecraft:cobblestone":43,"minecraft:grindstone":7,"minecraft:oak_planks":133,"minecraft:sugar_cane":34,"minecraft:damaged_anvil":1,"minecraft:wall_torch":53,"minecraft:dark_oak_slab":55,"quark:cherry_bookshelf":1,"minecraft:wheat":54,"minecraft:lilac":6,"minecraft:tnt":5,"minecraft:smooth_stone_slab":1,"minecraft:grass":329,"minecraft:oak_log":233,"minecraft:oak_fence_gate":8,"minecraft:sand":229,"minecraft:dirt":221,"minecraft:zombie_wall_head":1,"minecraft:stonecutter":4,"minecraft:oak_leaves":5,"minecraft:deepslate":56,"minecraft:tuff":3,"minecraft:red_carpet":59,"quark:andesite_bricks":1,"minecraft:deepslate_diamond_ore":20,"minecraft:oak_door":2,"minecraft:dark_oak_log":204,"minecraft:stripped_cherry_log":28,"minecraft:ladder":5,"minecraft:dark_oak_fence":2,"minecraft:decorated_pot":1,"minecraft:spruce_leaves":3,"minecraft:moss_block":1,"minecraft:hay_block":30,"minecraft:furnace":4,"minecraft:andesite":125,"minecraft:bookshelf":26,"minecraft:potatoes":44,"minecraft:cobblestone_slab":2,"minecraft:deepslate_iron_ore":35,"minecraft:lantern":19,"minecraft:stone":385,"minecraft:potted_allium":1,"minecraft:smithing_table":4,"minecraft:oak_slab":33,"minecraft:scaffolding":1,"minecraft:cherry_planks":7,"minecraft:red_wool":3,"quark:oak_chest":3,"minecraft:dandelion":2,"minecraft:oak_fence":3,"minecraft:crafting_table":13,"minecraft:sculk_sensor":15,"minecraft:lectern":100,"minecraft:campfire":2,"minecraft:copper_ore":2,"minecraft:tall_grass":68,"minecraft:lapis_ore":2,"minecraft:deepslate_gold_ore":22,"minecraft:sculk":579,"minecraft:spruce_stairs":3,"minecraft:cactus":15,"minecraft:coarse_dirt":2,"minecraft:beehive":1,"minecraft:redstone_torch":1,"minecraft:white_carpet":4,"minecraft:coal_ore":45,"quark:spruce_chest":4,"minecraft:cyan_carpet":17,"minecraft:zombie_head":3,"minecraft:gravel":29,"minecraft:cobweb":5,"minecraft:stone_bricks":1,"minecraft:chipped_anvil":1,"minecraft:gold_ore":1,"quark:polished_blackstone_brick_vertical_slab":1,"minecraft:fern":1},"minecraft:killed":{"minecraft:cave_spider":3,"minecraft:spider":14,"alexsmobs:bald_eagle":1,"minecraft:skeleton":21,"alexsmobs:banana_slug":2,"minecraft:chicken":2,"alexsmobs:kangaroo":5,"minecraft:pig":17,"alexsmobs:grizzly_bear":1,"minecraft:iron_golem":1,"minecraft:creeper":4,"minecraft:sheep":3,"minecraft:zombie":45,"alexsmobs:maned_wolf":1,"minecraft:cow":11,"minecraft:horse":3,"alexsmobs:blue_jay":1,"minecraft:bat":1,"alexsmobs:emu":3,"alexsmobs:cockroach":1,"alexsmobs:gazelle":2,"minecraft:wither_skeleton":1},"minecraft:crafted":{"minecraft:grindstone":1,"minecraft:smooth_stone":3,"minecraft:oak_planks":795,"minecraft:barrel":5,"minecraft:dark_oak_pressure_plate":1,"minecraft:cherry_slab":18,"usefulbackpacks:backpack_small":1,"ironfurnaces:iron_furnace":1,"minecraft:stone":6,"quark:cherry_chest":21,"minecraft:green_dye":0,"minecraft:dark_oak_door":3,"minecraft:glass":96,"minecraft:hopper":6,"minecraft:iron_boots":1,"expanded_combat:diamond_quiver":1,"minecraft:chest":4,"minecraft:stone_hoe":1,"minecraft:magenta_dye":10,"minecraft:oak_fence":33,"spartanweaponry:iron_saber":1,"minecraft:oak_slab":150,"minecraft:cooked_porkchop":18,"minecraft:crafting_table":8,"minecraft:spruce_planks":40,"minecraft:iron_helmet":1,"minecraft:wooden_pickaxe":1,"minecraft:baked_potato":58,"minecraft:red_wool":1,"minecraft:fletching_table":1,"minecraft:gold_block":1,"minecraft:hay_block":4,"minecraft:dark_oak_slab":78,"minecraft:iron_chestplate":1,"minecraft:diamond_pickaxe":3,"minecraft:shield":2,"minecraft:stick":52,"minecraft:stone_slab":6,"quark:oak_chest":2,"usefulbackpacks:backpack_large":5,"minecraft:iron_ingot":126,"minecraft:iron_pickaxe":3,"minecraft:gold_ingot":19,"minecraft:polished_blackstone_bricks":1,"minecraft:cherry_planks":476,"minecraft:oak_door":6,"minecraft:coal":144,"minecraft:stone_shovel":1,"minecraft:iron_nugget":270,"minecraft:furnace":1,"minecraft:blast_furnace":1,"minecraft:dark_oak_trapdoor":10,"quark:polished_blackstone_brick_vertical_slab":2,"quark:cherry_bookshelf":17,"minecraft:stone_stairs":4,"minecraft:lantern":33,"minecraft:dark_oak_fence":3,"minecraft:leather":4,"spartanweaponry:wooden_boomerang":1,"minecraft:iron_axe":1,"minecraft:ladder":16,"minecraft:iron_hoe":1,"spartanweaponry:diamond_longbow":2,"minecraft:stone_pickaxe":8,"minecraft:cobblestone_wall":6,"usefulbackpacks:backpack_medium":1,"quark:spruce_chest":2,"minecraft:dark_oak_planks":451,"minecraft:wheat":308,"minecraft:cooked_beef":10,"minecraft:sugar":52,"minecraft:red_dye":1,"minecraft:polished_blackstone_brick_slab":20,"minecraft:dark_oak_stairs":20,"minecraft:enchanting_table":1,"alexsmobs:cooked_kangaroo_meat":6,"minecraft:magenta_stained_glass":8,"spartanweaponry:handle":4,"minecraft:stone_axe":4,"minecraft:enchanted_book":4,"minecraft:bread":142,"minecraft:air":0,"spartanweaponry:iron_greatsword":1,"minecraft:oak_fence_gate":3,"minecraft:oak_boat":1,"minecraft:oak_stairs":64,"minecraft:wooden_axe":5,"minecraft:iron_shovel":1,"minecraft:cherry_door":3,"minecraft:iron_leggings":1,"minecraft:torch":44},"minecraft:used":{"alexsmobs:emu_egg":1,"minecraft:iron_shovel":266,"minecraft:spruce_slab":2,"minecraft:ladder":21,"minecraft:oak_sign":4,"minecraft:chest":4,"minecraft:shield":14,"minecraft:stone":50,"minecraft:iron_sword":243,"quark:cherry_chest":4,"minecraft:glass":151,"minecraft:lava_bucket":9,"minecraft:lantern":58,"minecraft:dark_oak_slab":58,"minecraft:stone_bricks":1,"minecraft:red_carpet":38,"ironfurnaces:iron_furnace":2,"minecraft:furnace":2,"minecraft:egg":1,"minecraft:potato":120,"spartanweaponry:iron_greatsword":133,"minecraft:damaged_anvil":1,"minecraft:oak_planks":409,"minecraft:stone_pickaxe":1060,"minecraft:blackstone":143,"minecraft:cactus":8,"minecraft:wooden_pickaxe":18,"artifacts:eternal_steak":1,"minecraft:composter":1,"minecraft:sugar_cane":19,"minecraft:dark_oak_trapdoor":23,"minecraft:sand":45,"minecraft:blast_furnace":1,"minecraft:dark_oak_log":102,"spartanweaponry:iron_saber":79,"minecraft:zombie_head":5,"minecraft:bread":131,"minecraft:cyan_carpet":31,"minecraft:lectern":99,"spartanweaponry:wooden_boomerang":8,"minecraft:grindstone":8,"minecraft:dark_oak_fence":2,"minecraft:smithing_table":3,"spartanweaponry:diamond_longbow":23,"minecraft:andesite":15,"quark:polished_blackstone_brick_vertical_slab":1,"minecraft:oak_boat":4,"minecraft:coarse_dirt":2,"minecraft:oak_fence":30,"minecraft:golden_pickaxe":45,"minecraft:cobweb":5,"minecraft:bone_meal":1,"minecraft:experience_bottle":2,"minecraft:polished_blackstone_brick_slab":18,"minecraft:enchanting_table":2,"minecraft:stone_shovel":131,"minecraft:spruce_planks":30,"minecraft:stone_hoe":138,"minecraft:oak_door":6,"minecraft:brewing_stand":4,"minecraft:torch":92,"minecraft:dirt":153,"minecraft:wheat":46,"minecraft:hopper":6,"minecraft:spruce_stairs":1,"minecraft:cobblestone_wall":5,"minecraft:stone_stairs":4,"quark:cherry_bookshelf":17,"minecraft:oak_fence_gate":11,"minecraft:iron_hoe":500,"minecraft:dark_oak_planks":240,"minecraft:wooden_axe":179,"minecraft:chipped_anvil":1,"quark:spruce_chest":4,"minecraft:iron_axe":104,"minecraft:cherry_slab":12,"minecraft:oak_stairs":110,"minecraft:barrel":9,"quark:andesite_bricks":1,"minecraft:cooked_beef":3,"minecraft:cherry_log":41,"minecraft:wheat_seeds":158,"minecraft:water_bucket":79,"minecraft:bundle":2,"minecraft:baked_potato":21,"minecraft:cherry_planks":87,"minecraft:fletching_table":1,"minecraft:stonecutter":3,"minecraft:cobblestone_slab":2,"minecraft:polished_blackstone_bricks":1098,"minecraft:oak_slab":175,"minecraft:crafting_table":20,"minecraft:red_bed":3,"minecraft:white_bed":10,"spartanweaponry:iron_katana":20,"minecraft:dark_oak_door":2,"minecraft:smoker":1,"minecraft:oak_log":36,"minecraft:diamond_pickaxe":110,"minecraft:apple":11,"minecraft:cherry_door":2,"minecraft:iron_pickaxe":908,"alexsmobs:kangaroo_meat":1,"minecraft:stone_axe":259,"minecraft:pink_petals":15,"minecraft:cobblestone":116,"minecraft:cooked_porkchop":10,"minecraft:bucket":89,"quark:oak_chest":3,"alexsmobs:animal_dictionary":4},"minecraft:picked_up":{"minecraft:wheat":54,"minecraft:flower_pot":1,"minecraft:smithing_table":4,"minecraft:stone_slab":5,"minecraft:oak_stairs":49,"minecraft:brewing_stand":4,"alexsmobs:gazelle_horn":1,"spartanweaponry:iron_katana":1,"minecraft:string":19,"minecraft:dark_oak_trapdoor":14,"minecraft:raw_copper":25,"minecraft:smooth_stone_slab":1,"minecraft:armor_stand":12,"minecraft:experience_bottle":3,"minecraft:zombie_head":5,"minecraft:oak_sign":7,"alexsmobs:emu_feather":4,"minecraft:cobbled_deepslate":57,"minecraft:spruce_planks":6,"minecraft:redstone_torch":1,"minecraft:cobblestone_slab":2,"minecraft:azalea":2,"minecraft:iron_pickaxe":1,"minecraft:coal_block":16,"minecraft:furnace":4,"minecraft:dark_oak_door":1,"minecraft:golden_helmet":8,"minecraft:beehive":1,"minecraft:stick":130,"minecraft:composter":1,"minecraft:oak_fence":3,"minecraft:torch":95,"minecraft:spruce_stairs":5,"minecraft:porkchop":26,"minecraft:cherry_log":133,"minecraft:brown_carpet":3,"minecraft:cactus":16,"minecraft:rotten_flesh":45,"quark:clear_shard":42,"alexsmobs:emu_egg":1,"minecraft:obsidian":12,"minecraft:iron_bars":9,"minecraft:cobblestone":526,"minecraft:enchanting_table":1,"minecraft:pink_petals":17,"minecraft:magma_block":35,"minecraft:leather_chestplate":5,"minecraft:cooked_beef":3,"minecraft:feather":5,"minecraft:lilac":5,"minecraft:cherry_planks":7,"minecraft:andesite":164,"minecraft:brown_wool":1,"minecraft:golden_leggings":8,"minecraft:smoker":1,"minecraft:potato":156,"minecraft:magenta_dye":1,"minecraft:flint":2,"minecraft:tuff":3,"minecraft:lapis_lazuli":118,"minecraft:dirt":440,"minecraft:lantern":30,"minecraft:leather_boots":6,"minecraft:chipped_anvil":1,"minecraft:bone":16,"minecraft:bow":4,"minecraft:stonecutter":4,"spartanweaponry:iron_greatsword":2,"minecraft:wheat_seeds":168,"minecraft:raw_gold":27,"minecraft:grindstone":7,"minecraft:moss_block":1,"minecraft:oak_planks":267,"ironfurnaces:iron_furnace":1,"minecraft:sand":229,"quark:andesite_bricks":1,"minecraft:dark_oak_log":206,"minecraft:barrel":4,"minecraft:bundle":1,"minecraft:iron_hoe":1,"alexsmobs:kangaroo_hide":7,"minecraft:diamond":34,"minecraft:diamond_pickaxe":2,"minecraft:miner_pottery_sherd":1,"minecraft:dark_oak_fence":2,"minecraft:bone_meal":12,"alexsmobs:maggot":1,"minecraft:emerald":3,"minecraft:bread":12,"alexsmobs:banana_slug_slime":2,"minecraft:oak_sapling":80,"minecraft:crafting_table":13,"minecraft:charcoal":5,"minecraft:coarse_dirt":3,"minecraft:allium":1,"minecraft:chicken":2,"minecraft:ladder":7,"minecraft:golden_pickaxe":1,"minecraft:leather_leggings":8,"minecraft:mourner_pottery_sherd":1,"minecraft:infested_cobblestone":18,"usefulbackpacks:backpack_medium":1,"minecraft:stripped_cherry_log":28,"minecraft:red_bed":4,"minecraft:white_carpet":4,"minecraft:blackstone":1915,"minecraft:cyan_carpet":32,"quark:spruce_chest":4,"minecraft:beef":19,"minecraft:oak_boat":4,"minecraft:light_gray_wool":1,"minecraft:poppy":4,"minecraft:spruce_slab":2,"minecraft:lectern":100,"minecraft:sugar_cane":71,"minecraft:birch_sapling":1,"minecraft:egg":4,"minecraft:dark_oak_sapling":32,"minecraft:raw_iron":115,"minecraft:stone":12,"minecraft:oak_door":3,"minecraft:polished_blackstone_bricks":153,"minecraft:skull_pottery_sherd":1,"minecraft:stone_button":2,"minecraft:redstone":107,"minecraft:dark_oak_planks":14,"minecraft:stone_pressure_plate":3,"minecraft:tnt":7,"minecraft:arrow":46,"minecraft:hay_block":34,"minecraft:mutton":7,"alexsmobs:kangaroo_meat":7,"minecraft:white_wool":7,"minecraft:dark_oak_button":3,"artifacts:eternal_steak":1,"minecraft:leather":12,"spartanweaponry:iron_longsword":1,"minecraft:filled_map":1,"minecraft:oak_log":233,"minecraft:gunpowder":7,"minecraft:red_carpet":64,"minecraft:apple":18,"minecraft:stone_bricks":1,"minecraft:rabbit_hide":4,"minecraft:iron_ingot":7,"minecraft:oak_fence_gate":8,"minecraft:stone_pickaxe":2,"minecraft:cobweb":5,"minecraft:iron_sword":2,"minecraft:green_dye":1,"minecraft:book":86,"minecraft:scaffolding":2,"minecraft:oak_slab":41,"minecraft:dark_oak_slab":56,"minecraft:red_wool":3,"minecraft:dandelion":3,"minecraft:gravel":29,"minecraft:prize_pottery_sherd":1,"minecraft:white_bed":12,"quark:oak_chest":3,"minecraft:spider_eye":2,"minecraft:leather_helmet":6,"quark:polished_blackstone_brick_vertical_slab":1,"minecraft:cherry_sapling":80,"minecraft:gray_wool":1,"minecraft:baked_potato":98,"minecraft:damaged_anvil":1,"minecraft:coal":133,"minecraft:hopper":2},"minecraft:broken":{"minecraft:iron_shovel":1,"minecraft:stone_pickaxe":8,"minecraft:stone_axe":4,"minecraft:iron_sword":1,"minecraft:wooden_axe":3,"spartanweaponry:wooden_boomerang":1,"minecraft:stone_shovel":1,"minecraft:iron_hoe":2,"spartanweaponry:iron_katana":1,"minecraft:leather_boots":1,"minecraft:iron_pickaxe":2},"minecraft:dropped":{"minecraft:moss_block":1,"minecraft:baked_potato":42,"minecraft:lantern":1,"minecraft:dark_oak_button":3,"minecraft:leather_helmet":6,"minecraft:dirt":100,"minecraft:red_bed":1,"minecraft:stone_button":2,"minecraft:dark_oak_trapdoor":1,"minecraft:polished_blackstone_bricks":15,"minecraft:iron_pickaxe":3,"minecraft:dark_oak_planks":32,"minecraft:cyan_carpet":1,"minecraft:armor_stand":12,"minecraft:blackstone":771,"alexsmobs:gazelle_horn":1,"alexsmobs:animal_dictionary":1,"minecraft:cobbled_deepslate":1,"minecraft:wheat":1,"minecraft:obsidian":1,"minecraft:rotten_flesh":44,"minecraft:oak_planks":193,"minecraft:beehive":1,"minecraft:white_bed":1,"minecraft:poppy":3,"minecraft:leather_chestplate":6,"minecraft:charcoal":3,"minecraft:azalea":2,"minecraft:leather_boots":5,"minecraft:ladder":2,"minecraft:leather_leggings":8,"minecraft:iron_bars":9,"minecraft:arrow":27,"minecraft:beef":1,"minecraft:scaffolding":2,"minecraft:egg":3,"minecraft:enchanted_book":1,"minecraft:stone_hoe":1,"minecraft:iron_ingot":8,"minecraft:bread":59,"usefulbackpacks:backpack_medium":1,"minecraft:wheat_seeds":10,"minecraft:golden_helmet":2,"minecraft:cherry_log":1,"minecraft:oak_fence":3,"minecraft:feather":1,"minecraft:cobblestone":48,"minecraft:book":3,"minecraft:spruce_stairs":4,"minecraft:stick":2,"spartanweaponry:wooden_boomerang":1,"minecraft:torch":6,"minecraft:green_dye":6,"minecraft:wooden_axe":2,"minecraft:brown_wool":1,"minecraft:cherry_planks":9,"spartanweaponry:iron_greatsword":2,"minecraft:oak_stairs":3,"minecraft:string":1,"minecraft:pink_petals":2,"minecraft:dandelion":3,"alexsmobs:maggot":1,"minecraft:smooth_stone_slab":1,"minecraft:tuff":2,"minecraft:experience_bottle":1,"minecraft:stone_slab":10,"minecraft:oak_sign":3,"minecraft:filled_map":1,"minecraft:potato":21,"minecraft:hay_block":3,"minecraft:shield":1,"minecraft:flower_pot":1,"minecraft:allium":1,"minecraft:bundle":1,"minecraft:diamond_pickaxe":3,"minecraft:andesite":105,"minecraft:golden_leggings":2,"artifacts:eternal_steak":1,"minecraft:redstone_torch":1,"minecraft:stone_pressure_plate":3,"minecraft:spider_eye":2,"minecraft:brown_carpet":3,"minecraft:bow":3,"minecraft:magenta_dye":1,"minecraft:stone_pickaxe":2},"minecraft:custom":{"minecraft:animals_bred":1,"minecraft:interact_with_crafting_table":135,"minecraft:open_barrel":343,"minecraft:eat_cake_slice":10,"minecraft:leave_game":8,"minecraft:time_since_death":620624,"minecraft:sprint_one_cm":2568550,"minecraft:damage_blocked_by_shield":410,"minecraft:drop":553,"minecraft:talked_to_villager":241,"minecraft:play_time":713832,"minecraft:deaths":2,"minecraft:jump":6077,"minecraft:walk_on_water_one_cm":76480,"minecraft:enchant_item":2,"minecraft:interact_with_furnace":137,"minecraft:traded_with_villager":5,"minecraft:sleep_in_bed":20,"minecraft:damage_dealt":24694,"minecraft:crouch_one_cm":65528,"minecraft:interact_with_smithing_table":2,"minecraft:interact_with_smoker":22,"minecraft:inspect_dispenser":1,"minecraft:horse_one_cm":38183,"minecraft:inspect_dropper":1,"minecraft:interact_with_anvil":4,"minecraft:mob_kills":147,"minecraft:inspect_hopper":4,"minecraft:climb_one_cm":92083,"minecraft:walk_one_cm":2198667,"minecraft:sneak_time":20989,"minecraft:walk_under_water_one_cm":24928,"minecraft:boat_one_cm":85080,"minecraft:interact_with_blast_furnace":24,"minecraft:total_world_time":713832,"minecraft:interact_with_stonecutter":16,"minecraft:interact_with_grindstone":2,"minecraft:time_since_rest":72487,"minecraft:damage_taken":6670,"minecraft:swim_one_cm":22466,"minecraft:fly_one_cm":1076976,"minecraft:open_chest":370,"minecraft:fall_one_cm":155993}},"DataVersion":3465}