{"stats":{"minecraft:mined":{"minecraft:spruce_planks":6,"minecraft:white_bed":10,"minecraft:stone_pressure_plate":1,"minecraft:farmland":2,"quark:cherry_chest":2,"minecraft:cherry_log":111,"minecraft:sculk_vein":35,"minecraft:brewing_stand":2,"minecraft:obsidian":12,"minecraft:grass_block":123,"minecraft:coal_block":16,"minecraft:composter":1,"minecraft:hopper":2,"minecraft:oak_wall_sign":4,"minecraft:polished_blackstone_bricks":4,"minecraft:magma_block":38,"minecraft:sculk_catalyst":5,"minecraft:iron_ore":80,"minecraft:barrel":2,"minecraft:cobbled_deepslate":1,"minecraft:fire":7,"minecraft:deepslate_lapis_ore":10,"minecraft:enchanting_table":1,"minecraft:dirt_path":1,"minecraft:oak_stairs":48,"minecraft:iron_bars":8,"minecraft:spruce_slab":2,"minecraft:deepslate_redstone_ore":21,"minecraft:red_bed":3,"minecraft:blackstone":839,"minecraft:smoker":1,"ironfurnaces:iron_furnace":1,"minecraft:torch":23,"minecraft:poppy":1,"minecraft:glass":1,"minecraft:cobblestone":43,"minecraft:grindstone":4,"minecraft:oak_planks":133,"minecraft:sugar_cane":17,"minecraft:damaged_anvil":1,"minecraft:wall_torch":41,"quark:cherry_bookshelf":1,"minecraft:wheat":52,"minecraft:lilac":6,"minecraft:tnt":5,"minecraft:smooth_stone_slab":1,"minecraft:grass":263,"minecraft:oak_log":189,"minecraft:oak_fence_gate":8,"minecraft:sand":164,"minecraft:dirt":211,"minecraft:stonecutter":3,"minecraft:oak_leaves":2,"minecraft:deepslate":56,"minecraft:tuff":3,"minecraft:red_carpet":32,"quark:andesite_bricks":1,"minecraft:deepslate_diamond_ore":20,"minecraft:oak_door":2,"minecraft:stripped_cherry_log":28,"minecraft:ladder":3,"minecraft:decorated_pot":1,"minecraft:spruce_leaves":3,"minecraft:moss_block":1,"minecraft:hay_block":30,"minecraft:furnace":4,"minecraft:andesite":125,"minecraft:bookshelf":26,"minecraft:potatoes":44,"minecraft:cobblestone_slab":2,"minecraft:deepslate_iron_ore":35,"minecraft:lantern":6,"minecraft:stone":382,"minecraft:potted_allium":1,"minecraft:smithing_table":4,"minecraft:oak_slab":33,"minecraft:scaffolding":1,"minecraft:cherry_planks":7,"minecraft:red_wool":3,"quark:oak_chest":1,"minecraft:dandelion":2,"minecraft:oak_fence":3,"minecraft:crafting_table":10,"minecraft:sculk_sensor":15,"minecraft:lectern":100,"minecraft:campfire":2,"minecraft:copper_ore":2,"minecraft:tall_grass":60,"minecraft:lapis_ore":2,"minecraft:deepslate_gold_ore":22,"minecraft:sculk":579,"minecraft:spruce_stairs":3,"minecraft:cactus":14,"minecraft:coarse_dirt":2,"minecraft:beehive":1,"minecraft:redstone_torch":1,"minecraft:white_carpet":4,"minecraft:coal_ore":8,"minecraft:cyan_carpet":17,"minecraft:zombie_head":1,"minecraft:gravel":29,"minecraft:cobweb":5,"minecraft:stone_bricks":1,"minecraft:gold_ore":1,"quark:polished_blackstone_brick_vertical_slab":1},"minecraft:killed":{"minecraft:cave_spider":3,"minecraft:spider":14,"alexsmobs:bald_eagle":1,"minecraft:skeleton":18,"alexsmobs:banana_slug":2,"minecraft:chicken":2,"alexsmobs:kangaroo":5,"minecraft:pig":17,"alexsmobs:grizzly_bear":1,"minecraft:creeper":4,"minecraft:sheep":3,"minecraft:zombie":38,"alexsmobs:maned_wolf":1,"minecraft:cow":11,"minecraft:horse":3,"alexsmobs:blue_jay":1,"minecraft:bat":1,"alexsmobs:emu":3,"alexsmobs:gazelle":2},"minecraft:crafted":{"minecraft:grindstone":1,"minecraft:smooth_stone":3,"minecraft:oak_planks":692,"minecraft:barrel":3,"minecraft:cherry_slab":18,"usefulbackpacks:backpack_small":1,"ironfurnaces:iron_furnace":1,"minecraft:stone":6,"quark:cherry_chest":21,"minecraft:green_dye":0,"minecraft:glass":90,"minecraft:hopper":6,"minecraft:iron_boots":1,"expanded_combat:diamond_quiver":1,"minecraft:stone_hoe":1,"minecraft:magenta_dye":10,"minecraft:oak_fence":33,"spartanweaponry:iron_saber":1,"minecraft:oak_slab":150,"minecraft:cooked_porkchop":10,"minecraft:crafting_table":3,"minecraft:spruce_planks":40,"minecraft:iron_helmet":1,"minecraft:wooden_pickaxe":1,"minecraft:baked_potato":58,"minecraft:red_wool":1,"minecraft:fletching_table":1,"minecraft:gold_block":1,"minecraft:hay_block":4,"minecraft:iron_chestplate":1,"minecraft:diamond_pickaxe":3,"minecraft:shield":2,"minecraft:stick":32,"minecraft:stone_slab":6,"quark:oak_chest":2,"usefulbackpacks:backpack_large":5,"minecraft:iron_ingot":84,"minecraft:iron_pickaxe":2,"minecraft:gold_ingot":19,"minecraft:polished_blackstone_bricks":1,"minecraft:cherry_planks":476,"minecraft:oak_door":6,"minecraft:coal":144,"minecraft:stone_shovel":1,"minecraft:iron_nugget":90,"minecraft:furnace":1,"minecraft:blast_furnace":1,"quark:polished_blackstone_brick_vertical_slab":2,"quark:cherry_bookshelf":17,"minecraft:stone_stairs":4,"minecraft:lantern":11,"minecraft:leather":4,"spartanweaponry:wooden_boomerang":1,"minecraft:iron_hoe":1,"spartanweaponry:diamond_longbow":1,"minecraft:stone_pickaxe":8,"minecraft:cobblestone_wall":6,"usefulbackpacks:backpack_medium":1,"quark:spruce_chest":2,"minecraft:wheat":308,"minecraft:sugar":20,"minecraft:red_dye":1,"minecraft:polished_blackstone_brick_slab":20,"minecraft:enchanting_table":1,"minecraft:magenta_stained_glass":8,"spartanweaponry:handle":4,"minecraft:stone_axe":4,"minecraft:enchanted_book":3,"minecraft:bread":142,"minecraft:air":0,"spartanweaponry:iron_greatsword":1,"minecraft:oak_fence_gate":3,"minecraft:oak_boat":1,"minecraft:oak_stairs":64,"minecraft:wooden_axe":5,"minecraft:iron_shovel":1,"minecraft:cherry_door":3,"minecraft:iron_leggings":1,"minecraft:torch":16},"minecraft:used":{"minecraft:iron_shovel":183,"minecraft:spruce_slab":2,"minecraft:oak_sign":4,"minecraft:shield":14,"minecraft:stone":50,"minecraft:iron_sword":243,"quark:cherry_chest":4,"minecraft:glass":74,"minecraft:lava_bucket":6,"minecraft:lantern":25,"minecraft:stone_bricks":1,"ironfurnaces:iron_furnace":2,"minecraft:furnace":2,"minecraft:egg":1,"minecraft:potato":120,"spartanweaponry:iron_greatsword":73,"minecraft:damaged_anvil":1,"minecraft:oak_planks":409,"minecraft:stone_pickaxe":1008,"minecraft:blackstone":1,"minecraft:cactus":4,"minecraft:wooden_pickaxe":18,"artifacts:eternal_steak":1,"minecraft:composter":1,"minecraft:sugar_cane":17,"minecraft:sand":40,"minecraft:blast_furnace":1,"spartanweaponry:iron_saber":79,"minecraft:zombie_head":2,"minecraft:bread":115,"minecraft:cyan_carpet":31,"minecraft:lectern":99,"spartanweaponry:wooden_boomerang":8,"minecraft:grindstone":5,"minecraft:smithing_table":2,"spartanweaponry:diamond_longbow":20,"minecraft:andesite":15,"quark:polished_blackstone_brick_vertical_slab":1,"minecraft:oak_boat":4,"minecraft:coarse_dirt":2,"minecraft:oak_fence":30,"minecraft:golden_pickaxe":45,"minecraft:cobweb":5,"minecraft:bone_meal":1,"minecraft:experience_bottle":2,"minecraft:polished_blackstone_brick_slab":18,"minecraft:enchanting_table":2,"minecraft:stone_shovel":131,"minecraft:spruce_planks":30,"minecraft:stone_hoe":138,"minecraft:oak_door":6,"minecraft:brewing_stand":2,"minecraft:torch":72,"minecraft:dirt":142,"minecraft:wheat":43,"minecraft:hopper":6,"minecraft:spruce_stairs":1,"minecraft:cobblestone_wall":5,"minecraft:stone_stairs":4,"quark:cherry_bookshelf":17,"minecraft:oak_fence_gate":11,"minecraft:iron_hoe":500,"minecraft:wooden_axe":179,"quark:spruce_chest":2,"minecraft:cherry_slab":12,"minecraft:oak_stairs":110,"minecraft:barrel":5,"quark:andesite_bricks":1,"minecraft:cherry_log":41,"minecraft:wheat_seeds":149,"minecraft:water_bucket":60,"minecraft:bundle":2,"minecraft:cherry_planks":87,"minecraft:fletching_table":1,"minecraft:stonecutter":2,"minecraft:cobblestone_slab":2,"minecraft:polished_blackstone_bricks":110,"minecraft:oak_slab":175,"minecraft:crafting_table":12,"minecraft:red_bed":1,"minecraft:white_bed":9,"spartanweaponry:iron_katana":20,"minecraft:smoker":1,"minecraft:oak_log":16,"minecraft:diamond_pickaxe":53,"minecraft:apple":3,"minecraft:cherry_door":2,"minecraft:iron_pickaxe":665,"alexsmobs:kangaroo_meat":1,"minecraft:stone_axe":234,"minecraft:pink_petals":15,"minecraft:cobblestone":111,"minecraft:cooked_porkchop":10,"minecraft:bucket":67,"quark:oak_chest":3,"alexsmobs:animal_dictionary":4},"minecraft:picked_up":{"minecraft:wheat":51,"minecraft:flower_pot":1,"minecraft:smithing_table":4,"minecraft:stone_slab":5,"minecraft:oak_stairs":49,"minecraft:brewing_stand":2,"alexsmobs:gazelle_horn":1,"spartanweaponry:iron_katana":1,"minecraft:string":19,"minecraft:raw_copper":25,"minecraft:smooth_stone_slab":1,"minecraft:armor_stand":12,"minecraft:experience_bottle":3,"minecraft:zombie_head":2,"minecraft:oak_sign":7,"alexsmobs:emu_feather":4,"minecraft:cobbled_deepslate":57,"minecraft:spruce_planks":6,"minecraft:redstone_torch":1,"minecraft:cobblestone_slab":2,"minecraft:coal_block":16,"minecraft:furnace":4,"minecraft:golden_helmet":8,"minecraft:beehive":1,"minecraft:stick":95,"minecraft:composter":1,"minecraft:oak_fence":3,"minecraft:torch":73,"minecraft:spruce_stairs":5,"minecraft:porkchop":26,"minecraft:cherry_log":133,"minecraft:brown_carpet":3,"minecraft:cactus":14,"minecraft:rotten_flesh":39,"quark:clear_shard":14,"alexsmobs:emu_egg":1,"minecraft:obsidian":12,"minecraft:iron_bars":9,"minecraft:cobblestone":520,"minecraft:enchanting_table":1,"minecraft:pink_petals":17,"minecraft:magma_block":35,"minecraft:leather_chestplate":5,"minecraft:feather":5,"minecraft:lilac":5,"minecraft:cherry_planks":7,"minecraft:andesite":164,"minecraft:brown_wool":1,"minecraft:golden_leggings":8,"minecraft:smoker":1,"minecraft:potato":135,"minecraft:magenta_dye":1,"minecraft:flint":2,"minecraft:tuff":3,"minecraft:lapis_lazuli":118,"minecraft:dirt":397,"minecraft:lantern":15,"minecraft:leather_boots":6,"minecraft:bone":14,"minecraft:bow":4,"minecraft:stonecutter":3,"spartanweaponry:iron_greatsword":2,"minecraft:wheat_seeds":158,"minecraft:raw_gold":27,"minecraft:grindstone":4,"minecraft:moss_block":1,"minecraft:oak_planks":263,"ironfurnaces:iron_furnace":1,"minecraft:sand":165,"quark:andesite_bricks":1,"minecraft:barrel":2,"minecraft:bundle":1,"minecraft:iron_hoe":1,"alexsmobs:kangaroo_hide":7,"minecraft:diamond":34,"minecraft:miner_pottery_sherd":1,"minecraft:bone_meal":12,"minecraft:emerald":3,"minecraft:bread":12,"alexsmobs:banana_slug_slime":2,"minecraft:oak_sapling":63,"minecraft:crafting_table":10,"minecraft:charcoal":5,"minecraft:coarse_dirt":3,"minecraft:allium":1,"minecraft:chicken":2,"minecraft:ladder":4,"minecraft:golden_pickaxe":1,"minecraft:leather_leggings":8,"minecraft:mourner_pottery_sherd":1,"minecraft:infested_cobblestone":18,"usefulbackpacks:backpack_medium":1,"minecraft:stripped_cherry_log":28,"minecraft:red_bed":3,"minecraft:white_carpet":4,"minecraft:blackstone":1633,"minecraft:cyan_carpet":32,"minecraft:beef":19,"minecraft:oak_boat":4,"minecraft:light_gray_wool":1,"minecraft:poppy":4,"minecraft:spruce_slab":2,"minecraft:lectern":100,"minecraft:sugar_cane":37,"minecraft:birch_sapling":1,"minecraft:egg":4,"minecraft:raw_iron":115,"minecraft:stone":12,"minecraft:oak_door":3,"minecraft:polished_blackstone_bricks":4,"minecraft:skull_pottery_sherd":1,"minecraft:stone_button":2,"minecraft:redstone":107,"minecraft:stone_pressure_plate":3,"minecraft:tnt":7,"minecraft:arrow":39,"minecraft:hay_block":34,"minecraft:mutton":7,"alexsmobs:kangaroo_meat":7,"minecraft:white_wool":7,"minecraft:dark_oak_button":3,"artifacts:eternal_steak":1,"minecraft:leather":12,"spartanweaponry:iron_longsword":1,"minecraft:filled_map":1,"minecraft:oak_log":189,"minecraft:gunpowder":5,"minecraft:red_carpet":32,"minecraft:apple":9,"minecraft:stone_bricks":1,"minecraft:rabbit_hide":4,"minecraft:iron_ingot":4,"minecraft:oak_fence_gate":8,"minecraft:stone_pickaxe":1,"minecraft:cobweb":5,"minecraft:iron_sword":2,"minecraft:green_dye":1,"minecraft:book":83,"minecraft:scaffolding":2,"minecraft:oak_slab":41,"minecraft:red_wool":3,"minecraft:dandelion":3,"minecraft:gravel":29,"minecraft:prize_pottery_sherd":1,"minecraft:white_bed":11,"quark:oak_chest":1,"minecraft:spider_eye":2,"minecraft:leather_helmet":6,"quark:polished_blackstone_brick_vertical_slab":1,"minecraft:cherry_sapling":80,"minecraft:gray_wool":1,"minecraft:baked_potato":62,"minecraft:damaged_anvil":1,"minecraft:coal":49,"minecraft:hopper":2},"minecraft:broken":{"minecraft:stone_pickaxe":7,"minecraft:stone_axe":3,"minecraft:iron_sword":1,"minecraft:wooden_axe":3,"spartanweaponry:wooden_boomerang":1,"minecraft:stone_shovel":1,"minecraft:iron_hoe":2,"spartanweaponry:iron_katana":1,"minecraft:leather_boots":1,"minecraft:iron_pickaxe":2},"minecraft:dropped":{"minecraft:lantern":1,"minecraft:dark_oak_button":3,"minecraft:leather_helmet":6,"minecraft:dirt":30,"minecraft:red_bed":1,"minecraft:stone_button":2,"minecraft:polished_blackstone_bricks":13,"minecraft:iron_pickaxe":1,"minecraft:cyan_carpet":1,"minecraft:armor_stand":12,"minecraft:blackstone":771,"alexsmobs:gazelle_horn":1,"minecraft:cobbled_deepslate":1,"minecraft:wheat":1,"minecraft:obsidian":1,"minecraft:rotten_flesh":39,"minecraft:oak_planks":128,"minecraft:beehive":1,"minecraft:white_bed":1,"minecraft:poppy":3,"minecraft:leather_chestplate":5,"minecraft:charcoal":3,"minecraft:leather_boots":5,"minecraft:ladder":2,"minecraft:leather_leggings":8,"minecraft:iron_bars":9,"minecraft:arrow":27,"minecraft:beef":1,"minecraft:scaffolding":2,"minecraft:egg":3,"minecraft:enchanted_book":1,"minecraft:stone_hoe":1,"minecraft:iron_ingot":8,"minecraft:bread":55,"usefulbackpacks:backpack_medium":1,"minecraft:wheat_seeds":9,"minecraft:golden_helmet":1,"minecraft:cherry_log":1,"minecraft:oak_fence":3,"minecraft:feather":1,"minecraft:spruce_stairs":4,"minecraft:stick":2,"spartanweaponry:wooden_boomerang":1,"minecraft:torch":6,"minecraft:green_dye":6,"minecraft:wooden_axe":2,"minecraft:brown_wool":1,"minecraft:cherry_planks":9,"spartanweaponry:iron_greatsword":2,"minecraft:oak_stairs":3,"minecraft:string":1,"minecraft:pink_petals":2,"minecraft:dandelion":3,"minecraft:smooth_stone_slab":1,"minecraft:tuff":2,"minecraft:experience_bottle":1,"minecraft:stone_slab":10,"minecraft:oak_sign":3,"minecraft:filled_map":1,"minecraft:hay_block":3,"minecraft:shield":1,"minecraft:flower_pot":1,"minecraft:allium":1,"minecraft:bundle":1,"minecraft:diamond_pickaxe":1,"minecraft:andesite":105,"minecraft:golden_leggings":1,"artifacts:eternal_steak":1,"minecraft:redstone_torch":1,"minecraft:stone_pressure_plate":3,"minecraft:spider_eye":2,"minecraft:brown_carpet":3,"minecraft:bow":3,"minecraft:magenta_dye":1,"minecraft:stone_pickaxe":1},"minecraft:custom":{"minecraft:animals_bred":1,"minecraft:interact_with_crafting_table":123,"minecraft:open_barrel":234,"minecraft:eat_cake_slice":10,"minecraft:leave_game":8,"minecraft:time_since_death":458624,"minecraft:sprint_one_cm":2103414,"minecraft:damage_blocked_by_shield":410,"minecraft:drop":421,"minecraft:talked_to_villager":231,"minecraft:play_time":551832,"minecraft:deaths":2,"minecraft:jump":4880,"minecraft:walk_on_water_one_cm":68365,"minecraft:interact_with_furnace":120,"minecraft:traded_with_villager":3,"minecraft:sleep_in_bed":14,"minecraft:damage_dealt":21549,"minecraft:crouch_one_cm":35030,"minecraft:interact_with_smoker":14,"minecraft:inspect_dispenser":1,"minecraft:horse_one_cm":38183,"minecraft:inspect_dropper":1,"minecraft:interact_with_anvil":3,"minecraft:mob_kills":133,"minecraft:inspect_hopper":4,"minecraft:climb_one_cm":9790,"minecraft:walk_one_cm":1622122,"minecraft:sneak_time":11312,"minecraft:walk_under_water_one_cm":21859,"minecraft:boat_one_cm":85080,"minecraft:interact_with_blast_furnace":15,"minecraft:total_world_time":551832,"minecraft:interact_with_stonecutter":12,"minecraft:interact_with_grindstone":1,"minecraft:time_since_rest":48986,"minecraft:damage_taken":4932,"minecraft:swim_one_cm":22466,"minecraft:fly_one_cm":923860,"minecraft:open_chest":297,"minecraft:fall_one_cm":123723}},"DataVersion":3465}