{"stats":{"minecraft:picked_up":{"minecraft:coarse_dirt":2,"minecraft:charcoal":3,"minecraft:crafting_table":4,"minecraft:wheat":8,"minecraft:chicken":2,"minecraft:leather_leggings":8,"minecraft:smithing_table":1,"minecraft:mourner_pottery_sherd":1,"minecraft:oak_stairs":41,"minecraft:stripped_cherry_log":28,"minecraft:brewing_stand":2,"minecraft:string":3,"minecraft:white_carpet":4,"minecraft:armor_stand":12,"minecraft:experience_bottle":2,"alexsmobs:emu_feather":2,"minecraft:cobbled_deepslate":1,"minecraft:beef":13,"minecraft:poppy":1,"minecraft:birch_sapling":1,"minecraft:egg":3,"minecraft:furnace":2,"minecraft:raw_iron":19,"minecraft:golden_helmet":8,"minecraft:stick":69,"minecraft:oak_door":3,"minecraft:oak_fence":3,"minecraft:torch":14,"minecraft:porkchop":16,"minecraft:skull_pottery_sherd":1,"minecraft:cherry_log":60,"minecraft:stone_pressure_plate":2,"minecraft:brown_carpet":3,"minecraft:tnt":5,"quark:clear_shard":3,"minecraft:rotten_flesh":2,"minecraft:hay_block":30,"alexsmobs:emu_egg":1,"minecraft:mutton":3,"minecraft:white_wool":1,"alexsmobs:kangaroo_meat":1,"minecraft:cobblestone":56,"minecraft:leather_chestplate":5,"minecraft:feather":4,"minecraft:cherry_planks":7,"minecraft:brown_wool":1,"minecraft:leather":9,"minecraft:golden_leggings":8,"minecraft:smoker":1,"minecraft:oak_log":167,"minecraft:gunpowder":1,"minecraft:dirt":187,"minecraft:lantern":1,"minecraft:leather_boots":6,"minecraft:red_carpet":32,"minecraft:bone":1,"minecraft:apple":9,"minecraft:stonecutter":2,"minecraft:wheat_seeds":10,"minecraft:iron_ingot":4,"minecraft:iron_sword":1,"minecraft:oak_planks":211,"minecraft:book":2,"minecraft:scaffolding":2,"minecraft:oak_slab":37,"minecraft:red_wool":3,"minecraft:dandelion":3,"minecraft:sand":88,"minecraft:prize_pottery_sherd":1,"minecraft:white_bed":3,"minecraft:barrel":2,"minecraft:leather_helmet":6,"minecraft:bundle":1,"alexsmobs:kangaroo_hide":1,"minecraft:miner_pottery_sherd":1,"minecraft:cherry_sapling":37,"minecraft:gray_wool":1,"minecraft:emerald":2,"alexsmobs:banana_slug_slime":2,"minecraft:oak_sapling":63},"minecraft:custom":{"minecraft:inspect_dropper":1,"minecraft:mob_kills":43,"minecraft:interact_with_crafting_table":47,"minecraft:open_barrel":24,"minecraft:eat_cake_slice":7,"minecraft:leave_game":3,"minecraft:time_since_death":55352,"minecraft:climb_one_cm":5369,"minecraft:sprint_one_cm":825753,"minecraft:walk_one_cm":493395,"minecraft:drop":61,"minecraft:talked_to_villager":13,"minecraft:play_time":148560,"minecraft:deaths":2,"minecraft:sneak_time":2110,"minecraft:walk_under_water_one_cm":327,"minecraft:jump":1765,"minecraft:walk_on_water_one_cm":7362,"minecraft:total_world_time":148560,"minecraft:interact_with_furnace":71,"minecraft:sleep_in_bed":10,"minecraft:time_since_rest":539,"minecraft:damage_taken":1869,"minecraft:damage_dealt":6128,"minecraft:swim_one_cm":13277,"minecraft:fly_one_cm":358249,"minecraft:crouch_one_cm":9332,"minecraft:open_chest":95,"minecraft:interact_with_smoker":2,"minecraft:fall_one_cm":51919,"minecraft:inspect_dispenser":1},"minecraft:used":{"minecraft:oak_fence":22,"minecraft:stone_shovel":131,"minecraft:iron_sword":126,"minecraft:oak_door":5,"minecraft:torch":15,"minecraft:brewing_stand":2,"minecraft:dirt":80,"minecraft:glass":67,"minecraft:wooden_axe":61,"minecraft:lava_bucket":3,"minecraft:oak_stairs":99,"minecraft:cherry_slab":12,"minecraft:barrel":5,"minecraft:furnace":2,"minecraft:cherry_log":41,"minecraft:water_bucket":3,"minecraft:bundle":2,"minecraft:stone_pickaxe":85,"minecraft:oak_planks":323,"minecraft:wooden_pickaxe":18,"minecraft:cherry_planks":87,"minecraft:stonecutter":2,"minecraft:sand":1,"minecraft:oak_slab":157,"minecraft:crafting_table":5,"minecraft:white_bed":3,"minecraft:smoker":1,"minecraft:oak_log":16,"minecraft:apple":3,"minecraft:cherry_door":2,"minecraft:bread":41,"alexsmobs:kangaroo_meat":1,"minecraft:stone_axe":201,"minecraft:cobblestone":10,"minecraft:cooked_porkchop":1,"minecraft:smithing_table":1,"minecraft:bucket":6,"quark:oak_chest":2,"alexsmobs:animal_dictionary":4,"minecraft:coarse_dirt":2,"minecraft:experience_bottle":1},"minecraft:mined":{"minecraft:red_carpet":32,"minecraft:white_bed":3,"minecraft:oak_door":1,"minecraft:cherry_log":59,"minecraft:stripped_cherry_log":28,"minecraft:brewing_stand":2,"minecraft:grass_block":91,"minecraft:decorated_pot":1,"minecraft:spruce_leaves":1,"minecraft:hay_block":30,"minecraft:furnace":2,"minecraft:fire":6,"minecraft:cobbled_deepslate":1,"minecraft:iron_ore":19,"minecraft:barrel":2,"minecraft:dirt_path":1,"minecraft:oak_stairs":41,"minecraft:stone":29,"minecraft:smithing_table":1,"minecraft:oak_slab":31,"minecraft:scaffolding":1,"minecraft:red_wool":3,"minecraft:cherry_planks":7,"minecraft:smoker":1,"minecraft:dandelion":2,"minecraft:oak_fence":3,"minecraft:crafting_table":4,"minecraft:torch":7,"minecraft:poppy":1,"minecraft:campfire":1,"minecraft:glass":1,"minecraft:tall_grass":31,"minecraft:cobblestone":34,"minecraft:oak_planks":83,"minecraft:wall_torch":8,"minecraft:coarse_dirt":2,"minecraft:white_carpet":4,"minecraft:tnt":5,"minecraft:grass":100,"minecraft:oak_log":175,"minecraft:sand":87,"minecraft:dirt":67,"minecraft:stonecutter":2,"minecraft:oak_leaves":1},"minecraft:dropped":{"minecraft:bread":14,"minecraft:cherry_log":1,"minecraft:lantern":1,"minecraft:leather_helmet":6,"minecraft:wooden_axe":2,"minecraft:brown_wool":1,"minecraft:string":1,"minecraft:dandelion":1,"minecraft:armor_stand":12,"minecraft:wheat":1,"minecraft:experience_bottle":1,"minecraft:rotten_flesh":2,"minecraft:oak_planks":128,"minecraft:leather_chestplate":4,"minecraft:bundle":1,"minecraft:charcoal":1,"minecraft:leather_boots":5,"minecraft:stone_pressure_plate":2,"minecraft:leather_leggings":8,"minecraft:brown_carpet":3,"minecraft:beef":1,"minecraft:scaffolding":2,"minecraft:egg":3},"minecraft:broken":{"minecraft:stone_axe":2,"minecraft:wooden_axe":1,"minecraft:stone_shovel":1},"minecraft:killed":{"minecraft:spider":4,"alexsmobs:bald_eagle":1,"minecraft:horse":3,"minecraft:skeleton":1,"alexsmobs:banana_slug":2,"alexsmobs:blue_jay":1,"minecraft:chicken":2,"alexsmobs:kangaroo":1,"minecraft:pig":10,"alexsmobs:grizzly_bear":1,"minecraft:creeper":1,"alexsmobs:emu":2,"minecraft:sheep":1,"minecraft:zombie":3,"alexsmobs:gazelle":1,"alexsmobs:maned_wolf":1,"minecraft:cow":7},"minecraft:crafted":{"minecraft:cherry_planks":184,"minecraft:oak_door":3,"minecraft:oak_planks":604,"minecraft:stone_shovel":1,"minecraft:barrel":3,"minecraft:cherry_slab":18,"minecraft:furnace":1,"usefulbackpacks:backpack_small":1,"minecraft:glass":87,"minecraft:stone_pickaxe":1,"minecraft:oak_fence":24,"spartanweaponry:iron_saber":1,"minecraft:wheat":299,"minecraft:red_dye":1,"minecraft:oak_slab":150,"minecraft:cooked_porkchop":10,"minecraft:crafting_table":2,"minecraft:wooden_pickaxe":1,"spartanweaponry:handle":4,"minecraft:red_wool":1,"minecraft:hay_block":4,"minecraft:stone_axe":3,"minecraft:bread":139,"minecraft:air":0,"quark:oak_chest":2,"minecraft:iron_ingot":20,"minecraft:wooden_axe":3,"minecraft:oak_stairs":60,"minecraft:cherry_door":3}},"DataVersion":3465}