{"stats":{"minecraft:picked_up":{"minecraft:coarse_dirt":2,"minecraft:charcoal":3,"minecraft:crafting_table":4,"minecraft:wheat":8,"minecraft:chicken":2,"minecraft:golden_pickaxe":1,"minecraft:leather_leggings":8,"minecraft:smithing_table":1,"minecraft:mourner_pottery_sherd":1,"minecraft:oak_stairs":41,"minecraft:infested_cobblestone":18,"minecraft:stripped_cherry_log":28,"minecraft:brewing_stand":2,"minecraft:string":8,"minecraft:raw_copper":13,"minecraft:zombie_head":2,"minecraft:blackstone":899,"minecraft:white_carpet":4,"minecraft:armor_stand":12,"minecraft:experience_bottle":2,"alexsmobs:emu_feather":2,"minecraft:cobbled_deepslate":56,"minecraft:beef":13,"minecraft:poppy":1,"minecraft:birch_sapling":1,"minecraft:egg":3,"minecraft:furnace":3,"minecraft:raw_iron":73,"minecraft:golden_helmet":8,"minecraft:stick":69,"minecraft:oak_door":3,"minecraft:oak_fence":3,"minecraft:torch":27,"minecraft:porkchop":17,"minecraft:skull_pottery_sherd":1,"minecraft:cherry_log":60,"minecraft:redstone":94,"minecraft:stone_pressure_plate":2,"minecraft:brown_carpet":3,"minecraft:tnt":7,"minecraft:arrow":31,"quark:clear_shard":3,"minecraft:rotten_flesh":12,"minecraft:hay_block":30,"alexsmobs:emu_egg":1,"minecraft:obsidian":12,"minecraft:mutton":3,"minecraft:white_wool":1,"alexsmobs:kangaroo_meat":1,"minecraft:cobblestone":139,"minecraft:magma_block":35,"minecraft:leather_chestplate":5,"minecraft:feather":4,"minecraft:cherry_planks":7,"minecraft:andesite":110,"minecraft:brown_wool":1,"minecraft:leather":9,"minecraft:golden_leggings":8,"minecraft:smoker":1,"minecraft:flint":2,"minecraft:tuff":1,"minecraft:oak_log":167,"minecraft:gunpowder":1,"minecraft:lapis_lazuli":118,"minecraft:dirt":210,"minecraft:lantern":4,"minecraft:leather_boots":6,"minecraft:red_carpet":32,"minecraft:bone":2,"minecraft:apple":9,"minecraft:stonecutter":2,"minecraft:wheat_seeds":16,"minecraft:rabbit_hide":4,"minecraft:raw_gold":10,"minecraft:stone_pickaxe":1,"minecraft:iron_ingot":4,"minecraft:cobweb":5,"minecraft:iron_sword":1,"minecraft:oak_planks":211,"minecraft:book":2,"minecraft:scaffolding":2,"minecraft:oak_slab":41,"minecraft:red_wool":3,"minecraft:dandelion":3,"minecraft:gravel":28,"minecraft:sand":88,"quark:andesite_bricks":1,"minecraft:prize_pottery_sherd":1,"quark:oak_chest":1,"minecraft:white_bed":3,"minecraft:spider_eye":1,"minecraft:barrel":2,"minecraft:leather_helmet":6,"minecraft:bundle":1,"alexsmobs:kangaroo_hide":1,"minecraft:diamond":24,"quark:polished_blackstone_brick_vertical_slab":1,"minecraft:miner_pottery_sherd":1,"minecraft:cherry_sapling":37,"minecraft:gray_wool":1,"minecraft:emerald":2,"alexsmobs:banana_slug_slime":2,"minecraft:oak_sapling":63,"minecraft:coal":29},"minecraft:custom":{"minecraft:inspect_dropper":1,"minecraft:mob_kills":56,"minecraft:interact_with_crafting_table":64,"minecraft:open_barrel":102,"minecraft:eat_cake_slice":7,"minecraft:leave_game":3,"minecraft:time_since_death":121352,"minecraft:climb_one_cm":5369,"minecraft:sprint_one_cm":987000,"minecraft:damage_blocked_by_shield":285,"minecraft:walk_one_cm":644587,"minecraft:drop":229,"minecraft:talked_to_villager":13,"minecraft:play_time":214560,"minecraft:deaths":2,"minecraft:sneak_time":4340,"minecraft:walk_under_water_one_cm":4153,"minecraft:jump":2252,"minecraft:interact_with_blast_furnace":7,"minecraft:walk_on_water_one_cm":10954,"minecraft:total_world_time":214560,"minecraft:interact_with_furnace":79,"minecraft:interact_with_stonecutter":5,"minecraft:sleep_in_bed":10,"minecraft:time_since_rest":66539,"minecraft:damage_taken":2418,"minecraft:damage_dealt":8732,"minecraft:swim_one_cm":13756,"minecraft:fly_one_cm":428034,"minecraft:crouch_one_cm":14018,"minecraft:open_chest":139,"minecraft:interact_with_smoker":8,"minecraft:fall_one_cm":57193,"minecraft:inspect_dispenser":1},"minecraft:used":{"quark:polished_blackstone_brick_vertical_slab":1,"minecraft:oak_fence":22,"minecraft:stone_shovel":131,"minecraft:shield":11,"minecraft:iron_sword":191,"minecraft:oak_door":5,"minecraft:torch":22,"minecraft:brewing_stand":2,"minecraft:dirt":85,"minecraft:glass":67,"minecraft:wooden_axe":61,"minecraft:lava_bucket":6,"minecraft:lantern":11,"quark:spruce_chest":2,"minecraft:oak_stairs":99,"minecraft:cherry_slab":12,"minecraft:barrel":5,"quark:andesite_bricks":1,"minecraft:furnace":2,"minecraft:cherry_log":41,"minecraft:water_bucket":19,"minecraft:bundle":2,"minecraft:stone_pickaxe":535,"minecraft:oak_planks":323,"minecraft:wooden_pickaxe":18,"minecraft:cherry_planks":87,"minecraft:stonecutter":2,"minecraft:sand":1,"minecraft:oak_slab":165,"minecraft:crafting_table":5,"minecraft:blast_furnace":1,"minecraft:white_bed":3,"minecraft:smoker":1,"minecraft:oak_log":16,"minecraft:diamond_pickaxe":13,"minecraft:apple":3,"minecraft:cherry_door":2,"minecraft:zombie_head":2,"minecraft:bread":41,"minecraft:iron_pickaxe":12,"alexsmobs:kangaroo_meat":1,"minecraft:stone_axe":201,"minecraft:cobblestone":41,"minecraft:cooked_porkchop":8,"minecraft:smithing_table":1,"minecraft:bucket":26,"quark:oak_chest":3,"alexsmobs:animal_dictionary":4,"minecraft:coarse_dirt":2,"minecraft:cobweb":5,"minecraft:golden_pickaxe":45,"minecraft:experience_bottle":1},"minecraft:mined":{"minecraft:tuff":1,"minecraft:red_carpet":32,"quark:andesite_bricks":1,"minecraft:white_bed":3,"minecraft:deepslate_diamond_ore":10,"minecraft:oak_door":1,"minecraft:cherry_log":59,"minecraft:stripped_cherry_log":28,"minecraft:brewing_stand":2,"minecraft:obsidian":12,"minecraft:grass_block":106,"minecraft:decorated_pot":1,"minecraft:spruce_leaves":1,"minecraft:hay_block":30,"minecraft:magma_block":38,"minecraft:furnace":3,"minecraft:fire":7,"minecraft:cobbled_deepslate":1,"minecraft:iron_ore":59,"minecraft:barrel":2,"minecraft:andesite":110,"minecraft:deepslate_lapis_ore":10,"minecraft:deepslate_iron_ore":14,"minecraft:dirt_path":1,"minecraft:oak_stairs":41,"minecraft:lantern":3,"minecraft:stone":109,"minecraft:smithing_table":1,"minecraft:deepslate_redstone_ore":18,"minecraft:oak_slab":33,"minecraft:scaffolding":1,"minecraft:red_wool":3,"minecraft:cherry_planks":7,"minecraft:blackstone":105,"quark:oak_chest":1,"minecraft:smoker":1,"minecraft:dandelion":2,"minecraft:oak_fence":3,"minecraft:crafting_table":4,"minecraft:torch":9,"minecraft:poppy":1,"minecraft:campfire":1,"minecraft:copper_ore":2,"minecraft:glass":1,"minecraft:tall_grass":36,"minecraft:cobblestone":38,"minecraft:deepslate_gold_ore":5,"minecraft:lapis_ore":2,"minecraft:oak_planks":83,"minecraft:wall_torch":13,"minecraft:coarse_dirt":2,"minecraft:white_carpet":4,"minecraft:tnt":5,"minecraft:grass":130,"minecraft:oak_log":175,"minecraft:zombie_head":1,"minecraft:gravel":29,"minecraft:sand":87,"minecraft:dirt":82,"minecraft:cobweb":5,"minecraft:stonecutter":2,"quark:polished_blackstone_brick_vertical_slab":1,"minecraft:gold_ore":1,"minecraft:deepslate":55,"minecraft:oak_leaves":1},"minecraft:dropped":{"minecraft:bread":14,"minecraft:golden_helmet":1,"minecraft:wheat_seeds":8,"minecraft:cherry_log":1,"minecraft:lantern":1,"minecraft:leather_helmet":6,"minecraft:dirt":9,"minecraft:torch":6,"minecraft:wooden_axe":2,"minecraft:brown_wool":1,"minecraft:string":1,"minecraft:dandelion":3,"minecraft:armor_stand":12,"minecraft:blackstone":771,"minecraft:wheat":1,"minecraft:experience_bottle":1,"minecraft:rotten_flesh":12,"minecraft:oak_planks":128,"minecraft:leather_chestplate":5,"minecraft:bundle":1,"minecraft:charcoal":1,"minecraft:andesite":66,"minecraft:golden_leggings":1,"minecraft:leather_boots":5,"minecraft:stone_pressure_plate":2,"minecraft:leather_leggings":8,"minecraft:spider_eye":1,"minecraft:brown_carpet":3,"minecraft:arrow":27,"minecraft:stone_pickaxe":1,"minecraft:beef":1,"minecraft:scaffolding":2,"minecraft:egg":3},"minecraft:broken":{"minecraft:stone_pickaxe":4,"minecraft:leather_boots":1,"minecraft:stone_axe":2,"minecraft:wooden_axe":1,"minecraft:stone_shovel":1},"minecraft:killed":{"minecraft:cave_spider":3,"minecraft:spider":4,"alexsmobs:bald_eagle":1,"minecraft:horse":3,"minecraft:skeleton":4,"alexsmobs:banana_slug":2,"alexsmobs:blue_jay":1,"minecraft:chicken":2,"alexsmobs:kangaroo":1,"minecraft:pig":11,"alexsmobs:grizzly_bear":1,"minecraft:creeper":1,"alexsmobs:emu":2,"minecraft:sheep":1,"minecraft:zombie":9,"alexsmobs:gazelle":1,"alexsmobs:maned_wolf":1,"minecraft:cow":7},"minecraft:crafted":{"minecraft:cherry_planks":184,"minecraft:oak_door":3,"minecraft:smooth_stone":3,"minecraft:oak_planks":604,"minecraft:stone_shovel":1,"minecraft:barrel":3,"minecraft:iron_nugget":90,"minecraft:cherry_slab":18,"minecraft:furnace":1,"usefulbackpacks:backpack_small":1,"minecraft:blast_furnace":1,"minecraft:stone":3,"quark:polished_blackstone_brick_vertical_slab":2,"minecraft:lantern":11,"minecraft:glass":87,"minecraft:iron_boots":1,"spartanweaponry:diamond_longbow":1,"minecraft:stone_pickaxe":4,"quark:spruce_chest":2,"minecraft:oak_fence":24,"spartanweaponry:iron_saber":1,"minecraft:wheat":299,"minecraft:red_dye":1,"minecraft:oak_slab":150,"minecraft:polished_blackstone_brick_slab":2,"minecraft:cooked_porkchop":10,"minecraft:crafting_table":2,"minecraft:enchanting_table":1,"minecraft:spruce_planks":40,"minecraft:iron_helmet":1,"minecraft:wooden_pickaxe":1,"minecraft:baked_potato":21,"spartanweaponry:handle":4,"minecraft:red_wool":1,"minecraft:hay_block":4,"minecraft:stone_axe":3,"minecraft:bread":139,"minecraft:air":0,"minecraft:iron_chestplate":1,"minecraft:diamond_pickaxe":1,"minecraft:shield":1,"quark:oak_chest":2,"minecraft:iron_pickaxe":1,"minecraft:iron_ingot":74,"minecraft:wooden_axe":3,"minecraft:oak_stairs":60,"minecraft:cherry_door":3,"minecraft:iron_leggings":1,"minecraft:polished_blackstone_bricks":1,"minecraft:torch":16}},"DataVersion":3465}