{"stats":{"minecraft:crafted":{"minecraft:wooden_sword":1,"minecraft:oak_planks":140,"minecraft:wooden_shovel":1,"minecraft:crafting_table":1,"minecraft:stick":8,"minecraft:wooden_pickaxe":1,"minecraft:wooden_axe":1,"minecraft:torch":8},"minecraft:custom":{"minecraft:time_since_rest":24729,"minecraft:sprint_one_cm":95742,"minecraft:damage_taken":186,"minecraft:walk_one_cm":75112,"minecraft:mob_kills":15,"minecraft:drop":12,"minecraft:damage_dealt":1288,"minecraft:swim_one_cm":3469,"minecraft:interact_with_crafting_table":3,"minecraft:fly_one_cm":59276,"minecraft:open_chest":1,"minecraft:crouch_one_cm":929,"minecraft:play_time":24729,"minecraft:sneak_time":459,"minecraft:walk_under_water_one_cm":2865,"minecraft:jump":390,"minecraft:leave_game":3,"minecraft:walk_on_water_one_cm":957,"minecraft:time_since_death":24729,"minecraft:total_world_time":24729,"minecraft:fall_one_cm":5515},"minecraft:used":{"minecraft:wooden_axe":9,"minecraft:apple":2,"minecraft:bread":4,"minecraft:oak_planks":2,"minecraft:wooden_pickaxe":27,"minecraft:wooden_shovel":36,"minecraft:torch":4,"minecraft:wooden_sword":41,"minecraft:sweet_berries":1,"minecraft:crafting_table":2},"minecraft:mined":{"minecraft:large_fern":1,"minecraft:coarse_dirt":1,"minecraft:sweet_berry_bush":4,"minecraft:spruce_log":3,"minecraft:orange_tulip":1,"minecraft:crafting_table":2,"minecraft:torch":2,"minecraft:grass":1,"minecraft:coal_ore":3,"minecraft:grass_block":2,"minecraft:oak_log":35,"minecraft:chest":1,"minecraft:dirt":3,"minecraft:gravel":53,"minecraft:tall_grass":4,"minecraft:deepslate_coal_ore":5,"minecraft:stone":19,"minecraft:oak_planks":2,"minecraft:redstone_wall_torch":2,"minecraft:oak_leaves":1,"minecraft:fern":2},"minecraft:dropped":{"minecraft:bread":6,"minecraft:wheat_seeds":3,"minecraft:torch":8,"minecraft:rotten_flesh":19},"minecraft:picked_up":{"minecraft:chicken":4,"minecraft:coarse_dirt":1,"minecraft:stick":1,"minecraft:crafting_table":2,"minecraft:feather":6,"minecraft:sweet_berries":1,"minecraft:leather":2,"minecraft:torch":10,"minecraft:gravel":45,"minecraft:flint":6,"minecraft:oak_log":35,"minecraft:spruce_log":3,"minecraft:dirt":5,"minecraft:rotten_flesh":19,"minecraft:apple":2,"minecraft:orange_tulip":1,"minecraft:wheat_seeds":3,"minecraft:beef":3,"minecraft:redstone_torch":2,"minecraft:light_gray_wool":1,"minecraft:oak_planks":2,"minecraft:oak_sapling":6,"minecraft:chest":1,"minecraft:mutton":5,"minecraft:coal":8,"minecraft:white_wool":3,"minecraft:cobblestone":22},"minecraft:killed":{"minecraft:sheep":4,"minecraft:chicken":4,"alexsmobs:raccoon":3,"alexsmobs:seagull":1,"minecraft:cow":2}},"DataVersion":3465}