{"stats":{"minecraft:mined":{"minecraft:dark_oak_planks":10,"minecraft:spruce_planks":6,"minecraft:white_bed":12,"minecraft:stone_pressure_plate":1,"minecraft:farmland":2,"quark:cherry_chest":2,"minecraft:cherry_log":111,"minecraft:sculk_vein":35,"minecraft:brewing_stand":4,"minecraft:obsidian":17,"minecraft:grass_block":253,"minecraft:coal_block":16,"minecraft:composter":1,"minecraft:hopper":5,"minecraft:oak_wall_sign":7,"ironchest:copper_chest":1,"minecraft:polished_blackstone_bricks":150,"ironchest:crystal_chest":4,"minecraft:magma_block":38,"minecraft:sculk_catalyst":5,"ironfurnaces:gold_furnace":5,"minecraft:dark_oak_trapdoor":13,"minecraft:iron_ore":81,"minecraft:barrel":6,"minecraft:fire":19,"minecraft:cobbled_deepslate":1,"minecraft:fletching_table":1,"minecraft:deepslate_lapis_ore":10,"minecraft:enchanting_table":1,"minecraft:twisting_vines":1,"minecraft:dirt_path":1,"minecraft:spruce_pressure_plate":2,"minecraft:oak_stairs":48,"minecraft:iron_bars":8,"minecraft:spruce_slab":3,"minecraft:deepslate_redstone_ore":34,"minecraft:red_bed":3,"minecraft:blackstone":991,"minecraft:smoker":1,"ironfurnaces:iron_furnace":2,"minecraft:torch":41,"minecraft:blast_furnace":1,"minecraft:poppy":1,"minecraft:chest":1,"minecraft:glass":3,"minecraft:nether_quartz_ore":35,"minecraft:cobblestone":128,"ironfurnaces:emerald_furnace":1,"minecraft:damaged_anvil":1,"minecraft:oak_planks":134,"minecraft:grindstone":7,"minecraft:sugar_cane":34,"minecraft:wall_torch":74,"minecraft:dark_oak_slab":55,"quark:cherry_bookshelf":1,"minecraft:wheat":54,"minecraft:lilac":6,"ironchest:diamond_chest":1,"minecraft:tnt":5,"minecraft:smooth_stone_slab":1,"minecraft:grass":470,"alexscaves:spelunkery_table":1,"minecraft:oak_log":318,"minecraft:oak_fence_gate":8,"minecraft:sand":245,"minecraft:dirt":476,"minecraft:smooth_basalt":2,"minecraft:zombie_wall_head":1,"minecraft:stonecutter":4,"minecraft:netherrack":1000,"minecraft:oak_leaves":5,"minecraft:deepslate":56,"minecraft:nether_gold_ore":2,"minecraft:tuff":3,"minecraft:red_carpet":59,"quark:andesite_bricks":1,"minecraft:deepslate_diamond_ore":22,"minecraft:oak_door":2,"minecraft:dark_oak_log":204,"minecraft:stripped_cherry_log":28,"minecraft:ladder":5,"minecraft:dark_oak_fence":2,"minecraft:decorated_pot":1,"minecraft:spruce_leaves":3,"minecraft:moss_block":1,"minecraft:hay_block":30,"minecraft:oak_trapdoor":2,"minecraft:furnace":4,"minecraft:carrots":9,"minecraft:andesite":189,"minecraft:bookshelf":27,"minecraft:potatoes":44,"minecraft:deepslate_iron_ore":38,"minecraft:cobblestone_slab":2,"minecraft:lantern":19,"ironchest:iron_chest":1,"minecraft:stripped_oak_log":9,"minecraft:stone":518,"minecraft:potted_allium":1,"minecraft:smithing_table":6,"minecraft:oak_slab":33,"minecraft:scaffolding":1,"minecraft:cherry_planks":7,"minecraft:red_wool":3,"quark:oak_chest":4,"minecraft:basalt":1,"minecraft:dandelion":2,"minecraft:oak_fence":3,"minecraft:crafting_table":14,"minecraft:sculk_sensor":15,"minecraft:campfire":2,"minecraft:lectern":106,"minecraft:stone_slab":1,"minecraft:copper_ore":2,"minecraft:tall_grass":108,"minecraft:lapis_ore":2,"minecraft:deepslate_gold_ore":22,"minecraft:sculk":579,"minecraft:spruce_stairs":4,"minecraft:cactus":15,"minecraft:coarse_dirt":2,"minecraft:cobblestone_wall":1,"minecraft:beehive":1,"minecraft:redstone_torch":1,"minecraft:white_carpet":4,"minecraft:coal_ore":91,"minecraft:cyan_carpet":17,"quark:spruce_chest":4,"minecraft:zombie_head":3,"minecraft:gravel":34,"minecraft:cobweb":92,"minecraft:stone_bricks":1,"minecraft:gold_ore":1,"minecraft:chipped_anvil":1,"quark:polished_blackstone_brick_vertical_slab":1,"minecraft:fern":1},"minecraft:killed":{"minecraft:cave_spider":233,"minecraft:spider":15,"alexsmobs:bald_eagle":1,"minecraft:skeleton":24,"alexsmobs:banana_slug":2,"minecraft:chicken":2,"alexsmobs:straddler":1,"alexsmobs:kangaroo":5,"minecraft:wolf":1,"minecraft:pig":17,"alexsmobs:grizzly_bear":3,"minecraft:iron_golem":1,"minecraft:creeper":6,"minecraft:sheep":3,"minecraft:trader_llama":1,"minecraft:zombie":67,"alexsmobs:maned_wolf":1,"minecraft:cow":23,"minecraft:horse":3,"alexsmobs:blue_jay":1,"alexsmobs:bison":4,"minecraft:drowned":1,"minecraft:bat":1,"alexsmobs:emu":3,"alexsmobs:cockroach":1,"alexsmobs:gazelle":5,"minecraft:wither_skeleton":2},"minecraft:crafted":{"minecraft:grindstone":1,"minecraft:smooth_stone":3,"minecraft:oak_planks":1139,"minecraft:barrel":7,"minecraft:dark_oak_pressure_plate":1,"expanded_combat:diamond_dancer_s_sword":1,"minecraft:cherry_slab":18,"usefulbackpacks:backpack_small":2,"ironfurnaces:iron_furnace":1,"minecraft:stone":6,"quark:cherry_chest":21,"minecraft:cooked_mutton":7,"ironchest:crystal_chest":2,"minecraft:green_dye":0,"minecraft:glass":96,"minecraft:dark_oak_door":3,"minecraft:quartz_block":17,"minecraft:hopper":6,"minecraft:iron_boots":2,"expanded_combat:diamond_quiver":1,"minecraft:chest":10,"minecraft:stone_hoe":1,"minecraft:magenta_dye":10,"minecraft:oak_fence":33,"spartanweaponry:iron_saber":1,"minecraft:glass_bottle":3,"minecraft:emerald":17,"minecraft:oak_slab":162,"minecraft:cooked_porkchop":18,"minecraft:crafting_table":8,"minecraft:spruce_planks":40,"minecraft:iron_helmet":2,"minecraft:wooden_pickaxe":1,"minecraft:baked_potato":74,"minecraft:red_wool":1,"minecraft:copper_ingot":0,"minecraft:gold_block":1,"minecraft:fletching_table":1,"minecraft:hay_block":4,"spartanweaponry:iron_rapier":1,"ironchest:diamond_chest":2,"minecraft:dark_oak_slab":78,"minecraft:iron_chestplate":2,"minecraft:diamond_pickaxe":3,"minecraft:shield":2,"minecraft:stone_slab":12,"minecraft:stick":468,"quark:oak_chest":2,"usefulbackpacks:backpack_large":6,"minecraft:iron_ingot":136,"minecraft:iron_pickaxe":3,"minecraft:gold_ingot":22,"minecraft:polished_blackstone_bricks":1,"minecraft:cherry_planks":476,"minecraft:oak_door":6,"minecraft:stone_shovel":1,"minecraft:coal":144,"minecraft:iron_nugget":270,"minecraft:furnace":1,"minecraft:blast_furnace":1,"minecraft:dark_oak_trapdoor":10,"quark:polished_blackstone_brick_vertical_slab":2,"quark:cherry_bookshelf":17,"minecraft:oak_trapdoor":6,"minecraft:stone_stairs":4,"minecraft:lantern":33,"minecraft:dark_oak_fence":3,"minecraft:leather":4,"spartanweaponry:wooden_boomerang":1,"minecraft:iron_axe":1,"minecraft:ladder":16,"spartanweaponry:diamond_longbow":2,"minecraft:iron_hoe":1,"minecraft:stone_pickaxe":8,"minecraft:cobblestone_wall":12,"usefulbackpacks:backpack_medium":2,"quark:spruce_chest":2,"minecraft:dark_oak_planks":453,"minecraft:wheat":308,"minecraft:cooked_beef":10,"minecraft:sugar":52,"minecraft:red_dye":1,"ironchest:gold_chest":2,"minecraft:diamond_sword":2,"minecraft:polished_blackstone_brick_slab":20,"minecraft:dark_oak_stairs":20,"minecraft:enchanting_table":1,"alexsmobs:cooked_kangaroo_meat":6,"minecraft:magenta_stained_glass":8,"spartanweaponry:handle":4,"ironchest:copper_chest":2,"minecraft:stone_axe":4,"minecraft:enchanted_book":4,"minecraft:bread":161,"minecraft:air":0,"spartanweaponry:iron_greatsword":1,"minecraft:oak_fence_gate":3,"minecraft:oak_boat":1,"minecraft:white_wool":60,"expanded_combat:gold_stick":4,"minecraft:brown_wool":1,"minecraft:oak_stairs":64,"minecraft:wooden_axe":5,"minecraft:iron_shovel":1,"minecraft:cherry_door":3,"minecraft:iron_leggings":2,"minecraft:white_bed":3,"minecraft:torch":44,"ironchest:iron_chest":2},"minecraft:used":{"alexsmobs:emu_egg":1,"expanded_combat:diamond_dancer_s_sword":419,"minecraft:iron_shovel":437,"minecraft:spruce_slab":2,"minecraft:oak_sign":9,"minecraft:ladder":21,"minecraft:shield":14,"minecraft:chest":9,"minecraft:stone":50,"minecraft:iron_sword":493,"quark:cherry_chest":4,"minecraft:carrot":45,"ironchest:iron_chest":1,"minecraft:obsidian":2,"minecraft:glass":151,"minecraft:lava_bucket":9,"minecraft:lantern":58,"minecraft:dark_oak_slab":58,"minecraft:stone_bricks":1,"ironfurnaces:iron_furnace":3,"minecraft:red_carpet":38,"minecraft:furnace":2,"minecraft:egg":1,"minecraft:potato":120,"spartanweaponry:iron_greatsword":133,"minecraft:damaged_anvil":1,"minecraft:oak_planks":436,"minecraft:stone_pickaxe":1060,"minecraft:cactus":8,"minecraft:blackstone":144,"minecraft:wooden_pickaxe":18,"artifacts:eternal_steak":1,"minecraft:composter":1,"minecraft:sugar_cane":19,"minecraft:dark_oak_trapdoor":23,"minecraft:sand":45,"alexscaves:cave_book":2,"ironchest:copper_chest":1,"minecraft:blast_furnace":1,"minecraft:dark_oak_log":102,"spartanweaponry:iron_saber":246,"minecraft:zombie_head":5,"minecraft:bread":132,"minecraft:cyan_carpet":31,"minecraft:lectern":107,"spartanweaponry:wooden_boomerang":8,"minecraft:oak_trapdoor":8,"spartanweaponry:diamond_longbow":27,"quark:polished_blackstone_brick_vertical_slab":1,"ironfurnaces:gold_furnace":4,"minecraft:andesite":15,"minecraft:oak_fence":30,"minecraft:cobweb":5,"minecraft:coarse_dirt":2,"minecraft:golden_pickaxe":45,"minecraft:dark_oak_fence":2,"minecraft:grindstone":8,"minecraft:oak_boat":4,"minecraft:smithing_table":6,"minecraft:bone_meal":1,"minecraft:experience_bottle":2,"ironchest:crystal_chest":6,"minecraft:polished_blackstone_brick_slab":18,"minecraft:enchanting_table":2,"minecraft:stone_shovel":131,"minecraft:spruce_planks":30,"minecraft:stone_hoe":138,"minecraft:netherrack":225,"minecraft:oak_door":6,"minecraft:torch":143,"minecraft:brewing_stand":4,"minecraft:dirt":254,"ironchest:diamond_chest":1,"minecraft:wheat":46,"minecraft:hopper":9,"minecraft:spruce_stairs":1,"minecraft:cobblestone_wall":9,"minecraft:stone_stairs":4,"quark:cherry_bookshelf":17,"minecraft:oak_fence_gate":11,"minecraft:iron_hoe":500,"minecraft:dark_oak_planks":240,"minecraft:wooden_axe":179,"minecraft:chipped_anvil":1,"quark:spruce_chest":4,"minecraft:cherry_slab":12,"minecraft:iron_axe":200,"minecraft:oak_stairs":110,"spartanweaponry:iron_rapier":72,"minecraft:barrel":12,"alexscaves:spelunkery_table":1,"quark:andesite_bricks":1,"minecraft:iron_trapdoor":3,"minecraft:cooked_beef":6,"minecraft:cherry_log":41,"minecraft:wheat_seeds":158,"minecraft:water_bucket":109,"minecraft:glass_bottle":3,"minecraft:bundle":2,"minecraft:baked_potato":78,"minecraft:cherry_planks":87,"minecraft:fletching_table":1,"minecraft:stonecutter":3,"minecraft:cobblestone_slab":2,"minecraft:polished_blackstone_bricks":1098,"minecraft:crafting_table":21,"minecraft:oak_slab":175,"minecraft:red_bed":3,"minecraft:white_bed":15,"spartanweaponry:iron_katana":20,"minecraft:dark_oak_door":2,"minecraft:smoker":1,"minecraft:oak_log":36,"minecraft:diamond_pickaxe":1536,"minecraft:apple":11,"minecraft:cherry_door":2,"minecraft:iron_pickaxe":908,"alexsmobs:kangaroo_meat":1,"minecraft:stone_slab":4,"minecraft:stone_axe":259,"minecraft:pink_petals":15,"ironfurnaces:emerald_furnace":1,"minecraft:cobblestone":205,"minecraft:cooked_porkchop":10,"minecraft:bucket":120,"quark:oak_chest":3,"alexsmobs:animal_dictionary":4},"minecraft:picked_up":{"minecraft:wheat":110,"minecraft:iron_trapdoor":3,"minecraft:flower_pot":1,"minecraft:lead":2,"minecraft:smithing_table":6,"minecraft:stone_slab":5,"minecraft:oak_stairs":49,"minecraft:brewing_stand":4,"alexsmobs:gazelle_horn":3,"spartanweaponry:iron_katana":2,"minecraft:string":121,"minecraft:dark_oak_trapdoor":14,"minecraft:raw_copper":25,"minecraft:smooth_stone_slab":1,"minecraft:armor_stand":12,"minecraft:experience_bottle":3,"minecraft:zombie_head":5,"minecraft:oak_sign":10,"alexsmobs:emu_feather":4,"minecraft:gold_nugget":31,"minecraft:cobbled_deepslate":57,"minecraft:spruce_planks":6,"minecraft:redstone_torch":1,"minecraft:cobblestone_slab":2,"minecraft:azalea":2,"minecraft:iron_pickaxe":1,"minecraft:coal_block":16,"minecraft:spruce_pressure_plate":4,"minecraft:furnace":4,"minecraft:dark_oak_door":1,"minecraft:golden_helmet":8,"minecraft:stick":144,"minecraft:beehive":1,"ironchest:crystal_chest":4,"minecraft:composter":1,"minecraft:oak_fence":3,"quark:cherry_chest":2,"minecraft:torch":126,"minecraft:spruce_stairs":6,"minecraft:porkchop":26,"minecraft:cherry_log":133,"ironchest:diamond_chest":1,"minecraft:brown_carpet":3,"minecraft:stone_sword":1,"minecraft:cactus":20,"quark:clear_shard":42,"minecraft:rotten_flesh":84,"artifacts:villager_hat":1,"alexsmobs:emu_egg":1,"minecraft:obsidian":16,"minecraft:iron_bars":9,"minecraft:cobblestone":747,"minecraft:enchanting_table":1,"minecraft:pink_petals":17,"minecraft:magma_block":35,"minecraft:leather_chestplate":5,"minecraft:lilac":5,"minecraft:feather":5,"minecraft:cooked_beef":3,"minecraft:cherry_planks":7,"minecraft:andesite":227,"alexsmobs:bison_fur":4,"alexsmobs:bear_fur":2,"minecraft:brown_wool":1,"minecraft:golden_leggings":8,"minecraft:smoker":1,"minecraft:potato":543,"ironchest:copper_chest":1,"minecraft:flint":3,"minecraft:magenta_dye":1,"minecraft:tuff":3,"minecraft:lapis_lazuli":118,"minecraft:dirt":788,"minecraft:lantern":30,"minecraft:leather_boots":6,"minecraft:bone":20,"minecraft:chipped_anvil":1,"spartanweaponry:iron_greatsword":2,"minecraft:bow":5,"minecraft:stonecutter":4,"minecraft:wheat_seeds":287,"minecraft:raw_gold":27,"minecraft:grindstone":7,"minecraft:fletching_table":2,"minecraft:moss_block":1,"minecraft:oak_planks":268,"ironfurnaces:iron_furnace":2,"minecraft:poisonous_potato":10,"minecraft:sand":245,"quark:andesite_bricks":1,"minecraft:dark_oak_log":206,"minecraft:barrel":6,"minecraft:bundle":1,"minecraft:iron_hoe":1,"alexsmobs:kangaroo_hide":7,"minecraft:diamond":37,"minecraft:miner_pottery_sherd":1,"minecraft:bone_meal":12,"minecraft:emerald":3,"minecraft:bread":18,"alexsmobs:maggot":1,"alexsmobs:banana_slug_slime":2,"minecraft:oak_sapling":127,"minecraft:netherrack":768,"minecraft:dark_oak_fence":2,"minecraft:diamond_pickaxe":2,"minecraft:charcoal":5,"minecraft:crafting_table":14,"minecraft:coarse_dirt":3,"minecraft:allium":1,"minecraft:chicken":2,"minecraft:ladder":7,"minecraft:golden_pickaxe":1,"minecraft:leather_leggings":8,"minecraft:mourner_pottery_sherd":1,"minecraft:infested_cobblestone":18,"usefulbackpacks:backpack_medium":1,"minecraft:stripped_cherry_log":28,"minecraft:oak_trapdoor":2,"minecraft:red_bed":4,"minecraft:white_carpet":4,"minecraft:iron_shovel":1,"minecraft:cyan_carpet":32,"minecraft:blackstone":1922,"quark:spruce_chest":4,"usefulbackpacks:backpack_small":1,"minecraft:beef":71,"minecraft:oak_boat":4,"minecraft:poppy":6,"minecraft:light_gray_wool":1,"minecraft:spruce_slab":3,"minecraft:lectern":108,"minecraft:sugar_cane":71,"minecraft:chest":1,"minecraft:birch_sapling":1,"minecraft:egg":4,"minecraft:dark_oak_sapling":32,"minecraft:raw_iron":125,"minecraft:stone":12,"minecraft:oak_door":3,"ironchest:iron_chest":1,"minecraft:polished_blackstone_bricks":153,"minecraft:skull_pottery_sherd":1,"minecraft:stone_button":2,"minecraft:carrot":99,"minecraft:redstone":180,"minecraft:dark_oak_planks":14,"minecraft:stone_pressure_plate":3,"minecraft:tnt":7,"minecraft:arrow":48,"ironfurnaces:gold_furnace":5,"minecraft:hay_block":34,"alexscaves:spelunkery_table":1,"minecraft:mutton":10,"alexsmobs:kangaroo_meat":7,"minecraft:white_wool":7,"minecraft:stripped_oak_log":8,"minecraft:basalt":3,"minecraft:dark_oak_button":3,"artifacts:eternal_steak":1,"minecraft:leather":26,"spartanweaponry:iron_longsword":1,"minecraft:filled_map":1,"minecraft:oak_log":313,"minecraft:cobblestone_wall":2,"minecraft:gunpowder":10,"minecraft:red_carpet":64,"minecraft:apple":20,"minecraft:stone_bricks":1,"minecraft:rabbit_hide":4,"minecraft:iron_ingot":7,"minecraft:oak_fence_gate":8,"minecraft:stone_pickaxe":2,"minecraft:cobweb":5,"minecraft:iron_sword":2,"minecraft:green_dye":6,"minecraft:book":89,"minecraft:scaffolding":2,"minecraft:oak_slab":41,"minecraft:smooth_basalt":1,"minecraft:dark_oak_slab":56,"minecraft:red_wool":3,"minecraft:quartz":69,"minecraft:dandelion":3,"minecraft:gravel":32,"minecraft:prize_pottery_sherd":1,"minecraft:blast_furnace":1,"minecraft:white_bed":13,"quark:oak_chest":4,"minecraft:spider_eye":13,"usefulbackpacks:backpack_large":1,"minecraft:leather_helmet":6,"quark:polished_blackstone_brick_vertical_slab":1,"minecraft:cherry_sapling":80,"minecraft:gray_wool":1,"minecraft:baked_potato":143,"ironfurnaces:emerald_furnace":1,"minecraft:damaged_anvil":1,"minecraft:coal":303,"minecraft:hopper":6},"minecraft:broken":{"minecraft:iron_shovel":2,"minecraft:iron_chestplate":1,"minecraft:iron_boots":1,"minecraft:iron_leggings":1,"minecraft:stone_pickaxe":8,"minecraft:stone_axe":4,"minecraft:iron_sword":2,"minecraft:wooden_axe":3,"spartanweaponry:wooden_boomerang":1,"minecraft:stone_shovel":1,"minecraft:iron_hoe":2,"spartanweaponry:iron_saber":1,"spartanweaponry:iron_katana":1,"minecraft:leather_boots":1,"minecraft:iron_pickaxe":2,"minecraft:iron_helmet":1},"minecraft:dropped":{"minecraft:moss_block":1,"minecraft:baked_potato":87,"minecraft:lantern":1,"minecraft:dark_oak_button":3,"minecraft:leather_helmet":6,"minecraft:dirt":107,"minecraft:red_bed":1,"minecraft:stone_button":2,"minecraft:dark_oak_trapdoor":1,"usefulbackpacks:backpack_small":1,"spartanweaponry:iron_katana":1,"minecraft:polished_blackstone_bricks":15,"minecraft:iron_pickaxe":3,"minecraft:dark_oak_planks":32,"minecraft:cyan_carpet":1,"minecraft:armor_stand":12,"minecraft:bone":3,"minecraft:gravel":3,"usefulbackpacks:backpack_large":1,"minecraft:blackstone":771,"alexsmobs:gazelle_horn":1,"minecraft:cobbled_deepslate":1,"alexsmobs:animal_dictionary":1,"ironfurnaces:gold_furnace":1,"minecraft:wheat":1,"minecraft:obsidian":1,"minecraft:rotten_flesh":119,"artifacts:villager_hat":2,"minecraft:oak_planks":194,"minecraft:beehive":1,"minecraft:white_bed":1,"minecraft:carrot":49,"minecraft:poppy":3,"minecraft:leather_chestplate":6,"minecraft:charcoal":3,"minecraft:spruce_pressure_plate":2,"minecraft:leather_boots":5,"minecraft:azalea":2,"minecraft:ladder":2,"minecraft:spruce_slab":1,"minecraft:leather_leggings":8,"minecraft:basalt":3,"minecraft:iron_bars":9,"minecraft:arrow":27,"minecraft:beef":1,"minecraft:scaffolding":2,"minecraft:netherrack":12,"minecraft:egg":3,"minecraft:stone_hoe":1,"minecraft:enchanted_book":1,"minecraft:iron_ingot":8,"minecraft:bread":76,"usefulbackpacks:backpack_medium":1,"minecraft:wheat_seeds":85,"minecraft:golden_helmet":2,"minecraft:cherry_log":1,"minecraft:poisonous_potato":10,"minecraft:oak_fence":3,"minecraft:feather":1,"minecraft:cobblestone":113,"minecraft:book":3,"minecraft:spruce_stairs":5,"minecraft:stick":4,"spartanweaponry:wooden_boomerang":1,"minecraft:torch":6,"minecraft:green_dye":11,"minecraft:wooden_axe":2,"minecraft:brown_wool":1,"minecraft:cherry_planks":9,"spartanweaponry:iron_greatsword":2,"minecraft:oak_stairs":3,"minecraft:string":1,"minecraft:pink_petals":2,"minecraft:dandelion":3,"minecraft:smooth_basalt":1,"alexsmobs:maggot":1,"minecraft:cobblestone_wall":2,"minecraft:coarse_dirt":1,"minecraft:stone_sword":1,"minecraft:smooth_stone_slab":1,"minecraft:tuff":3,"minecraft:experience_bottle":1,"minecraft:stripped_oak_log":2,"minecraft:stone_slab":13,"minecraft:oak_sign":3,"minecraft:filled_map":2,"minecraft:hay_block":3,"minecraft:potato":275,"minecraft:shield":1,"minecraft:flower_pot":1,"minecraft:allium":1,"minecraft:bundle":1,"minecraft:diamond_pickaxe":3,"minecraft:andesite":105,"minecraft:golden_leggings":2,"minecraft:oak_sapling":35,"artifacts:eternal_steak":1,"minecraft:redstone_torch":1,"minecraft:stone_pressure_plate":3,"minecraft:spider_eye":4,"minecraft:brown_carpet":3,"minecraft:bow":4,"minecraft:magenta_dye":1,"minecraft:stone_pickaxe":2},"minecraft:custom":{"minecraft:animals_bred":1,"minecraft:interact_with_crafting_table":186,"minecraft:open_barrel":557,"minecraft:eat_cake_slice":10,"minecraft:leave_game":13,"minecraft:time_since_death":879651,"minecraft:damage_blocked_by_shield":410,"minecraft:sprint_one_cm":3244521,"minecraft:drop":813,"minecraft:talked_to_villager":288,"minecraft:play_time":972859,"minecraft:deaths":2,"minecraft:jump":8090,"minecraft:interact_with_brewingstand":6,"minecraft:walk_on_water_one_cm":97699,"minecraft:enchant_item":2,"minecraft:interact_with_furnace":164,"minecraft:traded_with_villager":22,"minecraft:interact_with_loom":8,"minecraft:sleep_in_bed":25,"minecraft:damage_dealt":62851,"minecraft:crouch_one_cm":72920,"minecraft:interact_with_smithing_table":3,"minecraft:inspect_dispenser":1,"minecraft:interact_with_smoker":26,"minecraft:horse_one_cm":38183,"minecraft:inspect_dropper":1,"minecraft:interact_with_anvil":6,"minecraft:mob_kills":431,"minecraft:inspect_hopper":4,"minecraft:climb_one_cm":156002,"minecraft:walk_one_cm":2748810,"minecraft:sneak_time":31277,"minecraft:walk_under_water_one_cm":30065,"minecraft:boat_one_cm":85080,"minecraft:interact_with_blast_furnace":31,"minecraft:total_world_time":972859,"minecraft:interact_with_stonecutter":16,"minecraft:interact_with_grindstone":2,"minecraft:time_since_rest":142730,"minecraft:damage_taken":8917,"minecraft:swim_one_cm":22923,"minecraft:fly_one_cm":1478342,"minecraft:open_chest":554,"minecraft:fall_one_cm":191521}},"DataVersion":3465}