{"stats":{"minecraft:mined":{"minecraft:spruce_planks":6,"minecraft:white_bed":10,"minecraft:stone_pressure_plate":1,"minecraft:farmland":2,"minecraft:sculk_vein":35,"minecraft:cherry_log":59,"minecraft:brewing_stand":2,"minecraft:obsidian":12,"minecraft:grass_block":115,"minecraft:coal_block":16,"minecraft:composter":1,"minecraft:oak_wall_sign":4,"minecraft:polished_blackstone_bricks":4,"minecraft:magma_block":38,"minecraft:sculk_catalyst":5,"minecraft:iron_ore":59,"minecraft:cobbled_deepslate":1,"minecraft:fire":7,"minecraft:barrel":2,"minecraft:deepslate_lapis_ore":10,"minecraft:enchanting_table":1,"minecraft:dirt_path":1,"minecraft:oak_stairs":48,"minecraft:iron_bars":8,"minecraft:spruce_slab":2,"minecraft:deepslate_redstone_ore":18,"minecraft:red_bed":2,"minecraft:blackstone":105,"minecraft:smoker":1,"ironfurnaces:iron_furnace":1,"minecraft:torch":20,"minecraft:poppy":1,"minecraft:glass":1,"minecraft:cobblestone":43,"minecraft:grindstone":4,"minecraft:oak_planks":130,"minecraft:sugar_cane":4,"minecraft:damaged_anvil":1,"minecraft:wall_torch":36,"quark:cherry_bookshelf":1,"minecraft:wheat":32,"minecraft:lilac":6,"minecraft:tnt":5,"minecraft:smooth_stone_slab":1,"minecraft:grass":262,"minecraft:oak_log":189,"minecraft:oak_fence_gate":8,"minecraft:sand":141,"minecraft:dirt":127,"minecraft:stonecutter":3,"minecraft:oak_leaves":2,"minecraft:deepslate":55,"minecraft:tuff":1,"minecraft:red_carpet":32,"quark:andesite_bricks":1,"minecraft:deepslate_diamond_ore":10,"minecraft:oak_door":2,"minecraft:stripped_cherry_log":28,"minecraft:ladder":3,"minecraft:decorated_pot":1,"minecraft:spruce_leaves":3,"minecraft:moss_block":1,"minecraft:hay_block":30,"minecraft:furnace":4,"minecraft:andesite":110,"minecraft:bookshelf":26,"minecraft:potatoes":29,"minecraft:deepslate_iron_ore":14,"minecraft:lantern":4,"minecraft:stone":317,"minecraft:potted_allium":1,"minecraft:smithing_table":4,"minecraft:oak_slab":33,"minecraft:scaffolding":1,"minecraft:cherry_planks":7,"minecraft:red_wool":3,"quark:oak_chest":1,"minecraft:dandelion":2,"minecraft:oak_fence":3,"minecraft:crafting_table":8,"minecraft:sculk_sensor":15,"minecraft:lectern":75,"minecraft:campfire":2,"minecraft:copper_ore":2,"minecraft:tall_grass":60,"minecraft:lapis_ore":2,"minecraft:deepslate_gold_ore":5,"minecraft:sculk":579,"minecraft:spruce_stairs":3,"minecraft:cactus":14,"minecraft:coarse_dirt":2,"minecraft:beehive":1,"minecraft:redstone_torch":1,"minecraft:white_carpet":4,"minecraft:coal_ore":2,"minecraft:zombie_head":1,"minecraft:cyan_carpet":17,"minecraft:gravel":29,"minecraft:cobweb":5,"minecraft:stone_bricks":1,"minecraft:gold_ore":1,"quark:polished_blackstone_brick_vertical_slab":1},"minecraft:killed":{"minecraft:cave_spider":3,"minecraft:spider":13,"alexsmobs:bald_eagle":1,"minecraft:skeleton":14,"alexsmobs:banana_slug":2,"minecraft:chicken":2,"alexsmobs:kangaroo":5,"minecraft:pig":17,"alexsmobs:grizzly_bear":1,"minecraft:creeper":3,"minecraft:sheep":3,"minecraft:zombie":36,"alexsmobs:maned_wolf":1,"minecraft:cow":11,"minecraft:horse":3,"alexsmobs:blue_jay":1,"alexsmobs:emu":3,"alexsmobs:gazelle":2},"minecraft:crafted":{"minecraft:grindstone":1,"minecraft:smooth_stone":3,"minecraft:oak_planks":692,"minecraft:barrel":3,"minecraft:cherry_slab":18,"usefulbackpacks:backpack_small":1,"ironfurnaces:iron_furnace":1,"minecraft:stone":6,"minecraft:glass":90,"minecraft:iron_boots":1,"expanded_combat:diamond_quiver":1,"minecraft:stone_hoe":1,"minecraft:magenta_dye":10,"minecraft:oak_fence":27,"spartanweaponry:iron_saber":1,"minecraft:oak_slab":150,"minecraft:cooked_porkchop":10,"minecraft:crafting_table":3,"minecraft:spruce_planks":40,"minecraft:iron_helmet":1,"minecraft:wooden_pickaxe":1,"minecraft:baked_potato":21,"minecraft:red_wool":1,"minecraft:fletching_table":1,"minecraft:gold_block":1,"minecraft:hay_block":4,"minecraft:iron_chestplate":1,"minecraft:diamond_pickaxe":3,"minecraft:shield":2,"quark:oak_chest":2,"minecraft:stick":24,"minecraft:stone_slab":6,"minecraft:iron_ingot":84,"minecraft:iron_pickaxe":2,"minecraft:gold_ingot":19,"minecraft:polished_blackstone_bricks":1,"minecraft:cherry_planks":268,"minecraft:oak_door":3,"minecraft:coal":144,"minecraft:stone_shovel":1,"minecraft:iron_nugget":90,"minecraft:furnace":1,"minecraft:blast_furnace":1,"quark:polished_blackstone_brick_vertical_slab":2,"quark:cherry_bookshelf":17,"minecraft:lantern":11,"minecraft:leather":4,"spartanweaponry:wooden_boomerang":1,"minecraft:iron_hoe":1,"spartanweaponry:diamond_longbow":1,"minecraft:stone_pickaxe":4,"usefulbackpacks:backpack_medium":1,"quark:spruce_chest":2,"minecraft:wheat":308,"minecraft:red_dye":1,"minecraft:polished_blackstone_brick_slab":20,"minecraft:enchanting_table":1,"minecraft:magenta_stained_glass":8,"spartanweaponry:handle":4,"minecraft:stone_axe":3,"minecraft:enchanted_book":3,"minecraft:bread":142,"minecraft:air":0,"spartanweaponry:iron_greatsword":1,"minecraft:oak_fence_gate":3,"minecraft:oak_boat":1,"minecraft:oak_stairs":64,"minecraft:wooden_axe":5,"minecraft:iron_shovel":1,"minecraft:cherry_door":3,"minecraft:iron_leggings":1,"minecraft:torch":16},"minecraft:used":{"minecraft:iron_shovel":66,"minecraft:spruce_slab":2,"minecraft:oak_sign":4,"minecraft:shield":14,"minecraft:iron_sword":243,"minecraft:glass":74,"minecraft:lava_bucket":6,"minecraft:lantern":21,"minecraft:stone_bricks":1,"ironfurnaces:iron_furnace":2,"minecraft:furnace":2,"minecraft:egg":1,"minecraft:potato":105,"spartanweaponry:iron_greatsword":50,"minecraft:damaged_anvil":1,"minecraft:stone_pickaxe":535,"minecraft:oak_planks":406,"minecraft:wooden_pickaxe":18,"artifacts:eternal_steak":1,"minecraft:composter":1,"minecraft:sand":1,"minecraft:blast_furnace":1,"spartanweaponry:iron_saber":79,"minecraft:zombie_head":2,"minecraft:bread":103,"minecraft:cyan_carpet":31,"minecraft:lectern":74,"spartanweaponry:wooden_boomerang":8,"minecraft:grindstone":5,"minecraft:smithing_table":2,"spartanweaponry:diamond_longbow":14,"minecraft:oak_boat":4,"quark:polished_blackstone_brick_vertical_slab":1,"minecraft:coarse_dirt":2,"minecraft:oak_fence":22,"minecraft:golden_pickaxe":45,"minecraft:cobweb":5,"minecraft:bone_meal":1,"minecraft:experience_bottle":2,"minecraft:polished_blackstone_brick_slab":18,"minecraft:enchanting_table":2,"minecraft:stone_shovel":131,"minecraft:spruce_planks":30,"minecraft:stone_hoe":138,"minecraft:oak_door":6,"minecraft:brewing_stand":2,"minecraft:torch":64,"minecraft:dirt":125,"minecraft:wheat":8,"minecraft:spruce_stairs":1,"quark:cherry_bookshelf":17,"minecraft:oak_fence_gate":11,"minecraft:iron_hoe":500,"minecraft:wooden_axe":179,"quark:spruce_chest":2,"minecraft:cherry_slab":12,"minecraft:oak_stairs":110,"minecraft:barrel":5,"quark:andesite_bricks":1,"minecraft:cherry_log":41,"minecraft:wheat_seeds":100,"minecraft:water_bucket":38,"minecraft:bundle":2,"minecraft:cherry_planks":87,"minecraft:fletching_table":1,"minecraft:stonecutter":2,"minecraft:polished_blackstone_bricks":110,"minecraft:oak_slab":165,"minecraft:crafting_table":10,"minecraft:red_bed":1,"minecraft:white_bed":9,"spartanweaponry:iron_katana":20,"minecraft:smoker":1,"minecraft:oak_log":16,"minecraft:diamond_pickaxe":13,"minecraft:apple":3,"minecraft:cherry_door":2,"minecraft:iron_pickaxe":276,"alexsmobs:kangaroo_meat":1,"minecraft:stone_axe":234,"minecraft:pink_petals":15,"minecraft:cobblestone":111,"minecraft:cooked_porkchop":10,"minecraft:bucket":45,"quark:oak_chest":3,"alexsmobs:animal_dictionary":4},"minecraft:picked_up":{"minecraft:wheat":31,"minecraft:flower_pot":1,"minecraft:smithing_table":4,"minecraft:stone_slab":5,"minecraft:oak_stairs":49,"minecraft:brewing_stand":2,"alexsmobs:gazelle_horn":1,"spartanweaponry:iron_katana":1,"minecraft:string":19,"minecraft:raw_copper":25,"minecraft:smooth_stone_slab":1,"minecraft:armor_stand":12,"minecraft:experience_bottle":3,"minecraft:zombie_head":2,"minecraft:oak_sign":7,"alexsmobs:emu_feather":4,"minecraft:cobbled_deepslate":56,"minecraft:spruce_planks":6,"minecraft:redstone_torch":1,"minecraft:coal_block":16,"minecraft:furnace":4,"minecraft:golden_helmet":8,"minecraft:beehive":1,"minecraft:stick":69,"minecraft:composter":1,"minecraft:oak_fence":3,"minecraft:torch":65,"minecraft:spruce_stairs":5,"minecraft:porkchop":26,"minecraft:cherry_log":81,"minecraft:brown_carpet":3,"minecraft:cactus":14,"minecraft:rotten_flesh":37,"quark:clear_shard":14,"alexsmobs:emu_egg":1,"minecraft:obsidian":12,"minecraft:iron_bars":9,"minecraft:cobblestone":458,"minecraft:enchanting_table":1,"minecraft:pink_petals":17,"minecraft:magma_block":35,"minecraft:leather_chestplate":5,"minecraft:feather":5,"minecraft:lilac":5,"minecraft:cherry_planks":7,"minecraft:andesite":149,"minecraft:brown_wool":1,"minecraft:golden_leggings":8,"minecraft:smoker":1,"minecraft:potato":83,"minecraft:flint":2,"minecraft:tuff":1,"minecraft:lapis_lazuli":118,"minecraft:dirt":314,"minecraft:lantern":11,"minecraft:leather_boots":6,"minecraft:bone":12,"minecraft:stonecutter":3,"minecraft:bow":4,"spartanweaponry:iron_greatsword":1,"minecraft:wheat_seeds":109,"minecraft:raw_gold":10,"minecraft:grindstone":4,"minecraft:moss_block":1,"minecraft:oak_planks":260,"ironfurnaces:iron_furnace":1,"minecraft:sand":142,"quark:andesite_bricks":1,"minecraft:barrel":2,"minecraft:bundle":1,"minecraft:iron_hoe":1,"alexsmobs:kangaroo_hide":7,"minecraft:diamond":24,"minecraft:miner_pottery_sherd":1,"minecraft:bone_meal":7,"minecraft:emerald":3,"minecraft:bread":12,"alexsmobs:banana_slug_slime":2,"minecraft:oak_sapling":63,"minecraft:charcoal":5,"minecraft:coarse_dirt":3,"minecraft:crafting_table":8,"minecraft:allium":1,"minecraft:chicken":2,"minecraft:ladder":4,"minecraft:golden_pickaxe":1,"minecraft:leather_leggings":8,"minecraft:mourner_pottery_sherd":1,"minecraft:infested_cobblestone":18,"minecraft:stripped_cherry_log":28,"minecraft:red_bed":2,"minecraft:white_carpet":4,"minecraft:blackstone":899,"minecraft:cyan_carpet":32,"minecraft:beef":19,"minecraft:oak_boat":4,"minecraft:light_gray_wool":1,"minecraft:poppy":4,"minecraft:spruce_slab":2,"minecraft:lectern":75,"minecraft:sugar_cane":12,"minecraft:birch_sapling":1,"minecraft:egg":4,"minecraft:raw_iron":73,"minecraft:stone":12,"minecraft:oak_door":3,"minecraft:polished_blackstone_bricks":4,"minecraft:skull_pottery_sherd":1,"minecraft:stone_button":2,"minecraft:redstone":94,"minecraft:stone_pressure_plate":3,"minecraft:tnt":7,"minecraft:arrow":36,"minecraft:hay_block":34,"minecraft:mutton":7,"alexsmobs:kangaroo_meat":7,"minecraft:white_wool":7,"minecraft:dark_oak_button":3,"artifacts:eternal_steak":1,"minecraft:leather":12,"spartanweaponry:iron_longsword":1,"minecraft:filled_map":1,"minecraft:oak_log":189,"minecraft:gunpowder":3,"minecraft:red_carpet":32,"minecraft:apple":9,"minecraft:stone_bricks":1,"minecraft:rabbit_hide":4,"minecraft:iron_ingot":4,"minecraft:oak_fence_gate":8,"minecraft:stone_pickaxe":1,"minecraft:cobweb":5,"minecraft:iron_sword":2,"minecraft:book":83,"minecraft:scaffolding":2,"minecraft:oak_slab":41,"minecraft:red_wool":3,"minecraft:dandelion":3,"minecraft:gravel":28,"minecraft:prize_pottery_sherd":1,"minecraft:white_bed":11,"quark:oak_chest":1,"minecraft:spider_eye":2,"minecraft:leather_helmet":6,"quark:polished_blackstone_brick_vertical_slab":1,"minecraft:cherry_sapling":37,"minecraft:gray_wool":1,"minecraft:baked_potato":62,"minecraft:damaged_anvil":1,"minecraft:coal":43},"minecraft:broken":{"minecraft:stone_pickaxe":4,"minecraft:stone_axe":2,"minecraft:iron_sword":1,"minecraft:wooden_axe":3,"spartanweaponry:wooden_boomerang":1,"minecraft:stone_shovel":1,"minecraft:iron_hoe":2,"spartanweaponry:iron_katana":1,"minecraft:leather_boots":1},"minecraft:dropped":{"minecraft:lantern":1,"minecraft:dark_oak_button":3,"minecraft:leather_helmet":6,"minecraft:dirt":30,"minecraft:red_bed":1,"minecraft:stone_button":2,"minecraft:iron_pickaxe":1,"minecraft:cyan_carpet":1,"minecraft:armor_stand":12,"minecraft:blackstone":771,"alexsmobs:gazelle_horn":1,"minecraft:wheat":1,"minecraft:obsidian":1,"minecraft:rotten_flesh":35,"minecraft:oak_planks":128,"minecraft:beehive":1,"minecraft:white_bed":1,"minecraft:poppy":3,"minecraft:leather_chestplate":5,"minecraft:charcoal":3,"minecraft:leather_boots":5,"minecraft:ladder":2,"minecraft:leather_leggings":8,"minecraft:iron_bars":9,"minecraft:arrow":27,"minecraft:beef":1,"minecraft:scaffolding":2,"minecraft:egg":3,"minecraft:enchanted_book":1,"minecraft:stone_hoe":1,"minecraft:iron_ingot":8,"minecraft:bread":55,"minecraft:wheat_seeds":9,"minecraft:golden_helmet":1,"minecraft:cherry_log":1,"minecraft:oak_fence":3,"minecraft:feather":1,"minecraft:spruce_stairs":4,"minecraft:stick":2,"spartanweaponry:wooden_boomerang":1,"minecraft:torch":6,"minecraft:wooden_axe":2,"minecraft:brown_wool":1,"minecraft:cherry_planks":9,"spartanweaponry:iron_greatsword":1,"minecraft:oak_stairs":3,"minecraft:string":1,"minecraft:pink_petals":2,"minecraft:dandelion":3,"minecraft:smooth_stone_slab":1,"minecraft:experience_bottle":1,"minecraft:stone_slab":10,"minecraft:oak_sign":3,"minecraft:filled_map":1,"minecraft:hay_block":3,"minecraft:shield":1,"minecraft:flower_pot":1,"minecraft:allium":1,"minecraft:bundle":1,"minecraft:diamond_pickaxe":1,"minecraft:andesite":105,"minecraft:golden_leggings":1,"artifacts:eternal_steak":1,"minecraft:redstone_torch":1,"minecraft:stone_pressure_plate":3,"minecraft:spider_eye":2,"minecraft:brown_carpet":3,"minecraft:bow":3,"minecraft:stone_pickaxe":1},"minecraft:custom":{"minecraft:animals_bred":1,"minecraft:interact_with_crafting_table":101,"minecraft:open_barrel":188,"minecraft:eat_cake_slice":10,"minecraft:leave_game":6,"minecraft:time_since_death":364541,"minecraft:sprint_one_cm":1851870,"minecraft:damage_blocked_by_shield":410,"minecraft:drop":393,"minecraft:talked_to_villager":180,"minecraft:play_time":457749,"minecraft:deaths":2,"minecraft:jump":4299,"minecraft:walk_on_water_one_cm":39629,"minecraft:interact_with_furnace":105,"minecraft:traded_with_villager":3,"minecraft:sleep_in_bed":13,"minecraft:damage_dealt":20369,"minecraft:crouch_one_cm":31407,"minecraft:interact_with_smoker":11,"minecraft:inspect_dispenser":1,"minecraft:horse_one_cm":38183,"minecraft:inspect_dropper":1,"minecraft:interact_with_anvil":2,"minecraft:mob_kills":123,"minecraft:climb_one_cm":9061,"minecraft:walk_one_cm":1366241,"minecraft:sneak_time":9629,"minecraft:walk_under_water_one_cm":14648,"minecraft:boat_one_cm":85080,"minecraft:interact_with_blast_furnace":12,"minecraft:total_world_time":457749,"minecraft:interact_with_stonecutter":10,"minecraft:interact_with_grindstone":1,"minecraft:time_since_rest":54182,"minecraft:damage_taken":4587,"minecraft:swim_one_cm":22433,"minecraft:fly_one_cm":832291,"minecraft:open_chest":245,"minecraft:fall_one_cm":111958}},"DataVersion":3465}