{"stats":{"minecraft:crafted":{"minecraft:oak_planks":136,"minecraft:crafting_table":1,"minecraft:wooden_pickaxe":1,"minecraft:wooden_axe":1},"minecraft:custom":{"minecraft:time_since_rest":10202,"minecraft:interact_with_furnace":15,"minecraft:sprint_one_cm":50926,"minecraft:damage_taken":435,"minecraft:walk_one_cm":53461,"minecraft:mob_kills":2,"minecraft:drop":36,"minecraft:damage_dealt":405,"minecraft:talked_to_villager":1,"minecraft:swim_one_cm":3431,"minecraft:interact_with_crafting_table":2,"minecraft:fly_one_cm":15093,"minecraft:open_chest":16,"minecraft:crouch_one_cm":253,"minecraft:play_time":21015,"minecraft:deaths":1,"minecraft:sneak_time":71,"minecraft:walk_under_water_one_cm":140,"minecraft:jump":139,"minecraft:leave_game":2,"minecraft:walk_on_water_one_cm":3885,"minecraft:time_since_death":10177,"minecraft:climb_one_cm":1846,"minecraft:total_world_time":21015,"minecraft:fall_one_cm":5836},"minecraft:used":{"minecraft:wooden_axe":5,"minecraft:apple":1,"minecraft:wooden_pickaxe":4,"minecraft:torch":1,"minecraft:dirt":18,"minecraft:crafting_table":1,"minecraft:smithing_table":1,"alexsmobs:animal_dictionary":4},"minecraft:mined":{"minecraft:smithing_table":1,"minecraft:scaffolding":1,"minecraft:furnace":2,"minecraft:oak_fence":1,"minecraft:crafting_table":1,"minecraft:grass_block":3,"minecraft:oak_log":36,"minecraft:dirt_path":1,"minecraft:dirt":3,"minecraft:campfire":1,"minecraft:tall_grass":1,"minecraft:wall_torch":1},"minecraft:dropped":{"minecraft:charcoal":1,"minecraft:leather_boots":4,"minecraft:leather_leggings":8,"minecraft:string":1,"minecraft:leather_helmet":6,"minecraft:armor_stand":12,"minecraft:leather_chestplate":4},"minecraft:picked_up":{"minecraft:book":2,"minecraft:golden_helmet":8,"minecraft:scaffolding":1,"minecraft:charcoal":3,"minecraft:stick":9,"minecraft:crafting_table":1,"minecraft:oak_fence":1,"minecraft:leather":1,"minecraft:leather_leggings":8,"minecraft:smithing_table":1,"minecraft:golden_leggings":8,"minecraft:dandelion":1,"minecraft:oak_log":34,"minecraft:leather_helmet":6,"minecraft:dirt":44,"minecraft:string":3,"minecraft:stone_pressure_plate":2,"minecraft:brown_carpet":1,"minecraft:leather_boots":6,"minecraft:armor_stand":12,"minecraft:experience_bottle":1,"minecraft:apple":1,"minecraft:emerald":1,"minecraft:oak_sapling":13,"minecraft:iron_sword":1,"minecraft:leather_chestplate":5,"minecraft:furnace":2},"minecraft:killed":{"minecraft:spider":2}},"DataVersion":3465}