{"stats":{"minecraft:crafted":{"minecraft:smooth_stone":3,"minecraft:dark_oak_pressure_plate":1,"expanded_combat:diamond_dancer_s_sword":1,"ironfurnaces:iron_furnace":1,"minecraft:cooked_mutton":7,"ironchest:crystal_chest":2,"minecraft:quartz_block":17,"minecraft:glass":96,"expanded_combat:diamond_quiver":1,"minecraft:magenta_dye":10,"spartanweaponry:iron_saber":1,"minecraft:glass_bottle":3,"minecraft:emerald":127,"minecraft:cooked_porkchop":18,"minecraft:copper_ingot":0,"minecraft:fletching_table":1,"minecraft:hay_block":4,"minecraft:stone_slab":12,"quark:oak_chest":2,"usefulbackpacks:backpack_large":6,"minecraft:iron_pickaxe":3,"minecraft:gold_ingot":22,"minecraft:polished_blackstone_bricks":1,"minecraft:stone_shovel":1,"minecraft:iron_nugget":270,"quark:cherry_bookshelf":17,"minecraft:stone_stairs":4,"minecraft:lantern":33,"minecraft:dark_oak_fence":3,"spartanweaponry:wooden_boomerang":1,"minecraft:ladder":16,"minecraft:stone_pickaxe":8,"quark:spruce_chest":2,"minecraft:dark_oak_planks":453,"minecraft:wheat":308,"ironchest:gold_chest":2,"minecraft:polished_blackstone_brick_slab":20,"minecraft:enchanting_table":1,"minecraft:magenta_stained_glass":8,"spartanweaponry:diamond_heavy_crossbow":1,"minecraft:enchanted_book":10,"minecraft:oak_fence_gate":3,"spartanweaponry:iron_greatsword":1,"minecraft:wooden_axe":5,"minecraft:oak_stairs":64,"minecraft:iron_shovel":1,"minecraft:iron_leggings":2,"minecraft:white_bed":3,"minecraft:grindstone":1,"minecraft:oak_planks":1479,"minecraft:cobblestone_slab":108,"minecraft:barrel":7,"minecraft:cherry_slab":18,"usefulbackpacks:backpack_small":2,"minecraft:stone":6,"quark:cherry_chest":21,"minecraft:green_dye":0,"minecraft:dark_oak_door":3,"minecraft:hopper":6,"minecraft:iron_boots":2,"minecraft:chest":10,"minecraft:stone_hoe":1,"minecraft:oak_fence":33,"minecraft:oak_slab":162,"minecraft:crafting_table":8,"minecraft:spruce_planks":40,"minecraft:baked_potato":74,"minecraft:wooden_pickaxe":1,"minecraft:iron_helmet":2,"minecraft:red_wool":1,"minecraft:gold_block":1,"spartanweaponry:iron_rapier":1,"ironchest:diamond_chest":2,"minecraft:dark_oak_slab":78,"minecraft:iron_chestplate":2,"minecraft:paper":33,"minecraft:diamond_pickaxe":6,"minecraft:shield":2,"minecraft:stick":3256,"minecraft:iron_ingot":136,"minecraft:cherry_planks":480,"minecraft:oak_door":6,"minecraft:coal":144,"minecraft:furnace":1,"minecraft:blast_furnace":1,"minecraft:dark_oak_trapdoor":10,"quark:polished_blackstone_brick_vertical_slab":2,"minecraft:oak_trapdoor":6,"minecraft:leather":4,"minecraft:iron_axe":1,"minecraft:iron_hoe":1,"spartanweaponry:diamond_longbow":2,"minecraft:cobblestone_wall":12,"usefulbackpacks:backpack_medium":2,"minecraft:cooked_beef":10,"minecraft:sugar":52,"minecraft:red_dye":1,"minecraft:diamond_sword":2,"minecraft:dark_oak_stairs":20,"alexsmobs:cooked_kangaroo_meat":6,"spartanweaponry:handle":4,"ironchest:copper_chest":2,"minecraft:stone_axe":4,"minecraft:air":0,"minecraft:bread":161,"minecraft:oak_boat":1,"minecraft:white_wool":60,"expanded_combat:gold_stick":4,"minecraft:brown_wool":1,"minecraft:cherry_door":3,"minecraft:torch":44,"ironchest:iron_chest":2},"minecraft:custom":{"minecraft:interact_with_crafting_table":189,"minecraft:open_barrel":592,"minecraft:eat_cake_slice":10,"minecraft:leave_game":14,"minecraft:time_since_death":967043,"minecraft:damage_blocked_by_shield":410,"minecraft:play_time":1060251,"minecraft:deaths":2,"minecraft:jump":8705,"minecraft:enchant_item":2,"minecraft:interact_with_furnace":169,"minecraft:traded_with_villager":142,"minecraft:sleep_in_bed":26,"minecraft:damage_dealt":74371,"minecraft:interact_with_smoker":26,"minecraft:inspect_dispenser":1,"minecraft:horse_one_cm":38183,"minecraft:interact_with_smithing_table":3,"minecraft:inspect_dropper":1,"minecraft:interact_with_anvil":11,"minecraft:inspect_hopper":4,"minecraft:sneak_time":33606,"minecraft:interact_with_blast_furnace":31,"minecraft:total_world_time":1060251,"minecraft:interact_with_stonecutter":16,"minecraft:time_since_rest":38668,"minecraft:swim_one_cm":22923,"minecraft:fly_one_cm":1599688,"minecraft:open_chest":589,"minecraft:fall_one_cm":197930,"minecraft:animals_bred":1,"minecraft:sprint_one_cm":3456813,"minecraft:drop":851,"minecraft:talked_to_villager":453,"minecraft:interact_with_brewingstand":6,"minecraft:walk_on_water_one_cm":104650,"minecraft:interact_with_loom":8,"minecraft:crouch_one_cm":83330,"minecraft:mob_kills":527,"minecraft:climb_one_cm":167110,"minecraft:walk_one_cm":3028451,"minecraft:walk_under_water_one_cm":31538,"minecraft:boat_one_cm":85080,"minecraft:interact_with_grindstone":3,"minecraft:damage_taken":9709},"minecraft:mined":{"minecraft:dark_oak_planks":10,"minecraft:white_bed":14,"minecraft:cherry_log":364,"minecraft:obsidian":17,"minecraft:brown_wool":1,"minecraft:coal_block":16,"minecraft:hopper":5,"minecraft:oak_wall_sign":7,"ironchest:copper_chest":1,"minecraft:polished_blackstone_bricks":150,"ironchest:crystal_chest":4,"minecraft:magma_block":38,"minecraft:dark_oak_trapdoor":13,"minecraft:cobbled_deepslate":1,"minecraft:fire":19,"minecraft:barrel":6,"minecraft:fletching_table":4,"minecraft:deepslate_lapis_ore":10,"minecraft:enchanting_table":1,"minecraft:twisting_vines":1,"minecraft:dirt_path":1,"minecraft:oak_stairs":48,"minecraft:spruce_pressure_plate":2,"minecraft:red_bed":4,"minecraft:smoker":1,"ironfurnaces:iron_furnace":2,"minecraft:torch":52,"minecraft:blast_furnace":1,"minecraft:glass":3,"minecraft:sugar_cane":51,"minecraft:damaged_anvil":1,"quark:cherry_bookshelf":1,"minecraft:wheat":54,"minecraft:lilac":6,"minecraft:grass":473,"minecraft:oak_fence_gate":8,"minecraft:zombie_wall_head":1,"minecraft:smooth_basalt":2,"minecraft:stonecutter":4,"minecraft:deepslate":56,"quark:andesite_bricks":1,"minecraft:dark_oak_log":204,"minecraft:dark_oak_fence":2,"minecraft:moss_block":1,"minecraft:andesite":189,"minecraft:potatoes":44,"minecraft:cobblestone_slab":41,"ironchest:iron_chest":1,"minecraft:potted_allium":1,"minecraft:smithing_table":7,"minecraft:oak_slab":33,"minecraft:cherry_planks":7,"quark:oak_chest":4,"minecraft:dandelion":2,"minecraft:campfire":2,"minecraft:tall_grass":109,"minecraft:copper_ore":5,"minecraft:deepslate_gold_ore":22,"minecraft:coarse_dirt":2,"minecraft:cobblestone_wall":1,"minecraft:white_carpet":4,"minecraft:zombie_head":3,"minecraft:gravel":34,"minecraft:cobweb":92,"minecraft:stone_bricks":1,"minecraft:chipped_anvil":1,"minecraft:gold_ore":1,"minecraft:fern":1,"minecraft:stone_pressure_plate":1,"minecraft:spruce_planks":6,"minecraft:farmland":2,"quark:cherry_chest":2,"minecraft:sculk_vein":35,"minecraft:brewing_stand":4,"minecraft:grass_block":253,"minecraft:composter":1,"minecraft:sculk_catalyst":5,"ironfurnaces:gold_furnace":5,"minecraft:iron_ore":81,"minecraft:iron_bars":8,"minecraft:spruce_slab":3,"minecraft:deepslate_redstone_ore":34,"minecraft:blackstone":991,"minecraft:poppy":1,"minecraft:chest":1,"minecraft:nether_quartz_ore":35,"minecraft:cobblestone":152,"ironfurnaces:emerald_furnace":1,"minecraft:grindstone":7,"minecraft:oak_planks":134,"minecraft:wall_torch":90,"minecraft:pink_petals":1,"minecraft:dark_oak_slab":55,"minecraft:tnt":5,"ironchest:diamond_chest":1,"minecraft:smooth_stone_slab":1,"minecraft:oak_log":420,"minecraft:sand":245,"minecraft:dirt":480,"minecraft:netherrack":1000,"minecraft:oak_leaves":7,"minecraft:nether_gold_ore":2,"alexscaves:spelunkery_table":1,"minecraft:red_carpet":59,"minecraft:tuff":3,"minecraft:deepslate_diamond_ore":22,"minecraft:oak_door":2,"minecraft:stripped_cherry_log":28,"minecraft:ladder":5,"minecraft:decorated_pot":1,"minecraft:spruce_leaves":3,"minecraft:hay_block":30,"minecraft:oak_trapdoor":2,"minecraft:furnace":4,"minecraft:carrots":9,"minecraft:bookshelf":27,"minecraft:deepslate_iron_ore":38,"minecraft:lantern":19,"minecraft:stripped_oak_log":9,"minecraft:stone":562,"minecraft:scaffolding":1,"minecraft:red_wool":3,"minecraft:basalt":1,"minecraft:oak_fence":3,"minecraft:crafting_table":14,"minecraft:sculk_sensor":15,"minecraft:lectern":173,"minecraft:stone_slab":1,"minecraft:lapis_ore":2,"minecraft:sculk":579,"minecraft:spruce_stairs":4,"minecraft:cactus":15,"minecraft:beehive":1,"minecraft:redstone_torch":1,"minecraft:coal_ore":91,"quark:spruce_chest":4,"minecraft:cyan_carpet":17,"quark:polished_blackstone_brick_vertical_slab":1},"minecraft:used":{"alexsmobs:emu_egg":1,"expanded_combat:diamond_dancer_s_sword":532,"minecraft:spruce_slab":2,"minecraft:ladder":21,"minecraft:chest":9,"minecraft:stone":50,"quark:cherry_chest":4,"ironchest:iron_chest":1,"minecraft:lava_bucket":9,"minecraft:dark_oak_slab":58,"ironfurnaces:iron_furnace":3,"minecraft:furnace":2,"minecraft:egg":1,"minecraft:potato":120,"spartanweaponry:iron_greatsword":133,"minecraft:damaged_anvil":1,"minecraft:cactus":8,"minecraft:blackstone":144,"minecraft:wooden_pickaxe":18,"artifacts:eternal_steak":1,"minecraft:composter":1,"minecraft:dark_oak_trapdoor":23,"minecraft:sand":45,"minecraft:blast_furnace":1,"minecraft:zombie_head":5,"minecraft:cyan_carpet":31,"minecraft:lectern":176,"minecraft:smithing_table":7,"minecraft:dark_oak_fence":2,"minecraft:oak_boat":4,"minecraft:oak_trapdoor":8,"ironfurnaces:gold_furnace":4,"minecraft:polished_blackstone_brick_slab":18,"minecraft:enchanting_table":2,"minecraft:netherrack":225,"minecraft:torch":179,"minecraft:brewing_stand":4,"minecraft:wheat":46,"minecraft:stone_stairs":4,"quark:cherry_bookshelf":17,"minecraft:oak_fence_gate":11,"minecraft:chipped_anvil":1,"minecraft:iron_axe":301,"minecraft:cherry_slab":12,"minecraft:barrel":12,"minecraft:iron_trapdoor":3,"minecraft:cherry_log":41,"minecraft:wheat_seeds":158,"minecraft:water_bucket":123,"minecraft:bundle":2,"minecraft:cherry_planks":87,"minecraft:fletching_table":5,"minecraft:polished_blackstone_bricks":1098,"minecraft:oak_slab":175,"minecraft:crafting_table":21,"minecraft:red_bed":4,"minecraft:white_bed":19,"minecraft:oak_log":36,"minecraft:diamond_pickaxe":1561,"minecraft:iron_pickaxe":997,"alexsmobs:kangaroo_meat":1,"minecraft:cobblestone":219,"minecraft:cooked_porkchop":10,"quark:oak_chest":3,"minecraft:iron_shovel":442,"minecraft:oak_sign":9,"minecraft:shield":14,"minecraft:iron_sword":493,"minecraft:carrot":45,"minecraft:obsidian":2,"minecraft:glass":151,"minecraft:lantern":58,"minecraft:stone_bricks":1,"minecraft:red_carpet":38,"spartanweaponry:diamond_heavy_crossbow":4,"minecraft:stone_pickaxe":1060,"minecraft:oak_planks":436,"minecraft:sugar_cane":19,"alexscaves:cave_book":2,"ironchest:copper_chest":1,"minecraft:dark_oak_log":102,"spartanweaponry:iron_saber":246,"minecraft:bread":132,"minecraft:brown_wool":1,"spartanweaponry:wooden_boomerang":8,"minecraft:grindstone":8,"spartanweaponry:diamond_longbow":27,"minecraft:andesite":15,"minecraft:coarse_dirt":2,"ironchest:crystal_chest":6,"minecraft:bone_meal":1,"minecraft:golden_pickaxe":45,"minecraft:experience_bottle":2,"minecraft:cobweb":5,"minecraft:oak_fence":30,"quark:polished_blackstone_brick_vertical_slab":1,"minecraft:stone_shovel":131,"minecraft:spruce_planks":30,"minecraft:stone_hoe":138,"minecraft:oak_door":6,"minecraft:dirt":254,"ironchest:diamond_chest":1,"minecraft:hopper":9,"minecraft:spruce_stairs":1,"minecraft:cobblestone_wall":9,"minecraft:iron_hoe":500,"minecraft:dark_oak_planks":240,"minecraft:wooden_axe":179,"quark:spruce_chest":4,"minecraft:oak_stairs":110,"spartanweaponry:iron_rapier":167,"alexscaves:spelunkery_table":1,"quark:andesite_bricks":1,"minecraft:cooked_beef":6,"minecraft:glass_bottle":3,"minecraft:baked_potato":97,"minecraft:stonecutter":3,"minecraft:cobblestone_slab":238,"spartanweaponry:iron_katana":20,"minecraft:smoker":1,"minecraft:dark_oak_door":2,"minecraft:apple":11,"minecraft:cherry_door":2,"minecraft:stone_slab":4,"minecraft:stone_axe":259,"minecraft:pink_petals":15,"ironfurnaces:emerald_furnace":1,"minecraft:bucket":134,"alexsmobs:animal_dictionary":4},"minecraft:broken":{"minecraft:iron_boots":1,"minecraft:iron_chestplate":1,"minecraft:iron_leggings":1,"minecraft:iron_sword":2,"minecraft:iron_hoe":2,"spartanweaponry:iron_saber":1,"spartanweaponry:iron_katana":1,"minecraft:iron_pickaxe":2,"minecraft:iron_helmet":1,"minecraft:iron_shovel":2,"minecraft:stone_pickaxe":8,"minecraft:stone_axe":4,"minecraft:wooden_axe":3,"spartanweaponry:wooden_boomerang":1,"minecraft:stone_shovel":1,"minecraft:leather_boots":1},"minecraft:dropped":{"minecraft:dark_oak_button":3,"minecraft:leather_helmet":6,"minecraft:dirt":107,"minecraft:red_bed":1,"minecraft:stone_button":2,"minecraft:dark_oak_trapdoor":1,"minecraft:iron_pickaxe":3,"minecraft:dark_oak_planks":32,"minecraft:cyan_carpet":1,"minecraft:bone":3,"usefulbackpacks:backpack_large":1,"alexsmobs:gazelle_horn":1,"minecraft:cobbled_deepslate":1,"alexsmobs:animal_dictionary":1,"minecraft:wheat":1,"minecraft:obsidian":1,"minecraft:rotten_flesh":120,"minecraft:oak_planks":194,"minecraft:white_bed":1,"minecraft:charcoal":3,"minecraft:leather_boots":5,"minecraft:ladder":2,"minecraft:leather_leggings":8,"minecraft:spruce_slab":1,"minecraft:beef":1,"minecraft:lectern":1,"minecraft:egg":3,"minecraft:enchanted_book":1,"minecraft:iron_ingot":8,"usefulbackpacks:backpack_medium":1,"minecraft:wheat_seeds":86,"minecraft:oak_fence":3,"minecraft:feather":1,"minecraft:cobblestone":113,"minecraft:book":3,"minecraft:apple":5,"spartanweaponry:wooden_boomerang":1,"minecraft:wooden_axe":2,"artifacts:plastic_drinking_hat":1,"minecraft:cherry_planks":17,"minecraft:oak_stairs":3,"minecraft:string":1,"minecraft:stone_sword":1,"minecraft:cobblestone_wall":2,"minecraft:smooth_stone_slab":1,"minecraft:experience_bottle":1,"minecraft:stone_slab":13,"minecraft:oak_sign":3,"minecraft:potato":346,"minecraft:hay_block":3,"minecraft:flower_pot":1,"minecraft:allium":1,"minecraft:bundle":1,"minecraft:diamond_pickaxe":3,"artifacts:eternal_steak":1,"minecraft:redstone_torch":1,"minecraft:stone_pressure_plate":3,"minecraft:spider_eye":5,"minecraft:brown_carpet":3,"minecraft:bow":4,"minecraft:magenta_dye":1,"minecraft:moss_block":1,"minecraft:baked_potato":87,"minecraft:lantern":1,"usefulbackpacks:backpack_small":1,"spartanweaponry:iron_katana":1,"minecraft:polished_blackstone_bricks":15,"minecraft:armor_stand":12,"minecraft:gravel":3,"minecraft:blackstone":771,"ironfurnaces:gold_furnace":1,"minecraft:cherry_sapling":171,"artifacts:villager_hat":10,"minecraft:beehive":1,"minecraft:carrot":49,"minecraft:poppy":3,"minecraft:leather_chestplate":6,"minecraft:spruce_pressure_plate":2,"minecraft:azalea":2,"minecraft:basalt":3,"minecraft:birch_button":64,"minecraft:iron_bars":9,"minecraft:arrow":27,"minecraft:scaffolding":2,"minecraft:netherrack":12,"minecraft:stone_hoe":1,"minecraft:bread":76,"minecraft:golden_helmet":2,"minecraft:cherry_log":1,"minecraft:poisonous_potato":10,"minecraft:spruce_stairs":5,"minecraft:stick":4,"minecraft:torch":6,"minecraft:green_dye":11,"minecraft:brown_wool":3,"spartanweaponry:iron_greatsword":2,"minecraft:pink_petals":5,"minecraft:dandelion":3,"minecraft:smooth_basalt":1,"alexsmobs:maggot":1,"minecraft:coarse_dirt":1,"minecraft:tuff":3,"minecraft:stripped_oak_log":2,"minecraft:filled_map":2,"minecraft:shield":1,"minecraft:andesite":105,"minecraft:golden_leggings":2,"minecraft:oak_sapling":72,"minecraft:stone_pickaxe":6},"minecraft:picked_up":{"minecraft:flower_pot":1,"minecraft:lead":2,"minecraft:smithing_table":7,"minecraft:stone_slab":5,"minecraft:oak_stairs":49,"minecraft:birch_button":64,"minecraft:brewing_stand":4,"minecraft:string":125,"minecraft:dark_oak_trapdoor":14,"alexsmobs:emu_feather":4,"minecraft:gold_nugget":31,"minecraft:cobbled_deepslate":57,"minecraft:spruce_planks":6,"minecraft:coal_block":16,"minecraft:dark_oak_door":1,"minecraft:golden_helmet":8,"minecraft:spruce_pressure_plate":4,"minecraft:beehive":1,"minecraft:composter":1,"quark:cherry_chest":2,"minecraft:cherry_log":382,"ironchest:diamond_chest":1,"minecraft:brown_carpet":3,"minecraft:stone_sword":1,"quark:clear_shard":42,"artifacts:villager_hat":8,"minecraft:iron_bars":9,"minecraft:magma_block":35,"minecraft:feather":5,"minecraft:cooked_beef":3,"minecraft:brown_wool":3,"minecraft:smoker":1,"ironchest:copper_chest":1,"alexsmobs:bison_fur":4,"minecraft:flint":3,"minecraft:lantern":30,"minecraft:chipped_anvil":1,"spartanweaponry:iron_greatsword":2,"minecraft:stonecutter":4,"minecraft:moss_block":1,"quark:andesite_bricks":1,"minecraft:dark_oak_log":206,"minecraft:barrel":6,"minecraft:bundle":1,"minecraft:iron_hoe":1,"alexsmobs:kangaroo_hide":7,"minecraft:miner_pottery_sherd":1,"minecraft:bread":18,"alexsmobs:maggot":1,"minecraft:dark_oak_fence":2,"minecraft:diamond_pickaxe":2,"minecraft:crafting_table":14,"minecraft:coarse_dirt":3,"minecraft:leather_leggings":8,"minecraft:golden_pickaxe":1,"minecraft:mourner_pottery_sherd":1,"minecraft:infested_cobblestone":18,"usefulbackpacks:backpack_medium":1,"minecraft:stripped_cherry_log":28,"minecraft:red_bed":5,"minecraft:white_carpet":4,"minecraft:iron_shovel":1,"quark:spruce_chest":4,"usefulbackpacks:backpack_small":1,"minecraft:beef":71,"minecraft:poppy":9,"minecraft:spruce_slab":3,"minecraft:chest":1,"minecraft:birch_sapling":3,"minecraft:egg":4,"minecraft:stone":12,"minecraft:oak_door":3,"ironchest:iron_chest":1,"minecraft:skull_pottery_sherd":1,"minecraft:carrot":99,"minecraft:redstone":180,"minecraft:tnt":7,"ironfurnaces:gold_furnace":5,"minecraft:hay_block":34,"minecraft:mutton":10,"minecraft:white_wool":7,"alexsmobs:kangaroo_meat":7,"minecraft:stripped_oak_log":8,"spartanweaponry:iron_longsword":1,"minecraft:filled_map":1,"minecraft:oak_log":415,"minecraft:apple":25,"minecraft:stone_bricks":1,"minecraft:stone_pickaxe":6,"minecraft:oak_fence_gate":8,"minecraft:cobweb":5,"minecraft:iron_sword":2,"minecraft:smooth_basalt":1,"minecraft:dark_oak_slab":56,"minecraft:red_wool":3,"minecraft:gravel":32,"minecraft:prize_pottery_sherd":1,"minecraft:leather_helmet":6,"quark:polished_blackstone_brick_vertical_slab":1,"minecraft:gray_wool":1,"minecraft:baked_potato":143,"minecraft:hopper":6,"minecraft:wheat":110,"minecraft:iron_trapdoor":3,"alexsmobs:gazelle_horn":3,"spartanweaponry:iron_katana":2,"minecraft:raw_copper":39,"minecraft:smooth_stone_slab":1,"minecraft:armor_stand":12,"minecraft:zombie_head":5,"minecraft:experience_bottle":3,"minecraft:oak_sign":10,"minecraft:redstone_torch":1,"minecraft:cobblestone_slab":186,"minecraft:azalea":2,"minecraft:iron_pickaxe":1,"minecraft:furnace":4,"minecraft:stick":278,"ironchest:crystal_chest":4,"minecraft:oak_fence":3,"minecraft:torch":156,"minecraft:spruce_stairs":6,"minecraft:porkchop":26,"minecraft:cactus":20,"minecraft:rotten_flesh":85,"alexsmobs:emu_egg":1,"minecraft:obsidian":16,"minecraft:cobblestone":813,"minecraft:enchanting_table":1,"minecraft:pink_petals":20,"minecraft:leather_chestplate":5,"minecraft:lilac":5,"minecraft:cherry_planks":11,"minecraft:andesite":227,"minecraft:golden_leggings":8,"minecraft:potato":550,"alexsmobs:bear_fur":2,"minecraft:magenta_dye":1,"minecraft:tuff":3,"minecraft:dirt":792,"minecraft:lapis_lazuli":118,"minecraft:leather_boots":6,"minecraft:bone":20,"minecraft:bow":5,"minecraft:wheat_seeds":288,"minecraft:raw_gold":27,"minecraft:grindstone":7,"minecraft:fletching_table":5,"ironfurnaces:iron_furnace":2,"minecraft:oak_planks":268,"minecraft:poisonous_potato":10,"minecraft:sand":245,"artifacts:plastic_drinking_hat":1,"minecraft:diamond":37,"minecraft:crossbow":1,"minecraft:bone_meal":12,"minecraft:emerald":3,"alexsmobs:banana_slug_slime":2,"minecraft:oak_sapling":179,"minecraft:netherrack":768,"minecraft:charcoal":5,"minecraft:allium":1,"minecraft:chicken":2,"minecraft:ladder":7,"minecraft:oak_trapdoor":2,"minecraft:blackstone":1922,"minecraft:cyan_carpet":32,"spartanweaponry:iron_longbow":2,"minecraft:oak_boat":4,"minecraft:light_gray_wool":1,"minecraft:lectern":179,"minecraft:sugar_cane":104,"minecraft:dark_oak_sapling":32,"minecraft:raw_iron":125,"minecraft:polished_blackstone_bricks":153,"minecraft:stone_button":2,"minecraft:stone_pressure_plate":3,"minecraft:dark_oak_planks":14,"minecraft:arrow":49,"alexscaves:spelunkery_table":1,"minecraft:dark_oak_button":3,"minecraft:basalt":3,"artifacts:eternal_steak":1,"minecraft:leather":26,"minecraft:gunpowder":10,"minecraft:cobblestone_wall":2,"minecraft:red_carpet":64,"minecraft:rabbit_hide":4,"minecraft:iron_ingot":28,"minecraft:green_dye":6,"minecraft:book":89,"minecraft:scaffolding":2,"minecraft:oak_slab":41,"minecraft:quartz":69,"minecraft:dandelion":3,"minecraft:blast_furnace":1,"minecraft:white_bed":17,"quark:oak_chest":4,"minecraft:spider_eye":14,"usefulbackpacks:backpack_large":1,"minecraft:cherry_sapling":287,"ironfurnaces:emerald_furnace":1,"minecraft:damaged_anvil":1,"minecraft:coal":303},"minecraft:killed":{"minecraft:cave_spider":327,"alexsmobs:bald_eagle":1,"minecraft:skeleton":24,"minecraft:chicken":2,"alexsmobs:straddler":1,"minecraft:iron_golem":2,"minecraft:zombie":68,"alexsmobs:maned_wolf":1,"minecraft:cow":23,"minecraft:horse":3,"minecraft:spider":15,"alexsmobs:banana_slug":2,"alexsmobs:kangaroo":5,"minecraft:wolf":1,"minecraft:pig":17,"alexsmobs:grizzly_bear":3,"minecraft:creeper":6,"minecraft:sheep":3,"minecraft:trader_llama":1,"alexsmobs:blue_jay":1,"alexsmobs:bison":4,"minecraft:drowned":1,"minecraft:bat":1,"alexsmobs:emu":3,"alexsmobs:cockroach":1,"alexsmobs:gazelle":5,"minecraft:wither_skeleton":2}},"DataVersion":3465}