{"stats":{"minecraft:mined":{"minecraft:white_bed":1,"minecraft:oak_trapdoor":1,"minecraft:oak_door":1,"minecraft:iron_ore":8,"minecraft:potted_lily_of_the_valley":1,"minecraft:andesite":4,"minecraft:oak_fence":2,"minecraft:grass":4,"minecraft:potted_azure_bluet":1,"minecraft:emerald_ore":1,"minecraft:bookshelf":21,"minecraft:grass_block":1,"minecraft:oak_log":14,"minecraft:coal_ore":56,"minecraft:deepslate_iron_ore":8,"minecraft:oak_stairs":2,"minecraft:white_stained_glass_pane":1,"minecraft:lantern":3,"minecraft:copper_ore":4,"minecraft:potted_cornflower":1,"minecraft:stone_bricks":6,"minecraft:stone":15,"minecraft:cake":1,"minecraft:oak_leaves":1},"minecraft:crafted":{"minecraft:oak_planks":56,"minecraft:wooden_axe":1},"minecraft:used":{"minecraft:wooden_axe":45,"minecraft:iron_pickaxe":107,"minecraft:cobblestone":9,"minecraft:potato":8},"minecraft:picked_up":{"minecraft:wooden_axe":1,"minecraft:stick":7,"minecraft:raw_iron":16,"minecraft:azure_bluet":2,"minecraft:flower_pot":5,"minecraft:oak_door":1,"minecraft:andesite":4,"minecraft:oak_fence":2,"minecraft:wooden_pickaxe":1,"minecraft:oak_stairs":2,"minecraft:oak_log":14,"minecraft:white_bed":1,"minecraft:lily_of_the_valley":1,"minecraft:redstone":1,"minecraft:cornflower":1,"minecraft:dirt":1,"minecraft:oak_trapdoor":1,"minecraft:lantern":6,"minecraft:raw_copper":14,"minecraft:armor_stand":2,"minecraft:stone_bricks":6,"minecraft:wheat_seeds":37,"minecraft:emerald":1,"minecraft:gold_ingot":1,"minecraft:iron_pickaxe":1,"minecraft:oak_sapling":1,"minecraft:coal":56,"minecraft:cobblestone":14,"minecraft:book":65},"minecraft:dropped":{"minecraft:dirt":1,"minecraft:flower_pot":2},"minecraft:custom":{"minecraft:time_since_rest":8518,"minecraft:sprint_one_cm":107140,"minecraft:damage_taken":275,"minecraft:walk_one_cm":74748,"minecraft:mob_kills":1,"minecraft:drop":2,"minecraft:damage_dealt":281,"minecraft:swim_one_cm":781,"minecraft:interact_with_crafting_table":1,"minecraft:talked_to_villager":2,"minecraft:fly_one_cm":42902,"minecraft:play_time":18690,"minecraft:open_chest":3,"minecraft:crouch_one_cm":51,"minecraft:deaths":1,"minecraft:sneak_time":61,"minecraft:walk_under_water_one_cm":77,"minecraft:jump":264,"minecraft:leave_game":2,"minecraft:time_since_death":8503,"minecraft:walk_on_water_one_cm":187,"minecraft:total_world_time":18690,"minecraft:climb_one_cm":552,"minecraft:fall_one_cm":7985}},"DataVersion":3465}