{"stats":{"minecraft:mined":{"minecraft:tuff":2,"minecraft:white_bed":2,"minecraft:deepslate_diamond_ore":4,"minecraft:oak_door":1,"minecraft:brewing_stand":1,"minecraft:obsidian":21,"minecraft:grass_block":5,"minecraft:smooth_stone":9,"minecraft:magma_block":95,"minecraft:redstone_ore":12,"minecraft:oak_trapdoor":1,"minecraft:carrots":4,"minecraft:iron_ore":64,"minecraft:fire":2,"minecraft:andesite":1125,"minecraft:bookshelf":71,"minecraft:deepslate_iron_ore":17,"minecraft:oak_stairs":2,"minecraft:lantern":3,"minecraft:potted_cornflower":1,"minecraft:stone":258,"minecraft:cake":1,"minecraft:deepslate_redstone_ore":6,"minecraft:blackstone":159,"quark:oak_chest":2,"minecraft:potted_lily_of_the_valley":1,"minecraft:oak_fence":2,"minecraft:emerald_ore":1,"minecraft:calcite":22,"minecraft:white_stained_glass_pane":1,"minecraft:tall_grass":20,"minecraft:copper_ore":7,"minecraft:cobblestone":3,"minecraft:lapis_ore":4,"minecraft:deepslate_gold_ore":7,"minecraft:oak_planks":24,"minecraft:damaged_anvil":1,"minecraft:diorite":6,"minecraft:wall_torch":6,"minecraft:redstone_torch":1,"minecraft:grass":61,"minecraft:potted_azure_bluet":1,"minecraft:oak_log":261,"minecraft:coal_ore":149,"minecraft:gravel":5,"minecraft:dirt":11,"minecraft:stone_bricks":8,"minecraft:gold_ore":14,"minecraft:oak_leaves":1,"minecraft:deepslate":247},"minecraft:killed":{"alexsmobs:tiger":1,"minecraft:spider":4,"minecraft:skeleton":4,"minecraft:chicken":1,"alexsmobs:bison":1,"alexsmobs:catfish":1,"minecraft:zombie":6,"alexsmobs:fly":2},"minecraft:crafted":{"minecraft:oak_planks":584,"minecraft:iron_axe":1,"minecraft:crafting_table":4,"minecraft:iron_sword":1,"minecraft:bucket":1,"minecraft:air":0,"minecraft:diamond_pickaxe":1,"minecraft:shield":1,"minecraft:stick":24,"quark:oak_chest":1,"minecraft:iron_ingot":62,"minecraft:iron_pickaxe":4,"minecraft:wooden_axe":1,"minecraft:torch":64},"minecraft:used":{"minecraft:shield":8,"minecraft:iron_sword":81,"minecraft:rotten_flesh":5,"minecraft:torch":55,"minecraft:carrot":26,"minecraft:wooden_axe":49,"minecraft:lava_bucket":1,"minecraft:iron_axe":40,"minecraft:item_frame":2,"minecraft:oak_sapling":95,"minecraft:potato":9,"minecraft:wheat_seeds":4,"minecraft:water_bucket":18,"minecraft:diorite":4,"minecraft:oak_planks":32,"minecraft:wooden_pickaxe":43,"minecraft:crafting_table":4,"minecraft:white_bed":1,"minecraft:diamond_pickaxe":1081,"minecraft:iron_pickaxe":1168,"minecraft:cobblestone":100,"minecraft:bucket":18,"minecraft:andesite":246,"quark:oak_chest":3},"minecraft:picked_up":{"minecraft:wooden_axe":1,"minecraft:wheat":1,"minecraft:azure_bluet":2,"minecraft:chicken":1,"minecraft:flower_pot":5,"minecraft:wooden_pickaxe":1,"minecraft:oak_stairs":2,"minecraft:brewing_stand":1,"minecraft:cornflower":1,"minecraft:oak_trapdoor":1,"minecraft:string":6,"minecraft:raw_copper":16,"minecraft:armor_stand":8,"minecraft:item_frame":2,"minecraft:blackstone":135,"minecraft:cobbled_deepslate":117,"minecraft:smooth_stone":9,"minecraft:calcite":21,"minecraft:iron_pickaxe":1,"minecraft:egg":1,"minecraft:stick":71,"quark:music_disc_fire":1,"minecraft:raw_iron":81,"minecraft:oak_door":1,"minecraft:oak_fence":4,"minecraft:torch":8,"minecraft:diorite":6,"minecraft:carrot":23,"minecraft:redstone":66,"minecraft:arrow":3,"minecraft:rotten_flesh":6,"minecraft:gold_ingot":1,"minecraft:obsidian":20,"minecraft:cobblestone":241,"minecraft:magma_block":86,"minecraft:feather":2,"minecraft:andesite":695,"minecraft:potato":1,"minecraft:oak_log":256,"minecraft:gunpowder":2,"minecraft:lapis_lazuli":16,"minecraft:dirt":32,"minecraft:lantern":19,"minecraft:bone":1,"minecraft:stone_bricks":8,"minecraft:apple":8,"minecraft:wheat_seeds":50,"minecraft:raw_gold":21,"minecraft:iron_ingot":1,"minecraft:oak_planks":22,"minecraft:book":215,"minecraft:dandelion":2,"minecraft:gravel":5,"minecraft:ink_sac":2,"minecraft:white_bed":2,"minecraft:lily_of_the_valley":1,"quark:oak_chest":2,"minecraft:diamond":7,"minecraft:emerald":1,"alexsmobs:maggot":1,"minecraft:oak_sapling":96,"minecraft:damaged_anvil":1,"minecraft:coal":148},"minecraft:broken":{"minecraft:iron_axe":1,"minecraft:iron_pickaxe":3,"minecraft:wooden_axe":1},"minecraft:dropped":{"minecraft:wheat_seeds":46,"minecraft:oak_fence":3,"minecraft:feather":2,"minecraft:cobblestone":6,"minecraft:dirt":26,"minecraft:ink_sac":2,"minecraft:cornflower":1,"minecraft:oak_stairs":2,"minecraft:iron_pickaxe":2,"minecraft:smooth_stone":7,"minecraft:string":2,"minecraft:dandelion":2,"minecraft:bone":1,"minecraft:oak_door":1,"alexsmobs:maggot":1,"minecraft:oak_trapdoor":1,"minecraft:cobbled_deepslate":1,"minecraft:wheat":1,"minecraft:rotten_flesh":1,"minecraft:damaged_anvil":1,"minecraft:azure_bluet":2,"minecraft:lily_of_the_valley":1,"minecraft:flower_pot":5,"minecraft:andesite":6,"minecraft:oak_sapling":3,"minecraft:arrow":3,"minecraft:wooden_pickaxe":1,"minecraft:egg":1},"minecraft:custom":{"minecraft:mob_kills":25,"minecraft:interact_with_crafting_table":23,"minecraft:leave_game":5,"minecraft:time_since_death":49558,"minecraft:climb_one_cm":1628,"minecraft:sprint_one_cm":365964,"minecraft:walk_one_cm":490785,"minecraft:damage_blocked_by_shield":226,"minecraft:drop":38,"minecraft:talked_to_villager":10,"minecraft:play_time":157435,"minecraft:deaths":8,"minecraft:sneak_time":1120,"minecraft:walk_under_water_one_cm":9728,"minecraft:jump":1556,"minecraft:walk_on_water_one_cm":17820,"minecraft:total_world_time":157435,"minecraft:interact_with_furnace":30,"minecraft:sleep_in_bed":2,"minecraft:time_since_rest":35305,"minecraft:damage_taken":2787,"minecraft:damage_dealt":4276,"minecraft:swim_one_cm":1327,"minecraft:fly_one_cm":258072,"minecraft:open_chest":48,"minecraft:crouch_one_cm":2962,"minecraft:fall_one_cm":42505}},"DataVersion":3465}