{"stats":{"minecraft:mined":{"minecraft:white_bed":2,"minecraft:deepslate_diamond_ore":4,"minecraft:oak_door":1,"minecraft:brewing_stand":1,"minecraft:obsidian":21,"minecraft:grass_block":5,"minecraft:smooth_stone":9,"minecraft:oak_trapdoor":1,"minecraft:magma_block":95,"minecraft:redstone_ore":3,"minecraft:carrots":4,"minecraft:iron_ore":47,"minecraft:fire":2,"minecraft:andesite":337,"minecraft:bookshelf":71,"minecraft:deepslate_iron_ore":15,"minecraft:oak_stairs":2,"minecraft:lantern":3,"minecraft:potted_cornflower":1,"minecraft:stone":142,"minecraft:cake":1,"minecraft:deepslate_redstone_ore":5,"minecraft:blackstone":159,"quark:oak_chest":2,"minecraft:potted_lily_of_the_valley":1,"minecraft:oak_fence":2,"minecraft:emerald_ore":1,"minecraft:calcite":22,"minecraft:white_stained_glass_pane":1,"minecraft:copper_ore":5,"minecraft:cobblestone":3,"minecraft:lapis_ore":2,"minecraft:oak_planks":24,"minecraft:damaged_anvil":1,"minecraft:diorite":6,"minecraft:wall_torch":4,"minecraft:grass":15,"minecraft:potted_azure_bluet":1,"minecraft:coal_ore":149,"minecraft:oak_log":261,"minecraft:gravel":5,"minecraft:dirt":11,"minecraft:stone_bricks":8,"minecraft:oak_leaves":1,"minecraft:deepslate":29},"minecraft:killed":{"alexsmobs:tiger":1,"minecraft:spider":1,"minecraft:skeleton":3,"minecraft:chicken":1,"alexsmobs:bison":1,"alexsmobs:catfish":1,"minecraft:zombie":6,"alexsmobs:fly":2},"minecraft:crafted":{"minecraft:oak_planks":72,"minecraft:iron_axe":1,"minecraft:crafting_table":3,"minecraft:iron_sword":1,"minecraft:bucket":1,"minecraft:air":0,"minecraft:diamond_pickaxe":1,"minecraft:shield":1,"minecraft:stick":24,"minecraft:iron_ingot":62,"minecraft:iron_pickaxe":4,"minecraft:wooden_axe":1,"minecraft:torch":64},"minecraft:used":{"minecraft:shield":5,"minecraft:iron_sword":65,"minecraft:rotten_flesh":5,"minecraft:torch":48,"minecraft:carrot":20,"minecraft:wooden_axe":49,"minecraft:lava_bucket":1,"minecraft:iron_axe":40,"minecraft:item_frame":2,"minecraft:oak_sapling":95,"minecraft:potato":9,"minecraft:wheat_seeds":4,"minecraft:water_bucket":15,"minecraft:diorite":4,"minecraft:oak_planks":22,"minecraft:wooden_pickaxe":43,"minecraft:crafting_table":3,"minecraft:white_bed":1,"minecraft:diamond_pickaxe":127,"minecraft:iron_pickaxe":942,"minecraft:cobblestone":31,"minecraft:bucket":16,"minecraft:andesite":162,"quark:oak_chest":2},"minecraft:picked_up":{"minecraft:wooden_axe":1,"minecraft:wheat":1,"minecraft:azure_bluet":2,"minecraft:chicken":1,"minecraft:flower_pot":5,"minecraft:wooden_pickaxe":1,"minecraft:oak_stairs":2,"minecraft:brewing_stand":1,"minecraft:cornflower":1,"minecraft:oak_trapdoor":1,"minecraft:string":2,"minecraft:raw_copper":16,"minecraft:item_frame":2,"minecraft:armor_stand":8,"minecraft:blackstone":135,"minecraft:smooth_stone":9,"minecraft:cobbled_deepslate":23,"minecraft:calcite":21,"minecraft:iron_pickaxe":1,"minecraft:egg":1,"minecraft:raw_iron":62,"quark:music_disc_fire":1,"minecraft:stick":71,"minecraft:oak_door":1,"minecraft:oak_fence":3,"minecraft:torch":4,"minecraft:diorite":6,"minecraft:carrot":23,"minecraft:redstone":38,"minecraft:arrow":1,"minecraft:rotten_flesh":6,"minecraft:gold_ingot":1,"minecraft:obsidian":20,"minecraft:cobblestone":129,"minecraft:magma_block":86,"minecraft:feather":2,"minecraft:andesite":330,"minecraft:potato":1,"minecraft:oak_log":256,"minecraft:gunpowder":2,"minecraft:lapis_lazuli":16,"minecraft:dirt":32,"minecraft:lantern":19,"minecraft:bone":1,"minecraft:apple":8,"minecraft:stone_bricks":8,"minecraft:wheat_seeds":50,"minecraft:iron_ingot":1,"minecraft:oak_planks":22,"minecraft:book":215,"minecraft:dandelion":2,"minecraft:gravel":5,"minecraft:ink_sac":2,"minecraft:white_bed":2,"minecraft:lily_of_the_valley":1,"quark:oak_chest":2,"minecraft:diamond":7,"minecraft:emerald":1,"alexsmobs:maggot":1,"minecraft:oak_sapling":96,"minecraft:damaged_anvil":1,"minecraft:coal":148},"minecraft:broken":{"minecraft:iron_axe":1,"minecraft:iron_pickaxe":2,"minecraft:wooden_axe":1},"minecraft:dropped":{"minecraft:wheat_seeds":44,"minecraft:feather":2,"minecraft:oak_fence":2,"minecraft:cobblestone":6,"minecraft:dirt":22,"minecraft:cornflower":1,"minecraft:oak_stairs":2,"minecraft:iron_pickaxe":2,"minecraft:string":2,"minecraft:dandelion":2,"minecraft:bone":1,"minecraft:oak_door":1,"minecraft:oak_trapdoor":1,"minecraft:damaged_anvil":1,"minecraft:azure_bluet":2,"minecraft:lily_of_the_valley":1,"minecraft:flower_pot":5,"minecraft:andesite":4,"minecraft:oak_sapling":3,"minecraft:wooden_pickaxe":1,"minecraft:egg":1},"minecraft:custom":{"minecraft:mob_kills":19,"minecraft:interact_with_crafting_table":22,"minecraft:leave_game":3,"minecraft:time_since_death":19386,"minecraft:climb_one_cm":1628,"minecraft:sprint_one_cm":333404,"minecraft:walk_one_cm":400929,"minecraft:damage_blocked_by_shield":134,"minecraft:drop":27,"minecraft:talked_to_villager":10,"minecraft:play_time":127263,"minecraft:deaths":8,"minecraft:sneak_time":1055,"minecraft:walk_under_water_one_cm":7846,"minecraft:jump":1304,"minecraft:walk_on_water_one_cm":17569,"minecraft:total_world_time":127263,"minecraft:interact_with_furnace":30,"minecraft:sleep_in_bed":2,"minecraft:time_since_rest":5133,"minecraft:damage_taken":2613,"minecraft:damage_dealt":3392,"minecraft:swim_one_cm":1327,"minecraft:fly_one_cm":231893,"minecraft:open_chest":46,"minecraft:crouch_one_cm":2918,"minecraft:fall_one_cm":40833}},"DataVersion":3465}