{"stats":{"minecraft:mined":{"minecraft:white_bed":1,"quark:oak_chest":2,"minecraft:oak_door":1,"minecraft:potted_lily_of_the_valley":1,"minecraft:oak_fence":2,"minecraft:emerald_ore":1,"minecraft:grass_block":1,"minecraft:white_stained_glass_pane":1,"minecraft:copper_ore":4,"minecraft:cobblestone":1,"minecraft:oak_planks":10,"minecraft:diorite":6,"minecraft:oak_trapdoor":1,"minecraft:iron_ore":26,"minecraft:andesite":50,"minecraft:grass":4,"minecraft:potted_azure_bluet":1,"minecraft:bookshelf":45,"minecraft:coal_ore":124,"minecraft:oak_log":14,"minecraft:deepslate_iron_ore":8,"minecraft:oak_stairs":2,"minecraft:lantern":3,"minecraft:dirt":5,"minecraft:potted_cornflower":1,"minecraft:stone":43,"minecraft:stone_bricks":8,"minecraft:cake":1,"minecraft:oak_leaves":1},"minecraft:crafted":{"minecraft:oak_planks":56,"minecraft:crafting_table":1,"minecraft:iron_sword":1,"minecraft:air":0,"minecraft:shield":1,"minecraft:stick":4,"minecraft:iron_ingot":16,"minecraft:iron_pickaxe":1,"minecraft:wooden_axe":1,"minecraft:torch":24},"minecraft:used":{"minecraft:diorite":4,"minecraft:oak_planks":8,"minecraft:wooden_pickaxe":36,"minecraft:iron_sword":1,"minecraft:torch":16,"minecraft:crafting_table":1,"minecraft:white_bed":1,"minecraft:wooden_axe":49,"minecraft:iron_pickaxe":256,"minecraft:cobblestone":17,"minecraft:andesite":3,"quark:oak_chest":2,"minecraft:potato":8},"minecraft:picked_up":{"minecraft:wooden_axe":1,"minecraft:azure_bluet":2,"minecraft:flower_pot":5,"minecraft:andesite":50,"minecraft:wooden_pickaxe":1,"minecraft:oak_stairs":2,"minecraft:oak_log":14,"minecraft:cornflower":1,"minecraft:oak_trapdoor":1,"minecraft:dirt":5,"minecraft:lantern":11,"minecraft:raw_copper":14,"minecraft:armor_stand":4,"minecraft:stone_bricks":8,"minecraft:wheat_seeds":37,"minecraft:iron_pickaxe":1,"minecraft:oak_planks":8,"minecraft:book":137,"minecraft:stick":7,"minecraft:raw_iron":34,"minecraft:oak_door":1,"minecraft:oak_fence":3,"minecraft:diorite":6,"minecraft:white_bed":1,"minecraft:lily_of_the_valley":1,"minecraft:redstone":1,"quark:oak_chest":2,"minecraft:gold_ingot":1,"minecraft:emerald":1,"minecraft:oak_sapling":1,"minecraft:coal":123,"minecraft:cobblestone":42},"minecraft:broken":{"minecraft:iron_pickaxe":1,"minecraft:wooden_axe":1},"minecraft:dropped":{"minecraft:wheat_seeds":37,"minecraft:oak_trapdoor":1,"minecraft:oak_fence":2,"minecraft:azure_bluet":2,"minecraft:lily_of_the_valley":1,"minecraft:dirt":1,"minecraft:flower_pot":5,"minecraft:cornflower":1,"minecraft:andesite":4,"minecraft:oak_sapling":3,"minecraft:oak_stairs":2,"minecraft:oak_door":1},"minecraft:custom":{"minecraft:interact_with_furnace":9,"minecraft:mob_kills":1,"minecraft:interact_with_crafting_table":9,"minecraft:leave_game":2,"minecraft:time_since_death":3431,"minecraft:sleep_in_bed":1,"minecraft:climb_one_cm":1628,"minecraft:time_since_rest":2915,"minecraft:sprint_one_cm":119623,"minecraft:damage_taken":682,"minecraft:walk_one_cm":209933,"minecraft:drop":13,"minecraft:damage_dealt":410,"minecraft:swim_one_cm":781,"minecraft:talked_to_villager":7,"minecraft:fly_one_cm":45752,"minecraft:open_chest":12,"minecraft:crouch_one_cm":144,"minecraft:play_time":42690,"minecraft:deaths":2,"minecraft:sneak_time":70,"minecraft:walk_under_water_one_cm":372,"minecraft:jump":408,"minecraft:walk_on_water_one_cm":1604,"minecraft:total_world_time":42690,"minecraft:fall_one_cm":12183}},"DataVersion":3465}