{"stats":{"minecraft:crafted":{"minecraft:oak_planks":56,"minecraft:wooden_axe":1},"minecraft:custom":{"minecraft:time_since_rest":7067,"minecraft:open_chest":3,"minecraft:crouch_one_cm":51,"minecraft:play_time":7067,"minecraft:sprint_one_cm":46824,"minecraft:damage_taken":215,"minecraft:walk_one_cm":25463,"minecraft:sneak_time":8,"minecraft:mob_kills":1,"minecraft:jump":68,"minecraft:damage_dealt":281,"minecraft:walk_on_water_one_cm":47,"minecraft:time_since_death":7067,"minecraft:climb_one_cm":552,"minecraft:total_world_time":7067,"minecraft:interact_with_crafting_table":1,"minecraft:fall_one_cm":3857,"minecraft:fly_one_cm":10085},"minecraft:used":{"minecraft:wooden_axe":14,"minecraft:potato":1},"minecraft:mined":{"minecraft:grass":3,"minecraft:grass_block":1,"minecraft:oak_log":14,"minecraft:white_bed":1},"minecraft:picked_up":{"minecraft:wooden_axe":1,"minecraft:armor_stand":2,"minecraft:stick":7,"minecraft:wooden_pickaxe":1,"minecraft:oak_log":14,"minecraft:iron_pickaxe":1,"minecraft:white_bed":1,"minecraft:oak_sapling":1,"minecraft:dirt":1}},"DataVersion":3465}