{"stats":{"minecraft:mined":{"minecraft:tuff":2,"minecraft:white_bed":2,"minecraft:deepslate_diamond_ore":4,"minecraft:oak_door":1,"minecraft:brewing_stand":1,"minecraft:obsidian":21,"minecraft:grass_block":5,"minecraft:smooth_stone":9,"minecraft:magma_block":95,"minecraft:redstone_ore":12,"minecraft:oak_trapdoor":1,"minecraft:carrots":4,"minecraft:iron_ore":64,"minecraft:fire":2,"minecraft:andesite":1125,"minecraft:bookshelf":71,"minecraft:deepslate_iron_ore":17,"minecraft:oak_stairs":9,"minecraft:lantern":3,"minecraft:potted_cornflower":1,"minecraft:stone":258,"minecraft:cake":1,"minecraft:deepslate_redstone_ore":6,"minecraft:blackstone":159,"quark:oak_chest":2,"minecraft:potted_lily_of_the_valley":1,"minecraft:dandelion":3,"minecraft:oak_fence":2,"minecraft:emerald_ore":1,"minecraft:calcite":22,"minecraft:poppy":1,"minecraft:white_stained_glass_pane":1,"minecraft:tall_grass":85,"minecraft:copper_ore":7,"minecraft:cobblestone":3,"minecraft:lapis_ore":4,"minecraft:deepslate_gold_ore":7,"minecraft:oak_planks":99,"minecraft:damaged_anvil":1,"minecraft:diorite":6,"minecraft:wall_torch":6,"minecraft:redstone_torch":1,"minecraft:grass":348,"minecraft:potted_azure_bluet":1,"minecraft:oak_log":272,"minecraft:coal_ore":149,"minecraft:gravel":5,"minecraft:dirt":11,"minecraft:stone_bricks":8,"minecraft:gold_ore":14,"minecraft:oak_leaves":1,"minecraft:deepslate":247},"minecraft:killed":{"alexsmobs:tiger":1,"minecraft:spider":7,"minecraft:phantom":1,"minecraft:skeleton":4,"minecraft:chicken":1,"alexsmobs:bison":1,"alexsmobs:catfish":1,"minecraft:zombie":10,"alexsmobs:fly":3},"minecraft:crafted":{"minecraft:oak_door":3,"minecraft:oak_planks":584,"minecraft:iron_axe":2,"minecraft:oak_fence":12,"minecraft:crafting_table":5,"minecraft:iron_sword":1,"minecraft:bucket":1,"minecraft:air":0,"minecraft:diamond_pickaxe":1,"minecraft:shield":1,"minecraft:stick":24,"quark:oak_chest":2,"minecraft:iron_ingot":62,"minecraft:iron_pickaxe":4,"minecraft:oak_stairs":12,"minecraft:wooden_axe":1,"minecraft:torch":64},"minecraft:used":{"minecraft:oak_fence":6,"minecraft:shield":8,"minecraft:iron_sword":109,"minecraft:rotten_flesh":5,"minecraft:oak_door":1,"minecraft:torch":56,"minecraft:carrot":36,"minecraft:wooden_axe":49,"minecraft:lava_bucket":1,"minecraft:iron_axe":130,"minecraft:oak_stairs":16,"minecraft:item_frame":2,"minecraft:oak_sapling":95,"minecraft:potato":9,"minecraft:wheat_seeds":4,"minecraft:water_bucket":18,"minecraft:diorite":4,"minecraft:oak_planks":286,"minecraft:wooden_pickaxe":43,"minecraft:crafting_table":5,"minecraft:white_bed":2,"minecraft:oak_log":65,"minecraft:diamond_pickaxe":1081,"minecraft:apple":3,"minecraft:iron_pickaxe":1168,"minecraft:cobblestone":100,"minecraft:bucket":18,"minecraft:andesite":246,"quark:oak_chest":4},"minecraft:picked_up":{"minecraft:wooden_axe":1,"minecraft:wheat":1,"minecraft:azure_bluet":2,"minecraft:chicken":1,"minecraft:flower_pot":5,"minecraft:wooden_pickaxe":1,"minecraft:oak_stairs":9,"minecraft:brewing_stand":1,"minecraft:cornflower":1,"minecraft:oak_trapdoor":1,"minecraft:string":10,"minecraft:raw_copper":16,"minecraft:armor_stand":8,"minecraft:item_frame":2,"minecraft:blackstone":135,"minecraft:cobbled_deepslate":117,"minecraft:smooth_stone":9,"minecraft:calcite":21,"minecraft:iron_pickaxe":1,"minecraft:egg":1,"minecraft:stick":71,"quark:music_disc_fire":1,"minecraft:raw_iron":81,"minecraft:oak_door":1,"minecraft:oak_fence":4,"minecraft:torch":9,"minecraft:diorite":6,"minecraft:carrot":23,"minecraft:redstone":66,"minecraft:arrow":3,"minecraft:rotten_flesh":11,"minecraft:gold_ingot":1,"minecraft:obsidian":20,"minecraft:cobblestone":241,"minecraft:magma_block":86,"minecraft:feather":2,"minecraft:andesite":695,"minecraft:potato":1,"minecraft:oak_log":267,"minecraft:gunpowder":2,"minecraft:lapis_lazuli":16,"minecraft:dirt":32,"minecraft:lantern":19,"minecraft:bone":1,"minecraft:stone_bricks":8,"minecraft:apple":8,"minecraft:wheat_seeds":68,"minecraft:raw_gold":21,"minecraft:iron_ingot":1,"minecraft:oak_planks":149,"minecraft:book":215,"minecraft:dandelion":3,"minecraft:gravel":5,"minecraft:ink_sac":2,"minecraft:white_bed":2,"minecraft:lily_of_the_valley":1,"quark:oak_chest":2,"minecraft:spider_eye":2,"minecraft:diamond":7,"minecraft:emerald":1,"alexsmobs:maggot":3,"minecraft:oak_sapling":96,"minecraft:damaged_anvil":1,"minecraft:coal":148},"minecraft:broken":{"minecraft:iron_axe":1,"minecraft:iron_pickaxe":3,"minecraft:wooden_axe":1},"minecraft:dropped":{"minecraft:wheat_seeds":47,"minecraft:oak_fence":3,"minecraft:feather":2,"minecraft:cobblestone":6,"minecraft:dirt":26,"minecraft:ink_sac":2,"minecraft:cornflower":1,"minecraft:oak_stairs":2,"minecraft:iron_pickaxe":2,"minecraft:smooth_stone":7,"minecraft:string":4,"minecraft:dandelion":3,"minecraft:bone":1,"minecraft:oak_door":1,"alexsmobs:maggot":1,"minecraft:oak_trapdoor":1,"minecraft:cobbled_deepslate":1,"minecraft:wheat":1,"minecraft:rotten_flesh":1,"minecraft:oak_planks":111,"minecraft:damaged_anvil":1,"minecraft:azure_bluet":2,"minecraft:lily_of_the_valley":1,"minecraft:flower_pot":5,"minecraft:andesite":6,"minecraft:oak_sapling":3,"minecraft:spider_eye":1,"minecraft:arrow":3,"minecraft:wooden_pickaxe":1,"minecraft:egg":1},"minecraft:custom":{"minecraft:mob_kills":34,"minecraft:interact_with_crafting_table":32,"minecraft:leave_game":5,"minecraft:time_since_death":13476,"minecraft:climb_one_cm":1628,"minecraft:sprint_one_cm":391626,"minecraft:walk_one_cm":628170,"minecraft:damage_blocked_by_shield":226,"minecraft:drop":44,"minecraft:talked_to_villager":10,"minecraft:play_time":181435,"minecraft:deaths":10,"minecraft:sneak_time":2581,"minecraft:walk_under_water_one_cm":9728,"minecraft:jump":1697,"minecraft:walk_on_water_one_cm":17820,"minecraft:total_world_time":181435,"minecraft:interact_with_furnace":30,"minecraft:sleep_in_bed":3,"minecraft:time_since_rest":13498,"minecraft:damage_taken":3535,"minecraft:damage_dealt":5688,"minecraft:swim_one_cm":1327,"minecraft:fly_one_cm":261950,"minecraft:open_chest":52,"minecraft:crouch_one_cm":9210,"minecraft:fall_one_cm":45258}},"DataVersion":3465}