{"stats":{"minecraft:mined":{"minecraft:white_bed":1,"minecraft:oak_door":1,"minecraft:potted_lily_of_the_valley":1,"minecraft:oak_fence":2,"minecraft:emerald_ore":1,"minecraft:grass_block":1,"minecraft:white_stained_glass_pane":1,"minecraft:copper_ore":4,"minecraft:cobblestone":1,"minecraft:oak_planks":2,"minecraft:diorite":6,"minecraft:oak_trapdoor":1,"minecraft:iron_ore":26,"minecraft:andesite":7,"minecraft:grass":4,"minecraft:potted_azure_bluet":1,"minecraft:bookshelf":45,"minecraft:coal_ore":102,"minecraft:oak_log":14,"minecraft:deepslate_iron_ore":8,"minecraft:oak_stairs":2,"minecraft:lantern":3,"minecraft:dirt":3,"minecraft:potted_cornflower":1,"minecraft:stone":36,"minecraft:stone_bricks":6,"minecraft:cake":1,"minecraft:oak_leaves":1},"minecraft:crafted":{"minecraft:oak_planks":56,"minecraft:wooden_axe":1,"minecraft:torch":12},"minecraft:used":{"minecraft:diorite":1,"minecraft:wooden_pickaxe":18,"minecraft:torch":11,"minecraft:wooden_axe":49,"minecraft:iron_pickaxe":184,"minecraft:cobblestone":15,"minecraft:andesite":3,"minecraft:potato":8},"minecraft:picked_up":{"minecraft:wooden_axe":1,"minecraft:azure_bluet":2,"minecraft:flower_pot":5,"minecraft:andesite":7,"minecraft:wooden_pickaxe":1,"minecraft:oak_stairs":2,"minecraft:oak_log":14,"minecraft:cornflower":1,"minecraft:oak_trapdoor":1,"minecraft:dirt":3,"minecraft:lantern":11,"minecraft:raw_copper":14,"minecraft:armor_stand":2,"minecraft:stone_bricks":6,"minecraft:wheat_seeds":37,"minecraft:iron_pickaxe":1,"minecraft:book":137,"minecraft:stick":7,"minecraft:raw_iron":34,"minecraft:oak_door":1,"minecraft:oak_fence":3,"minecraft:diorite":6,"minecraft:white_bed":1,"minecraft:lily_of_the_valley":1,"minecraft:redstone":1,"minecraft:gold_ingot":1,"minecraft:emerald":1,"minecraft:oak_sapling":1,"minecraft:coal":102,"minecraft:cobblestone":35},"minecraft:broken":{"minecraft:wooden_axe":1},"minecraft:dropped":{"minecraft:wheat_seeds":37,"minecraft:oak_trapdoor":1,"minecraft:oak_fence":2,"minecraft:azure_bluet":2,"minecraft:lily_of_the_valley":1,"minecraft:dirt":1,"minecraft:flower_pot":5,"minecraft:cornflower":1,"minecraft:andesite":4,"minecraft:oak_sapling":3,"minecraft:oak_stairs":2,"minecraft:oak_door":1},"minecraft:custom":{"minecraft:interact_with_furnace":1,"minecraft:mob_kills":1,"minecraft:interact_with_crafting_table":1,"minecraft:leave_game":2,"minecraft:time_since_death":20503,"minecraft:climb_one_cm":1584,"minecraft:time_since_rest":20518,"minecraft:sprint_one_cm":107814,"minecraft:damage_taken":365,"minecraft:walk_one_cm":160607,"minecraft:drop":13,"minecraft:damage_dealt":291,"minecraft:swim_one_cm":781,"minecraft:talked_to_villager":6,"minecraft:fly_one_cm":43103,"minecraft:open_chest":3,"minecraft:crouch_one_cm":144,"minecraft:play_time":30690,"minecraft:deaths":1,"minecraft:sneak_time":70,"minecraft:walk_under_water_one_cm":372,"minecraft:jump":373,"minecraft:walk_on_water_one_cm":1604,"minecraft:total_world_time":30690,"minecraft:fall_one_cm":9396}},"DataVersion":3465}