{"stats":{"minecraft:mined":{"minecraft:deepslate_redstone_ore":5,"minecraft:white_bed":2,"minecraft:blackstone":159,"minecraft:oak_door":1,"minecraft:deepslate_diamond_ore":4,"quark:oak_chest":2,"minecraft:potted_lily_of_the_valley":1,"minecraft:oak_fence":2,"minecraft:emerald_ore":1,"minecraft:grass_block":2,"minecraft:calcite":22,"minecraft:white_stained_glass_pane":1,"minecraft:copper_ore":5,"minecraft:cobblestone":1,"minecraft:lapis_ore":2,"minecraft:oak_planks":22,"minecraft:diorite":6,"minecraft:wall_torch":3,"minecraft:smooth_stone":9,"minecraft:redstone_ore":3,"minecraft:magma_block":95,"minecraft:oak_trapdoor":1,"minecraft:carrots":4,"minecraft:iron_ore":47,"minecraft:fire":2,"minecraft:andesite":294,"minecraft:grass":4,"minecraft:potted_azure_bluet":1,"minecraft:bookshelf":45,"minecraft:oak_log":18,"minecraft:coal_ore":149,"minecraft:deepslate_iron_ore":15,"minecraft:oak_stairs":2,"minecraft:lantern":3,"minecraft:gravel":5,"minecraft:dirt":6,"minecraft:potted_cornflower":1,"minecraft:stone":105,"minecraft:stone_bricks":8,"minecraft:cake":1,"minecraft:oak_leaves":1,"minecraft:deepslate":23},"minecraft:killed":{"alexsmobs:catfish":1,"minecraft:zombie":1},"minecraft:crafted":{"minecraft:oak_planks":72,"minecraft:crafting_table":1,"minecraft:iron_sword":1,"minecraft:air":0,"minecraft:diamond_pickaxe":1,"minecraft:shield":1,"minecraft:stick":24,"minecraft:iron_ingot":62,"minecraft:iron_pickaxe":4,"minecraft:wooden_axe":1,"minecraft:torch":64},"minecraft:used":{"minecraft:wheat_seeds":4,"minecraft:diorite":4,"minecraft:oak_planks":20,"minecraft:wooden_pickaxe":43,"minecraft:iron_sword":13,"minecraft:torch":45,"minecraft:crafting_table":1,"minecraft:white_bed":1,"minecraft:lava_bucket":1,"minecraft:wooden_axe":49,"minecraft:diamond_pickaxe":11,"minecraft:iron_pickaxe":942,"minecraft:item_frame":2,"minecraft:cobblestone":19,"minecraft:andesite":162,"quark:oak_chest":2,"minecraft:potato":8},"minecraft:picked_up":{"minecraft:wooden_axe":1,"minecraft:magma_block":86,"minecraft:wheat":1,"minecraft:azure_bluet":2,"minecraft:flower_pot":5,"minecraft:andesite":288,"minecraft:potato":1,"minecraft:wooden_pickaxe":1,"minecraft:oak_stairs":2,"minecraft:oak_log":18,"minecraft:cornflower":1,"minecraft:lapis_lazuli":16,"minecraft:dirt":7,"minecraft:oak_trapdoor":1,"minecraft:lantern":13,"minecraft:raw_copper":16,"minecraft:item_frame":2,"minecraft:armor_stand":8,"minecraft:blackstone":135,"minecraft:stone_bricks":8,"minecraft:wheat_seeds":46,"minecraft:smooth_stone":9,"minecraft:cobbled_deepslate":23,"minecraft:iron_ingot":1,"minecraft:calcite":21,"minecraft:iron_pickaxe":1,"minecraft:oak_planks":20,"minecraft:book":137,"minecraft:stick":7,"minecraft:raw_iron":62,"minecraft:oak_door":1,"minecraft:oak_fence":3,"minecraft:torch":3,"minecraft:gravel":5,"minecraft:ink_sac":2,"minecraft:diorite":6,"minecraft:white_bed":2,"minecraft:carrot":23,"minecraft:lily_of_the_valley":1,"minecraft:redstone":38,"quark:oak_chest":2,"minecraft:diamond":7,"minecraft:emerald":1,"minecraft:gold_ingot":1,"minecraft:oak_sapling":1,"minecraft:coal":148,"minecraft:cobblestone":91},"minecraft:broken":{"minecraft:iron_pickaxe":2,"minecraft:wooden_axe":1},"minecraft:dropped":{"minecraft:wheat_seeds":37,"minecraft:oak_trapdoor":1,"minecraft:oak_fence":2,"minecraft:azure_bluet":2,"minecraft:lily_of_the_valley":1,"minecraft:dirt":1,"minecraft:flower_pot":5,"minecraft:cornflower":1,"minecraft:andesite":4,"minecraft:oak_sapling":3,"minecraft:oak_stairs":2,"minecraft:wooden_pickaxe":1,"minecraft:iron_pickaxe":2,"minecraft:oak_door":1},"minecraft:custom":{"minecraft:interact_with_furnace":27,"minecraft:mob_kills":3,"minecraft:interact_with_crafting_table":20,"minecraft:leave_game":3,"minecraft:time_since_death":3783,"minecraft:sleep_in_bed":1,"minecraft:climb_one_cm":1628,"minecraft:time_since_rest":3804,"minecraft:sprint_one_cm":199968,"minecraft:damage_taken":1545,"minecraft:walk_one_cm":310177,"minecraft:drop":16,"minecraft:damage_dealt":733,"minecraft:swim_one_cm":1029,"minecraft:talked_to_villager":10,"minecraft:fly_one_cm":77596,"minecraft:open_chest":42,"minecraft:crouch_one_cm":2888,"minecraft:play_time":91749,"minecraft:deaths":6,"minecraft:sneak_time":1054,"minecraft:walk_under_water_one_cm":2568,"minecraft:jump":732,"minecraft:walk_on_water_one_cm":8727,"minecraft:total_world_time":91749,"minecraft:fall_one_cm":25464}},"DataVersion":3465}