{"stats":{"minecraft:dropped":{"minecraft:wheat_seeds":89,"minecraft:golden_helmet":1,"minecraft:diamond":224,"minecraft:oak_fence":5,"minecraft:feather":2,"minecraft:cobblestone":6,"minecraft:lantern":1,"minecraft:stick":28,"minecraft:dirt":278,"quark:clear_shard":4,"minecraft:ink_sac":2,"minecraft:cornflower":1,"minecraft:oak_stairs":5,"minecraft:white_banner":2,"minecraft:iron_pickaxe":2,"minecraft:smooth_stone":7,"minecraft:string":14,"minecraft:dandelion":3,"minecraft:bone":1,"minecraft:oak_door":5,"alexsmobs:maggot":3,"minecraft:oak_trapdoor":1,"minecraft:cobbled_deepslate":1,"minecraft:bowl":11,"minecraft:birch_sapling":1,"minecraft:wheat":1,"minecraft:chicken":1,"minecraft:rotten_flesh":1,"minecraft:clay_ball":28,"minecraft:oak_planks":111,"minecraft:damaged_anvil":1,"minecraft:azure_bluet":2,"minecraft:lily_of_the_valley":1,"minecraft:flower_pot":5,"minecraft:andesite":21,"minecraft:golden_leggings":1,"minecraft:oak_sapling":79,"minecraft:spider_eye":1,"minecraft:arrow":3,"minecraft:wooden_pickaxe":1,"minecraft:egg":1},"minecraft:crafted":{"minecraft:oak_door":9,"minecraft:oak_planks":1398,"minecraft:furnace":4,"minecraft:glass":239,"minecraft:diamond_helmet":1,"minecraft:diamond_leggings":1,"minecraft:iron_axe":2,"minecraft:ladder":8,"minecraft:diamond_boots":1,"minecraft:oak_fence":30,"minecraft:diamond_sword":1,"minecraft:crafting_table":9,"minecraft:iron_sword":1,"minecraft:bucket":1,"minecraft:stone_axe":2,"minecraft:air":0,"minecraft:diamond_pickaxe":1,"minecraft:golden_apple":3,"minecraft:shield":1,"minecraft:stick":32,"quark:oak_chest":3,"minecraft:iron_ingot":96,"minecraft:iron_pickaxe":4,"minecraft:oak_stairs":16,"minecraft:wooden_axe":1,"minecraft:iron_shovel":2,"minecraft:gold_ingot":27,"minecraft:torch":68,"minecraft:diamond_chestplate":1},"minecraft:broken":{"minecraft:iron_shovel":2,"minecraft:iron_axe":2,"minecraft:stone_axe":1,"minecraft:iron_pickaxe":3,"minecraft:wooden_axe":1},"minecraft:killed":{"alexsmobs:tiger":1,"minecraft:spider":10,"quark:toretoise":1,"minecraft:phantom":1,"minecraft:skeleton":7,"minecraft:chicken":1,"alexsmobs:bison":1,"alexsmobs:catfish":1,"minecraft:zombie":17,"alexsmobs:fly":3},"minecraft:used":{"minecraft:oak_fence":33,"minecraft:netherite_sword":20,"minecraft:iron_shovel":612,"minecraft:ladder":7,"minecraft:shield":16,"minecraft:iron_sword":144,"minecraft:rotten_flesh":16,"minecraft:oak_door":8,"minecraft:torch":76,"minecraft:dirt":12,"minecraft:carrot":36,"minecraft:obsidian":10,"minecraft:lava_bucket":1,"minecraft:glass":180,"minecraft:wooden_axe":49,"minecraft:lantern":7,"minecraft:iron_axe":146,"minecraft:oak_stairs":20,"minecraft:item_frame":2,"minecraft:oak_sapling":159,"minecraft:furnace":4,"minecraft:cooked_beef":4,"minecraft:potato":9,"minecraft:cobbled_deepslate":73,"minecraft:wheat_seeds":4,"minecraft:water_bucket":18,"minecraft:diorite":4,"minecraft:oak_planks":1067,"minecraft:blackstone":34,"minecraft:wooden_pickaxe":43,"artifacts:eternal_steak":7,"minecraft:crafting_table":9,"minecraft:white_bed":2,"minecraft:oak_log":90,"minecraft:diamond_pickaxe":1487,"minecraft:apple":4,"minecraft:iron_pickaxe":1168,"minecraft:bread":1,"minecraft:stone_axe":58,"minecraft:cobblestone":157,"minecraft:andesite":286,"minecraft:bucket":18,"quark:oak_chest":5},"minecraft:mined":{"minecraft:tuff":18,"minecraft:white_bed":2,"minecraft:deepslate_diamond_ore":5,"minecraft:oak_door":6,"minecraft:brewing_stand":1,"minecraft:obsidian":21,"minecraft:glow_lichen":1,"minecraft:grass_block":292,"minecraft:smooth_stone":9,"minecraft:tall_seagrass":2,"minecraft:magma_block":95,"minecraft:redstone_ore":12,"minecraft:oak_trapdoor":1,"minecraft:carrots":4,"minecraft:iron_ore":73,"minecraft:cobbled_deepslate":11,"minecraft:fire":2,"minecraft:andesite":1165,"minecraft:azure_bluet":1,"minecraft:bookshelf":71,"minecraft:deepslate_iron_ore":17,"minecraft:oak_stairs":11,"minecraft:lantern":3,"minecraft:potted_cornflower":1,"minecraft:white_banner":2,"minecraft:stone":320,"minecraft:cake":1,"minecraft:deepslate_redstone_ore":6,"minecraft:acacia_leaves":1,"minecraft:blackstone":249,"quark:oak_chest":2,"minecraft:potted_lily_of_the_valley":1,"minecraft:dandelion":4,"minecraft:oak_fence":6,"minecraft:clay":8,"minecraft:emerald_ore":1,"minecraft:calcite":22,"minecraft:poppy":2,"minecraft:white_stained_glass_pane":1,"minecraft:copper_ore":8,"minecraft:tall_grass":174,"minecraft:glass":2,"minecraft:cobblestone":5,"minecraft:deepslate_gold_ore":13,"minecraft:lapis_ore":4,"minecraft:oak_planks":158,"minecraft:sugar_cane":26,"minecraft:damaged_anvil":1,"minecraft:diorite":6,"minecraft:wall_torch":7,"minecraft:seagrass":3,"minecraft:redstone_torch":1,"minecraft:grass":639,"minecraft:potted_azure_bluet":1,"minecraft:oak_log":626,"minecraft:coal_ore":184,"minecraft:gravel":5,"minecraft:dirt":102,"minecraft:sand":243,"minecraft:smooth_basalt":5,"minecraft:stone_bricks":8,"minecraft:gold_ore":14,"minecraft:oak_leaves":2,"minecraft:deepslate":338},"minecraft:picked_up":{"minecraft:wooden_axe":1,"minecraft:wheat":1,"minecraft:azure_bluet":2,"minecraft:chicken":1,"minecraft:flower_pot":5,"minecraft:clay_ball":28,"minecraft:wooden_pickaxe":1,"minecraft:oak_stairs":11,"minecraft:brewing_stand":1,"minecraft:cornflower":1,"minecraft:string":20,"minecraft:oak_trapdoor":1,"minecraft:raw_copper":21,"minecraft:item_frame":2,"minecraft:armor_stand":8,"minecraft:blackstone":224,"minecraft:cobbled_deepslate":218,"minecraft:smooth_stone":9,"minecraft:netherite_sword":1,"minecraft:calcite":21,"minecraft:iron_pickaxe":1,"minecraft:sugar_cane":77,"minecraft:birch_sapling":1,"minecraft:egg":1,"minecraft:stick":124,"quark:music_disc_fire":1,"minecraft:raw_iron":90,"minecraft:oak_door":6,"minecraft:oak_fence":9,"minecraft:torch":10,"minecraft:diorite":6,"minecraft:carrot":23,"minecraft:redstone":66,"minecraft:arrow":6,"quark:clear_shard":4,"minecraft:rotten_flesh":17,"minecraft:gold_ingot":1,"minecraft:obsidian":20,"minecraft:cobblestone":312,"minecraft:magma_block":86,"minecraft:feather":2,"minecraft:andesite":735,"minecraft:potato":1,"minecraft:tuff":16,"minecraft:oak_log":639,"minecraft:gunpowder":2,"minecraft:lapis_lazuli":16,"minecraft:dirt":373,"minecraft:lantern":19,"minecraft:white_banner":4,"minecraft:bone":2,"minecraft:stone_bricks":8,"minecraft:apple":25,"minecraft:wheat_seeds":94,"minecraft:raw_gold":27,"minecraft:iron_ingot":1,"minecraft:oak_planks":205,"minecraft:book":215,"minecraft:smooth_basalt":5,"minecraft:dandelion":3,"minecraft:gravel":5,"minecraft:sand":239,"minecraft:ink_sac":2,"minecraft:white_bed":2,"minecraft:lily_of_the_valley":1,"quark:oak_chest":2,"minecraft:spider_eye":2,"minecraft:skeleton_spawn_egg":1,"minecraft:diamond":144,"minecraft:emerald":1,"alexsmobs:maggot":3,"minecraft:oak_sapling":236,"minecraft:damaged_anvil":1,"minecraft:coal":182},"minecraft:custom":{"minecraft:interact_with_smithing_table":1,"minecraft:mob_kills":48,"minecraft:interact_with_crafting_table":54,"minecraft:open_barrel":6,"minecraft:leave_game":11,"minecraft:time_since_death":142809,"minecraft:climb_one_cm":10765,"minecraft:sprint_one_cm":609536,"minecraft:damage_blocked_by_shield":533,"minecraft:walk_one_cm":1114212,"minecraft:drop":104,"minecraft:talked_to_villager":11,"minecraft:play_time":310768,"minecraft:sneak_time":7717,"minecraft:deaths":10,"minecraft:walk_under_water_one_cm":44941,"minecraft:jump":2691,"minecraft:walk_on_water_one_cm":27504,"minecraft:total_world_time":310768,"minecraft:interact_with_furnace":84,"minecraft:sleep_in_bed":4,"minecraft:time_since_rest":111746,"minecraft:damage_taken":4378,"minecraft:damage_dealt":8764,"minecraft:swim_one_cm":2570,"minecraft:fly_one_cm":450382,"minecraft:open_chest":89,"minecraft:crouch_one_cm":34108,"minecraft:fall_one_cm":73989}},"DataVersion":3465}