{"stats":{"minecraft:mined":{"minecraft:deepslate_redstone_ore":5,"minecraft:white_bed":1,"minecraft:blackstone":159,"minecraft:deepslate_diamond_ore":4,"quark:oak_chest":2,"minecraft:oak_door":1,"minecraft:potted_lily_of_the_valley":1,"minecraft:oak_fence":2,"minecraft:emerald_ore":1,"minecraft:calcite":22,"minecraft:grass_block":2,"minecraft:white_stained_glass_pane":1,"minecraft:copper_ore":5,"minecraft:cobblestone":1,"minecraft:lapis_ore":2,"minecraft:oak_planks":18,"minecraft:diorite":6,"minecraft:wall_torch":3,"minecraft:redstone_ore":3,"minecraft:magma_block":95,"minecraft:oak_trapdoor":1,"minecraft:iron_ore":47,"minecraft:fire":2,"minecraft:andesite":294,"minecraft:grass":4,"minecraft:potted_azure_bluet":1,"minecraft:bookshelf":45,"minecraft:coal_ore":149,"minecraft:oak_log":18,"minecraft:deepslate_iron_ore":15,"minecraft:oak_stairs":2,"minecraft:lantern":3,"minecraft:gravel":5,"minecraft:dirt":6,"minecraft:potted_cornflower":1,"minecraft:stone":96,"minecraft:stone_bricks":8,"minecraft:cake":1,"minecraft:oak_leaves":1,"minecraft:deepslate":23},"minecraft:killed":{"minecraft:zombie":1},"minecraft:crafted":{"minecraft:oak_planks":72,"minecraft:crafting_table":1,"minecraft:iron_sword":1,"minecraft:air":0,"minecraft:diamond_pickaxe":1,"minecraft:shield":1,"minecraft:stick":24,"minecraft:iron_ingot":62,"minecraft:iron_pickaxe":4,"minecraft:wooden_axe":1,"minecraft:torch":64},"minecraft:used":{"minecraft:diorite":4,"minecraft:oak_planks":16,"minecraft:wooden_pickaxe":43,"minecraft:iron_sword":6,"minecraft:torch":45,"minecraft:crafting_table":1,"minecraft:white_bed":1,"minecraft:wooden_axe":49,"minecraft:iron_pickaxe":924,"minecraft:cobblestone":19,"minecraft:andesite":162,"quark:oak_chest":2,"minecraft:potato":8},"minecraft:picked_up":{"minecraft:wooden_axe":1,"minecraft:magma_block":86,"minecraft:azure_bluet":2,"minecraft:flower_pot":5,"minecraft:andesite":288,"minecraft:wooden_pickaxe":1,"minecraft:oak_stairs":2,"minecraft:oak_log":18,"minecraft:cornflower":1,"minecraft:lapis_lazuli":16,"minecraft:oak_trapdoor":1,"minecraft:dirt":7,"minecraft:lantern":11,"minecraft:raw_copper":16,"minecraft:armor_stand":4,"minecraft:blackstone":135,"minecraft:stone_bricks":8,"minecraft:wheat_seeds":37,"minecraft:cobbled_deepslate":23,"minecraft:iron_ingot":1,"minecraft:calcite":21,"minecraft:iron_pickaxe":1,"minecraft:oak_planks":16,"minecraft:book":137,"minecraft:stick":7,"minecraft:raw_iron":62,"minecraft:oak_door":1,"minecraft:oak_fence":3,"minecraft:torch":3,"minecraft:gravel":5,"minecraft:diorite":6,"minecraft:white_bed":1,"minecraft:lily_of_the_valley":1,"minecraft:redstone":38,"quark:oak_chest":2,"minecraft:diamond":4,"minecraft:gold_ingot":1,"minecraft:emerald":1,"minecraft:oak_sapling":1,"minecraft:coal":148,"minecraft:cobblestone":91},"minecraft:broken":{"minecraft:iron_pickaxe":2,"minecraft:wooden_axe":1},"minecraft:dropped":{"minecraft:wheat_seeds":37,"minecraft:oak_trapdoor":1,"minecraft:oak_fence":2,"minecraft:azure_bluet":2,"minecraft:lily_of_the_valley":1,"minecraft:dirt":1,"minecraft:flower_pot":5,"minecraft:cornflower":1,"minecraft:andesite":4,"minecraft:oak_sapling":3,"minecraft:oak_stairs":2,"minecraft:wooden_pickaxe":1,"minecraft:iron_pickaxe":2,"minecraft:oak_door":1},"minecraft:custom":{"minecraft:interact_with_furnace":26,"minecraft:mob_kills":2,"minecraft:interact_with_crafting_table":20,"minecraft:leave_game":3,"minecraft:time_since_death":24225,"minecraft:sleep_in_bed":1,"minecraft:climb_one_cm":1628,"minecraft:time_since_rest":24252,"minecraft:sprint_one_cm":169021,"minecraft:damage_taken":1537,"minecraft:walk_one_cm":262566,"minecraft:drop":16,"minecraft:damage_dealt":633,"minecraft:swim_one_cm":1029,"minecraft:talked_to_villager":10,"minecraft:fly_one_cm":57722,"minecraft:open_chest":28,"minecraft:crouch_one_cm":2670,"minecraft:play_time":82657,"minecraft:deaths":5,"minecraft:sneak_time":1043,"minecraft:walk_under_water_one_cm":1809,"minecraft:jump":619,"minecraft:walk_on_water_one_cm":1725,"minecraft:total_world_time":82657,"minecraft:fall_one_cm":23881}},"DataVersion":3465}