{
  "cataclysm:root": {
    "criteria": {
      "custom_test_name": "2024-06-26 20:14:28 +0000"
    },
    "done": true
  },
  "incendium:technical/new_player": {
    "criteria": {
      "requirement": "2024-06-26 20:14:28 +0000"
    },
    "done": true
  },
  "ironfurnaces:coal": {
    "criteria": {
      "rainbowcoal": "2024-06-26 20:14:28 +0000"
    },
    "done": true
  },
  "incendium:technical/using/trailblazer": {
    "criteria": {
      "log_spam_fixer": "2024-06-26 20:14:29 +0000"
    },
    "done": false
  },
  "incendium:technical/scroll_of_returning": {
    "criteria": {
      "log_spam_fixer": "2024-06-26 20:14:29 +0000"
    },
    "done": false
  },
  "incendium:technical/using/ragnarok": {
    "criteria": {
      "log_spam_fixer": "2024-06-26 20:14:29 +0000"
    },
    "done": false
  },
  "incendium:technical/using/shield": {
    "criteria": {
      "log_spam_fixer": "2024-06-26 20:14:29 +0000"
    },
    "done": false
  },
  "minecraft:adventure/root": {
    "criteria": {
      "killed_by_something": "2024-06-26 20:20:27 +0000"
    },
    "done": true
  },
  "minecraft:adventure/adventuring_time": {
    "criteria": {
      "minecraft:snowy_slopes": "2024-06-26 20:56:33 +0000",
      "minecraft:old_growth_pine_taiga": "2024-06-30 18:23:49 +0000",
      "minecraft:cherry_grove": "2024-06-26 20:36:34 +0000",
      "minecraft:river": "2024-06-26 20:32:21 +0000",
      "minecraft:jagged_peaks": "2024-06-26 20:56:57 +0000",
      "minecraft:forest": "2024-06-26 21:50:32 +0000",
      "minecraft:lush_caves": "2024-06-29 19:19:04 +0000",
      "minecraft:ocean": "2024-07-04 00:00:34 +0000",
      "minecraft:deep_dark": "2024-06-26 22:43:41 +0000",
      "minecraft:meadow": "2024-06-26 20:30:45 +0000",
      "minecraft:savanna": "2024-06-26 21:53:48 +0000",
      "minecraft:plains": "2024-06-26 20:32:26 +0000"
    },
    "done": false
  },
  "expanded_combat:root": {
    "criteria": {
      "crafting_table": "2024-06-26 20:32:34 +0000"
    },
    "done": true
  },
  "minecraft:story/mine_stone": {
    "criteria": {
      "get_stone": "2024-06-26 20:32:34 +0000"
    },
    "done": true
  },
  "minecraft:story/upgrade_tools": {
    "criteria": {
      "stone_pickaxe": "2024-06-26 20:32:34 +0000"
    },
    "done": true
  },
  "minecraft:story/root": {
    "criteria": {
      "crafting_table": "2024-06-26 20:32:34 +0000"
    },
    "done": true
  },
  "minecraft:story/smelt_iron": {
    "criteria": {
      "iron": "2024-06-26 20:32:34 +0000"
    },
    "done": true
  },
  "minecraft:adventure/sleep_in_bed": {
    "criteria": {
      "slept_in_bed": "2024-06-26 20:35:07 +0000"
    },
    "done": true
  },
  "minecraft:husbandry/balanced_diet": {
    "criteria": {
      "cooked_porkchop": "2024-06-26 21:33:08 +0000",
      "cooked_beef": "2024-06-26 22:45:53 +0000",
      "apple": "2024-06-26 20:38:23 +0000",
      "mutton": "2024-06-26 23:45:23 +0000",
      "bread": "2024-06-26 20:37:26 +0000",
      "golden_apple": "2024-06-26 22:18:19 +0000",
      "rotten_flesh": "2024-06-27 00:12:02 +0000",
      "salmon": "2024-06-27 11:39:43 +0000",
      "melon_slice": "2024-06-28 00:56:25 +0000",
      "golden_carrot": "2024-06-30 22:29:50 +0000",
      "cod": "2024-06-26 22:51:06 +0000"
    },
    "done": false
  },
  "minecraft:husbandry/root": {
    "criteria": {
      "consumed_item": "2024-06-26 20:37:26 +0000"
    },
    "done": true
  },
  "minecraft:husbandry/plant_seed": {
    "criteria": {
      "wheat": "2024-06-26 20:39:05 +0000"
    },
    "done": true
  },
  "minecraft:adventure/kill_all_mobs": {
    "criteria": {
      "minecraft:blaze": "2024-06-27 21:40:10 +0000",
      "minecraft:skeleton": "2024-06-26 20:47:08 +0000",
      "minecraft:ghast": "2024-06-29 18:54:03 +0000",
      "minecraft:hoglin": "2024-07-02 15:58:10 +0000",
      "minecraft:magma_cube": "2024-06-27 22:44:34 +0000",
      "minecraft:spider": "2024-06-26 21:18:12 +0000",
      "minecraft:piglin_brute": "2024-06-27 22:17:28 +0000",
      "minecraft:creeper": "2024-06-26 23:20:59 +0000",
      "minecraft:slime": "2024-06-27 21:27:30 +0000",
      "quark:forgotten": "2024-06-27 20:01:56 +0000",
      "minecraft:phantom": "2024-06-27 12:56:30 +0000",
      "minecraft:zombified_piglin": "2024-06-30 21:40:52 +0000",
      "minecraft:witch": "2024-06-30 18:58:58 +0000",
      "minecraft:wither_skeleton": "2024-06-27 21:17:17 +0000",
      "minecraft:cave_spider": "2024-06-29 18:10:58 +0000",
      "quark:wraith": "2024-06-29 20:02:12 +0000",
      "minecraft:piglin": "2024-06-27 22:19:12 +0000",
      "minecraft:enderman": "2024-06-26 23:38:21 +0000",
      "minecraft:silverfish": "2024-07-04 00:02:38 +0000",
      "minecraft:vex": "2024-06-27 21:21:47 +0000",
      "minecraft:zombie": "2024-06-26 21:18:07 +0000",
      "quark:foxhound": "2024-06-27 22:16:22 +0000",
      "minecraft:drowned": "2024-07-02 17:32:45 +0000",
      "minecraft:zombie_villager": "2024-06-27 16:35:14 +0000"
    },
    "done": false
  },
  "minecraft:adventure/kill_a_mob": {
    "criteria": {
      "minecraft:skeleton": "2024-06-26 20:47:08 +0000"
    },
    "done": true
  },
  "minecraft:story/iron_tools": {
    "criteria": {
      "iron_pickaxe": "2024-06-26 20:54:20 +0000"
    },
    "done": true
  },
  "minecraft:story/obtain_armor": {
    "criteria": {
      "iron_helmet": "2024-06-26 21:23:05 +0000"
    },
    "done": true
  },
  "minecraft:adventure/shoot_arrow": {
    "criteria": {
      "shot_arrow": "2024-06-26 21:35:47 +0000"
    },
    "done": true
  },
  "minecraft:story/form_obsidian": {
    "criteria": {
      "obsidian": "2024-06-26 21:39:54 +0000"
    },
    "done": true
  },
  "minecraft:story/mine_diamond": {
    "criteria": {
      "diamond": "2024-06-26 22:00:24 +0000"
    },
    "done": true
  },
  "alexscaves:alexscaves/root": {
    "criteria": {
      "underground_cabin": "2024-06-26 22:22:11 +0000"
    },
    "done": true
  },
  "minecraft:story/lava_bucket": {
    "criteria": {
      "lava_bucket": "2024-06-26 22:31:02 +0000"
    },
    "done": true
  },
  "minecraft:adventure/avoid_vibration": {
    "criteria": {
      "avoid_vibration": "2024-06-26 22:41:10 +0000"
    },
    "done": true
  },
  "spartanweaponry:root": {
    "criteria": {
      "has_pole": "2024-06-26 23:06:59 +0000"
    },
    "done": true
  },
  "spartanweaponry:battleaxe": {
    "criteria": {
      "has_battleaxe": "2024-06-26 23:07:10 +0000"
    },
    "done": true
  },
  "minecraft:story/shiny_gear": {
    "criteria": {
      "diamond_chestplate": "2024-06-26 23:17:51 +0000"
    },
    "done": true
  },
  "artifacts:amateur_archaeologist": {
    "criteria": {
      "find_artifact": "2024-06-27 00:21:44 +0000"
    },
    "done": true
  },
  "spartanweaponry:katana": {
    "criteria": {
      "has_katana": "2024-06-27 11:18:54 +0000"
    },
    "done": true
  },
  "spartanweaponry:dagger": {
    "criteria": {
      "has_dagger": "2024-06-27 11:20:09 +0000"
    },
    "done": true
  },
  "alexsmobs:alexsmobs/grizzly_bear": {
    "criteria": {
      "killed_by": "2024-06-27 13:37:22 +0000"
    },
    "done": true
  },
  "minecraft:adventure/trade": {
    "criteria": {
      "traded": "2024-06-27 13:55:44 +0000"
    },
    "done": true
  },
  "minecraft:adventure/sniper_duel": {
    "criteria": {
      "killed_skeleton": "2024-06-27 16:00:52 +0000"
    },
    "done": true
  },
  "quark:get_forgotten_hat": {
    "criteria": {
      "get_forgotten_hat": "2024-06-27 20:01:57 +0000"
    },
    "done": true
  },
  "incendium:root": {
    "criteria": {
      "requirement": "2024-06-27 21:15:40 +0000"
    },
    "done": true
  },
  "minecraft:nether/root": {
    "criteria": {
      "entered_nether": "2024-06-27 21:15:40 +0000"
    },
    "done": true
  },
  "minecraft:story/enter_the_nether": {
    "criteria": {
      "entered_nether": "2024-06-27 21:15:40 +0000"
    },
    "done": true
  },
  "incendium:misc/soul_searcher": {
    "criteria": {
      "incendium:ash_barrens": "2024-06-29 19:16:21 +0000",
      "incendium:infernal_dunes": "2024-06-29 20:03:59 +0000",
      "incendium:weeping_valley": "2024-07-02 15:52:19 +0000",
      "incendium:quartz_flats": "2024-06-27 21:52:40 +0000",
      "incendium:inverted_forest": "2024-06-27 22:34:41 +0000",
      "incendium:volcanic_deltas": "2024-06-29 18:54:24 +0000",
      "incendium:toxic_heap": "2024-06-27 21:25:11 +0000",
      "incendium:withered_forest": "2024-06-27 21:15:51 +0000"
    },
    "done": true
  },
  "incendium:misc/root": {
    "criteria": {
      "incendium:withered_forest": "2024-06-27 21:15:51 +0000"
    },
    "done": true
  },
  "incendium:withered_forest/root": {
    "criteria": {
      "requirement": "2024-06-27 21:15:51 +0000"
    },
    "done": true
  },
  "alexsmobs:alexsmobs/straddler": {
    "criteria": {
      "killed_by": "2024-06-27 21:16:18 +0000"
    },
    "done": true
  },
  "incendium:withered_forest/kill_spirit": {
    "criteria": {
      "requirement": "2024-06-27 21:21:47 +0000"
    },
    "done": true
  },
  "minecraft:nether/explore_nether": {
    "criteria": {
      "minecraft:crimson_forest": "2024-06-27 21:46:35 +0000",
      "minecraft:nether_wastes": "2024-06-27 21:24:57 +0000",
      "minecraft:soul_sand_valley": "2024-06-27 21:50:37 +0000",
      "minecraft:warped_forest": "2024-06-29 20:09:20 +0000",
      "minecraft:basalt_deltas": "2024-06-29 20:52:38 +0000"
    },
    "done": true
  },
  "incendium:toxic_heap/root": {
    "criteria": {
      "requirement": "2024-06-27 21:25:11 +0000"
    },
    "done": true
  },
  "incendium:toxic_heap/slime_poison": {
    "criteria": {
      "poison": "2024-06-27 21:27:29 +0000"
    },
    "done": true
  },
  "minecraft:nether/find_fortress": {
    "criteria": {
      "fortress": "2024-06-27 21:29:07 +0000"
    },
    "done": true
  },
  "endrem:main/nether_eye": {
    "criteria": {
      "nether_eye": "2024-06-27 21:37:55 +0000"
    },
    "done": true
  },
  "endrem:main/root": {
    "criteria": {
      "nether_eye": "2024-06-27 21:37:55 +0000"
    },
    "done": true
  },
  "minecraft:nether/obtain_blaze_rod": {
    "criteria": {
      "blaze_rod": "2024-06-27 21:42:36 +0000"
    },
    "done": true
  },
  "incendium:infernal_dunes/pipeline/root": {
    "criteria": {
      "requirement": "2024-06-27 21:46:45 +0000"
    },
    "done": true
  },
  "incendium:infernal_dunes/pipeline/unlimited_power": {
    "criteria": {
      "requirement": "2024-06-27 21:47:23 +0000"
    },
    "done": true
  },
  "incendium:infernal_dunes/pipeline/kill_sentry": {
    "criteria": {
      "requirement": "2024-06-27 21:48:16 +0000"
    },
    "done": true
  },
  "incendium:quartz_flats/root": {
    "criteria": {
      "requirement": "2024-06-27 21:52:40 +0000"
    },
    "done": true
  },
  "incendium:infernal_dunes/pipeline/pipeline_treasure": {
    "criteria": {
      "requirement": "2024-06-27 21:54:48 +0000"
    },
    "done": true
  },
  "minecraft:nether/obtain_ancient_debris": {
    "criteria": {
      "ancient_debris": "2024-06-27 21:54:58 +0000"
    },
    "done": true
  },
  "incendium:quartz_flats/floor_is_tears": {
    "criteria": {
      "requirement": "2024-06-27 22:06:52 +0000"
    },
    "done": true
  },
  "minecraft:nether/find_bastion": {
    "criteria": {
      "bastion": "2024-06-27 22:16:50 +0000"
    },
    "done": true
  },
  "minecraft:nether/loot_bastion": {
    "criteria": {
      "loot_bastion_other": "2024-06-27 22:21:16 +0000"
    },
    "done": true
  },
  "endrem:main/cursed_eye": {
    "criteria": {
      "cursed_eye": "2024-06-27 22:28:55 +0000"
    },
    "done": true
  },
  "alexscaves:alexscaves/cave_tablet": {
    "criteria": {
      "cave_tablet": "2024-06-27 22:29:02 +0000"
    },
    "done": true
  },
  "minecraft:nether/get_wither_skull": {
    "criteria": {
      "wither_skull": "2024-06-27 23:05:02 +0000"
    },
    "done": true
  },
  "spartanweaponry:collect_heads": {
    "criteria": {
      "wither_skeleton_skull": "2024-06-27 23:05:02 +0000"
    },
    "done": false
  },
  "minecraft:husbandry/tame_an_animal": {
    "criteria": {
      "tamed_animal": "2024-06-27 23:26:30 +0000"
    },
    "done": true
  },
  "spartanweaponry:longbow": {
    "criteria": {
      "has_longbow": "2024-06-27 23:34:46 +0000"
    },
    "done": true
  },
  "spartanweaponry:heavy_crossbow": {
    "criteria": {
      "has_heavy_crossbow": "2024-06-27 23:38:05 +0000"
    },
    "done": true
  },
  "incendium:toxic_heap/nuclear_fusion": {
    "criteria": {
      "incendium:treasure": "2024-06-29 18:47:20 +0000"
    },
    "done": true
  },
  "incendium:toxic_heap/mystic_wisdom": {
    "criteria": {
      "waste": "2024-06-29 18:49:55 +0000",
      "junk": "2024-06-29 18:54:33 +0000",
      "treasure": "2024-06-29 18:47:20 +0000"
    },
    "done": false
  },
  "incendium:volcanic_deltas/root": {
    "criteria": {
      "incendium:volcanic_deltas": "2024-06-29 18:54:24 +0000"
    },
    "done": true
  },
  "incendium:ash_barrens/root": {
    "criteria": {
      "requirement": "2024-06-29 19:16:21 +0000"
    },
    "done": true
  },
  "incendium:infernal_dunes/root": {
    "criteria": {
      "incendium:infernal_dunes": "2024-06-29 20:03:59 +0000"
    },
    "done": true
  },
  "incendium:infernal_dunes/dune_blaze": {
    "criteria": {
      "requirement": "2024-06-29 20:04:03 +0000"
    },
    "done": true
  },
  "alexsmobs:alexsmobs/crimson_mosquito": {
    "criteria": {
      "killed_by": "2024-06-29 20:04:41 +0000"
    },
    "done": true
  },
  "incendium:ash_barrens/enter_castle": {
    "criteria": {
      "requirement": "2024-06-29 20:12:23 +0000"
    },
    "done": true
  },
  "incendium:ash_barrens/conquer_castle": {
    "criteria": {
      "requirement": "2024-06-29 20:34:54 +0000"
    },
    "done": true
  },
  "spartanweaponry:greatsword": {
    "criteria": {
      "has_greatsword": "2024-06-29 21:30:14 +0000"
    },
    "done": true
  },
  "minecraft:story/enchant_item": {
    "criteria": {
      "enchanted_item": "2024-06-29 22:16:54 +0000"
    },
    "done": true
  },
  "minecraft:adventure/recruit_guard": {
    "criteria": {
      "recruit_guard": "2024-06-29 23:26:38 +0000"
    },
    "done": true
  },
  "minecraft:husbandry/axolotl_in_a_bucket": {
    "criteria": {
      "axolotl_bucket": "2024-06-30 18:47:17 +0000"
    },
    "done": true
  },
  "artifacts:chest_slayer": {
    "criteria": {
      "kill_mimic": "2024-06-30 19:10:37 +0000"
    },
    "done": true
  },
  "spartanweaponry:warhammer": {
    "criteria": {
      "has_warhammer": "2024-06-30 19:11:48 +0000"
    },
    "done": true
  },
  "quark:get_diamond_heart": {
    "criteria": {
      "get_diamond_heart": "2024-06-30 19:21:51 +0000"
    },
    "done": true
  },
  "alexscaves:alexscaves/cave_book": {
    "criteria": {
      "cave_book": "2024-06-30 19:26:25 +0000"
    },
    "done": true
  },
  "alexsmobs:alexsmobs/kangaroo": {
    "criteria": {
      "killed": "2024-06-30 21:05:03 +0000"
    },
    "done": true
  },
  "minecraft:nether/obtain_crying_obsidian": {
    "criteria": {
      "crying_obsidian": "2024-06-30 22:07:09 +0000"
    },
    "done": true
  },
  "spartanweaponry:longsword": {
    "criteria": {
      "has_longsword": "2024-07-01 00:03:09 +0000"
    },
    "done": true
  },
  "minecraft:nether/brew_potion": {
    "criteria": {
      "potion": "2024-07-01 01:26:56 +0000"
    },
    "done": true
  },
  "spartanweaponry:battle_hammer": {
    "criteria": {
      "has_battle_hammer": "2024-07-01 21:33:04 +0000"
    },
    "done": true
  },
  "spartanweaponry:upgrade_netherite_weapon": {
    "criteria": {
      "has_netherite_weapon": "2024-07-01 23:16:33 +0000"
    },
    "done": true
  },
  "minecraft:nether/netherite_armor": {
    "criteria": {
      "netherite_armor": "2024-07-01 23:39:03 +0000"
    },
    "done": true
  },
  "alexsmobs:alexsmobs/rocky_roller": {
    "criteria": {
      "killed_by": "2024-07-02 17:14:09 +0000"
    },
    "done": true
  },
  "alexsmobs:alexsmobs/rocky_shell": {
    "criteria": {
      "soul_heart": "2024-07-02 17:14:17 +0000"
    },
    "done": true
  },
  "minecraft:recipes/redstone/lever": {
    "criteria": {
      "has_cobblestone": "2024-07-02 20:51:32 +0000"
    },
    "done": true
  },
  "minecraft:recipes/building_blocks/stone_bricks": {
    "criteria": {
      "has_stone": "2024-07-02 20:51:32 +0000"
    },
    "done": true
  },
  "spartanweaponry:recipes/stone_saber": {
    "criteria": {
      "has_cobblestone": "2024-07-02 20:51:32 +0000"
    },
    "done": true
  },
  "spartanweaponry:recipes/iron_javelin": {
    "criteria": {
      "has_iron_ingot": "2024-07-02 20:51:32 +0000"
    },
    "done": true
  },
  "minecraft:recipes/combat/iron_leggings": {
    "criteria": {
      "has_iron_ingot": "2024-07-02 20:51:32 +0000"
    },
    "done": true
  },
  "expanded_combat:recipes/combat/iron_cutlass_conditional_shaped": {
    "criteria": {
      "has_item": "2024-07-02 20:51:32 +0000"
    },
    "done": true
  },
  "spartanweaponry:recipes/stone_glaive": {
    "criteria": {
      "has_cobblestone": "2024-07-02 20:51:32 +0000"
    },
    "done": true
  },
  "spartanweaponry:recipes/stone_scythe": {
    "criteria": {
      "has_cobblestone": "2024-07-02 20:51:32 +0000"
    },
    "done": true
  },
  "expanded_combat:recipes/combat/iron_battle_staff_conditional_shaped": {
    "criteria": {
      "has_item": "2024-07-02 20:51:32 +0000"
    },
    "done": true
  },
  "spartanweaponry:recipes/stone_greatsword": {
    "criteria": {
      "has_cobblestone": "2024-07-02 20:51:32 +0000"
    },
    "done": true
  },
  "spartanweaponry:recipes/stone_longsword": {
    "criteria": {
      "has_cobblestone": "2024-07-02 20:51:32 +0000"
    },
    "done": true
  },
  "expanded_combat:recipes/combat/iron_bow_conditional_shaped_skip": {
    "criteria": {
      "has_item": "2024-07-02 20:51:32 +0000"
    },
    "done": true
  },
  "minecraft:recipes/combat/iron_chestplate": {
    "criteria": {
      "has_iron_ingot": "2024-07-02 20:51:32 +0000"
    },
    "done": true
  },
  "spartanweaponry:recipes/iron_quarterstaff": {
    "criteria": {
      "has_iron_ingot": "2024-07-02 20:51:32 +0000"
    },
    "done": true
  },
  "minecraft:recipes/combat/stone_sword": {
    "criteria": {
      "has_cobblestone": "2024-07-02 20:51:32 +0000"
    },
    "done": true
  },
  "minecraft:recipes/decorations/cobblestone_wall": {
    "criteria": {
      "has_cobblestone": "2024-07-02 20:51:32 +0000"
    },
    "done": true
  },
  "expanded_combat:recipes/combat/iron_arrow_conditional_shaped": {
    "criteria": {
      "has_item": "2024-07-02 20:51:32 +0000"
    },
    "done": true
  },
  "expanded_combat:recipes/combat/iron_glaive_conditional_shaped": {
    "criteria": {
      "has_item": "2024-07-02 20:51:32 +0000"
    },
    "done": true
  },
  "minecraft:recipes/tools/stone_axe": {
    "criteria": {
      "has_cobblestone": "2024-07-02 20:51:32 +0000"
    },
    "done": true
  },
  "usefulbackpacks:recipes/backpack_large": {
    "criteria": {
      "has_medium_backpack": "2024-07-02 20:51:32 +0000"
    },
    "done": true
  },
  "ironchest:recipes/decorations/upgrades/wood_to_iron_chest_upgrade": {
    "criteria": {
      "has_iron_ingot": "2024-07-02 20:51:32 +0000"
    },
    "done": true
  },
  "expanded_combat:recipes/combat/iron_bow_conditional_120_smithing": {
    "criteria": {
      "has_item": "2024-07-02 20:51:32 +0000"
    },
    "done": true
  },
  "minecraft:recipes/misc/iron_nugget": {
    "criteria": {
      "has_iron_ingot": "2024-07-02 20:51:32 +0000"
    },
    "done": true
  },
  "spartanweaponry:recipes/stone_katana": {
    "criteria": {
      "has_cobblestone": "2024-07-02 20:51:32 +0000"
    },
    "done": true
  },
  "spartanweaponry:recipes/iron_halberd": {
    "criteria": {
      "has_iron_ingot": "2024-07-02 20:51:32 +0000"
    },
    "done": true
  },
  "minecraft:recipes/misc/bucket": {
    "criteria": {
      "has_iron_ingot": "2024-07-02 20:51:32 +0000"
    },
    "done": true
  },
  "spartanweaponry:recipes/iron_flanged_mace": {
    "criteria": {
      "has_iron_ingot": "2024-07-02 20:51:32 +0000"
    },
    "done": true
  },
  "spartanweaponry:recipes/stone_battle_hammer": {
    "criteria": {
      "has_cobblestone": "2024-07-02 20:51:32 +0000"
    },
    "done": true
  },
  "minecraft:recipes/combat/iron_helmet": {
    "criteria": {
      "has_iron_ingot": "2024-07-02 20:51:32 +0000"
    },
    "done": true
  },
  "spartanweaponry:recipes/iron_boomerang": {
    "criteria": {
      "has_iron_ingot": "2024-07-02 20:51:32 +0000"
    },
    "done": true
  },
  "minecraft:recipes/decorations/furnace": {
    "criteria": {
      "has_cobblestone": "2024-07-02 20:51:32 +0000"
    },
    "done": true
  },
  "minecraft:recipes/transportation/minecart": {
    "criteria": {
      "has_iron_ingot": "2024-07-02 20:51:32 +0000"
    },
    "done": true
  },
  "minecraft:recipes/tools/iron_hoe": {
    "criteria": {
      "has_iron_ingot": "2024-07-02 20:51:32 +0000"
    },
    "done": true
  },
  "expanded_combat:recipes/combat/half_iron_bow_conditional_shaped": {
    "criteria": {
      "has_item": "2024-07-02 20:51:32 +0000"
    },
    "done": true
  },
  "spartanweaponry:recipes/iron_katana": {
    "criteria": {
      "has_iron_ingot": "2024-07-02 20:51:32 +0000"
    },
    "done": true
  },
  "spartanweaponry:recipes/stone_throwing_knife": {
    "criteria": {
      "has_cobblestone": "2024-07-02 20:51:32 +0000"
    },
    "done": true
  },
  "spartanweaponry:recipes/iron_pike": {
    "criteria": {
      "has_iron_ingot": "2024-07-02 20:51:32 +0000"
    },
    "done": true
  },
  "minecraft:recipes/building_blocks/stone_brick_stairs": {
    "criteria": {
      "has_stone_bricks": "2024-07-02 20:51:32 +0000"
    },
    "done": true
  },
  "minecraft:recipes/building_blocks/stone_bricks_from_stone_stonecutting": {
    "criteria": {
      "has_stone": "2024-07-02 20:51:32 +0000"
    },
    "done": true
  },
  "spartanweaponry:recipes/stone_parrying_dagger": {
    "criteria": {
      "has_cobblestone": "2024-07-02 20:51:32 +0000"
    },
    "done": true
  },
  "minecraft:recipes/building_blocks/stone_slab": {
    "criteria": {
      "has_stone": "2024-07-02 20:51:32 +0000"
    },
    "done": true
  },
  "expanded_combat:recipes/combat/iron_dagger_conditional_shaped": {
    "criteria": {
      "has_item": "2024-07-02 20:51:32 +0000"
    },
    "done": true
  },
  "spartanweaponry:recipes/iron_heavy_crossbow": {
    "criteria": {
      "has_iron_ingot": "2024-07-02 20:51:32 +0000"
    },
    "done": true
  },
  "expanded_combat:recipes/combat/iron_dancer_s_sword_conditional_shaped": {
    "criteria": {
      "has_item": "2024-07-02 20:51:32 +0000"
    },
    "done": true
  },
  "spartanweaponry:recipes/diamond_bolt": {
    "criteria": {
      "has_heavy_crossbow": "2024-07-02 20:51:32 +0000"
    },
    "done": true
  },
  "expanded_combat:recipes/combat/iron_sickle_conditional_shaped": {
    "criteria": {
      "has_item": "2024-07-02 20:51:32 +0000"
    },
    "done": true
  },
  "minecraft:recipes/building_blocks/chiseled_stone_bricks": {
    "criteria": {
      "has_tag": "2024-07-02 20:51:32 +0000"
    },
    "done": true
  },
  "ironchest:recipes/decorations/chests/copper_iron_chest": {
    "criteria": {
      "has_iron_ingot": "2024-07-02 20:51:32 +0000"
    },
    "done": true
  },
  "minecraft:recipes/decorations/chest": {
    "criteria": {
      "has_lots_of_items": "2024-07-02 20:51:32 +0000"
    },
    "done": true
  },
  "minecraft:recipes/tools/shears": {
    "criteria": {
      "has_iron_ingot": "2024-07-02 20:51:32 +0000"
    },
    "done": true
  },
  "expanded_combat:recipes/combat/iron_mace_conditional_shaped": {
    "criteria": {
      "has_item": "2024-07-02 20:51:32 +0000"
    },
    "done": true
  },
  "expanded_combat:recipes/combat/iron_bow_conditional_shaped": {
    "criteria": {
      "has_item": "2024-07-02 20:51:32 +0000"
    },
    "done": true
  },
  "expanded_combat:recipes/combat/iron_crossbow_conditional_shaped": {
    "criteria": {
      "has_item": "2024-07-02 20:51:32 +0000"
    },
    "done": true
  },
  "minecraft:recipes/building_blocks/stone_stairs_from_stone_stonecutting": {
    "criteria": {
      "has_stone": "2024-07-02 20:51:32 +0000"
    },
    "done": true
  },
  "minecraft:recipes/building_blocks/cobblestone_slab_from_cobblestone_stonecutting": {
    "criteria": {
      "has_cobblestone": "2024-07-02 20:51:32 +0000"
    },
    "done": true
  },
  "spartanweaponry:recipes/iron_tomahawk": {
    "criteria": {
      "has_iron_ingot": "2024-07-02 20:51:32 +0000"
    },
    "done": true
  },
  "minecraft:recipes/decorations/chain": {
    "criteria": {
      "has_iron_ingot": "2024-07-02 20:51:32 +0000"
    },
    "done": true
  },
  "spartanweaponry:recipes/iron_glaive": {
    "criteria": {
      "has_iron_ingot": "2024-07-02 20:51:32 +0000"
    },
    "done": true
  },
  "spartanweaponry:recipes/iron_warhammer": {
    "criteria": {
      "has_iron_ingot": "2024-07-02 20:51:32 +0000"
    },
    "done": true
  },
  "minecraft:recipes/building_blocks/iron_block": {
    "criteria": {
      "has_iron_ingot": "2024-07-02 20:51:32 +0000"
    },
    "done": true
  },
  "spartanweaponry:recipes/iron_longsword": {
    "criteria": {
      "has_iron_ingot": "2024-07-02 20:51:32 +0000"
    },
    "done": true
  },
  "minecraft:recipes/redstone/stone_button": {
    "criteria": {
      "has_stone": "2024-07-02 20:51:32 +0000"
    },
    "done": true
  },
  "minecraft:recipes/building_blocks/stone": {
    "criteria": {
      "has_cobblestone": "2024-07-02 20:51:32 +0000"
    },
    "done": true
  },
  "minecraft:recipes/decorations/stonecutter": {
    "criteria": {
      "has_stone": "2024-07-02 20:51:32 +0000"
    },
    "done": true
  },
  "spartanweaponry:recipes/iron_parrying_dagger": {
    "criteria": {
      "has_iron_ingot": "2024-07-02 20:51:32 +0000"
    },
    "done": true
  },
  "minecraft:recipes/decorations/smithing_table": {
    "criteria": {
      "has_iron_ingot": "2024-07-02 20:51:32 +0000"
    },
    "done": true
  },
  "minecraft:recipes/redstone/stone_pressure_plate": {
    "criteria": {
      "has_stone": "2024-07-02 20:51:32 +0000"
    },
    "done": true
  },
  "spartanweaponry:recipes/netherite_bolt": {
    "criteria": {
      "has_heavy_crossbow": "2024-07-02 20:51:32 +0000"
    },
    "done": true
  },
  "spartanweaponry:recipes/small_bolt_quiver": {
    "criteria": {
      "has_bolt": "2024-07-02 20:51:32 +0000"
    },
    "done": true
  },
  "expanded_combat:recipes/combat/iron_gauntlet_conditional_shaped": {
    "criteria": {
      "has_item": "2024-07-02 20:51:32 +0000"
    },
    "done": true
  },
  "minecraft:recipes/building_blocks/smooth_stone": {
    "criteria": {
      "has_stone": "2024-07-02 20:51:32 +0000"
    },
    "done": true
  },
  "spartanweaponry:recipes/iron_rapier": {
    "criteria": {
      "has_iron_ingot": "2024-07-02 20:51:32 +0000"
    },
    "done": true
  },
  "spartanweaponry:recipes/iron_battleaxe": {
    "criteria": {
      "has_iron_ingot": "2024-07-02 20:51:32 +0000"
    },
    "done": true
  },
  "spartanweaponry:recipes/iron_lance": {
    "criteria": {
      "has_iron_ingot": "2024-07-02 20:51:32 +0000"
    },
    "done": true
  },
  "spartanweaponry:recipes/small_arrow_quiver": {
    "criteria": {
      "has_arrow": "2024-07-02 20:51:32 +0000"
    },
    "done": true
  },
  "spartanweaponry:recipes/iron_dagger": {
    "criteria": {
      "has_iron_ingot": "2024-07-02 20:51:32 +0000"
    },
    "done": true
  },
  "expanded_combat:recipes/combat/iron_spear_conditional_shaped": {
    "criteria": {
      "has_item": "2024-07-02 20:51:32 +0000"
    },
    "done": true
  },
  "expanded_combat:recipes/combat/iron_broad_sword_conditional_shaped": {
    "criteria": {
      "has_item": "2024-07-02 20:51:32 +0000"
    },
    "done": true
  },
  "spartanweaponry:recipes/stone_boomerang": {
    "criteria": {
      "has_cobblestone": "2024-07-02 20:51:32 +0000"
    },
    "done": true
  },
  "minecraft:recipes/decorations/stone_brick_walls_from_stone_stonecutting": {
    "criteria": {
      "has_stone": "2024-07-02 20:51:32 +0000"
    },
    "done": true
  },
  "spartanweaponry:recipes/iron_throwing_knife": {
    "criteria": {
      "has_iron_ingot": "2024-07-02 20:51:32 +0000"
    },
    "done": true
  },
  "minecraft:recipes/combat/iron_sword": {
    "criteria": {
      "has_iron_ingot": "2024-07-02 20:51:32 +0000"
    },
    "done": true
  },
  "minecraft:recipes/tools/iron_pickaxe": {
    "criteria": {
      "has_iron_ingot": "2024-07-02 20:51:32 +0000"
    },
    "done": true
  },
  "minecraft:recipes/building_blocks/stone_brick_slab_from_stone_stonecutting": {
    "criteria": {
      "has_stone": "2024-07-02 20:51:32 +0000"
    },
    "done": true
  },
  "minecraft:recipes/combat/shield": {
    "criteria": {
      "has_iron_ingot": "2024-07-02 20:51:32 +0000"
    },
    "done": true
  },
  "expanded_combat:recipes/combat/iron_flail_conditional_shaped": {
    "criteria": {
      "has_item": "2024-07-02 20:51:32 +0000"
    },
    "done": true
  },
  "minecraft:recipes/redstone/hopper": {
    "criteria": {
      "has_iron_ingot": "2024-07-02 20:51:32 +0000"
    },
    "done": true
  },
  "minecraft:recipes/decorations/iron_bars": {
    "criteria": {
      "has_iron_ingot": "2024-07-02 20:51:32 +0000"
    },
    "done": true
  },
  "spartanweaponry:recipes/stone_lance": {
    "criteria": {
      "has_cobblestone": "2024-07-02 20:51:32 +0000"
    },
    "done": true
  },
  "minecraft:recipes/building_blocks/stone_brick_stairs_from_stone_stonecutting": {
    "criteria": {
      "has_stone": "2024-07-02 20:51:32 +0000"
    },
    "done": true
  },
  "spartanweaponry:recipes/stone_quarterstaff": {
    "criteria": {
      "has_cobblestone": "2024-07-02 20:51:32 +0000"
    },
    "done": true
  },
  "minecraft:recipes/combat/iron_boots": {
    "criteria": {
      "has_iron_ingot": "2024-07-02 20:51:32 +0000"
    },
    "done": true
  },
  "spartanweaponry:recipes/stone_tomahawk": {
    "criteria": {
      "has_cobblestone": "2024-07-02 20:51:32 +0000"
    },
    "done": true
  },
  "minecraft:recipes/tools/stone_pickaxe": {
    "criteria": {
      "has_cobblestone": "2024-07-02 20:51:32 +0000"
    },
    "done": true
  },
  "expanded_combat:recipes/combat/iron_great_hammer_conditional_shaped": {
    "criteria": {
      "has_item": "2024-07-02 20:51:32 +0000"
    },
    "done": true
  },
  "expanded_combat:recipes/combat/half_iron_bow_conditional_120_smithing": {
    "criteria": {
      "has_item": "2024-07-02 20:51:32 +0000"
    },
    "done": true
  },
  "minecraft:recipes/decorations/lantern": {
    "criteria": {
      "has_iron_ingot": "2024-07-02 20:51:32 +0000"
    },
    "done": true
  },
  "minecraft:recipes/building_blocks/stone_slab_from_stone_stonecutting": {
    "criteria": {
      "has_stone": "2024-07-02 20:51:32 +0000"
    },
    "done": true
  },
  "hangglider:recipes/tools/glider_framework": {
    "criteria": {
      "has_iron_ingot": "2024-07-02 20:51:32 +0000"
    },
    "done": true
  },
  "minecraft:recipes/building_blocks/stone_brick_slab": {
    "criteria": {
      "has_stone_bricks": "2024-07-02 20:51:32 +0000"
    },
    "done": true
  },
  "minecraft:recipes/tools/iron_shovel": {
    "criteria": {
      "has_iron_ingot": "2024-07-02 20:51:32 +0000"
    },
    "done": true
  },
  "spartanweaponry:recipes/iron_longbow": {
    "criteria": {
      "has_iron_ingot": "2024-07-02 20:51:32 +0000"
    },
    "done": true
  },
  "expanded_combat:recipes/combat/iron_claymore_conditional_shaped": {
    "criteria": {
      "has_item": "2024-07-02 20:51:32 +0000"
    },
    "done": true
  },
  "spartanweaponry:recipes/iron_greatsword": {
    "criteria": {
      "has_iron_ingot": "2024-07-02 20:51:32 +0000"
    },
    "done": true
  },
  "spartanweaponry:recipes/stone_battleaxe": {
    "criteria": {
      "has_cobblestone": "2024-07-02 20:51:32 +0000"
    },
    "done": true
  },
  "expanded_combat:recipes/combat/iron_quiver_conditional_shaped": {
    "criteria": {
      "has_item": "2024-07-02 20:51:32 +0000"
    },
    "done": true
  },
  "spartanweaponry:recipes/stone_flanged_mace": {
    "criteria": {
      "has_cobblestone": "2024-07-02 20:51:32 +0000"
    },
    "done": true
  },
  "spartanweaponry:recipes/bolt": {
    "criteria": {
      "has_heavy_crossbow": "2024-07-02 20:51:32 +0000"
    },
    "done": true
  },
  "ironchest:recipes/decorations/upgrades/iron_to_gold_chest_upgrade": {
    "criteria": {
      "has_iron_ingot": "2024-07-02 20:51:32 +0000"
    },
    "done": true
  },
  "ironchest:recipes/decorations/upgrades/copper_to_iron_chest_upgrade": {
    "criteria": {
      "has_iron_ingot": "2024-07-02 20:51:32 +0000"
    },
    "done": true
  },
  "spartanweaponry:recipes/stone_spear": {
    "criteria": {
      "has_cobblestone": "2024-07-02 20:51:32 +0000"
    },
    "done": true
  },
  "minecraft:recipes/building_blocks/chiseled_stone_bricks_stone_from_stonecutting": {
    "criteria": {
      "has_stone": "2024-07-02 20:51:32 +0000"
    },
    "done": true
  },
  "spartanweaponry:recipes/stone_javelin": {
    "criteria": {
      "has_cobblestone": "2024-07-02 20:51:32 +0000"
    },
    "done": true
  },
  "minecraft:recipes/building_blocks/cobblestone_slab": {
    "criteria": {
      "has_cobblestone": "2024-07-02 20:51:32 +0000"
    },
    "done": true
  },
  "ironchest:recipes/decorations/chests/vanilla_iron_chest": {
    "criteria": {
      "has_iron_ingot": "2024-07-02 20:51:32 +0000"
    },
    "done": true
  },
  "minecraft:recipes/brewing/cauldron": {
    "criteria": {
      "has_water_bucket": "2024-07-02 20:51:32 +0000"
    },
    "done": true
  },
  "minecraft:recipes/redstone/iron_trapdoor": {
    "criteria": {
      "has_iron_ingot": "2024-07-02 20:51:32 +0000"
    },
    "done": true
  },
  "spartanweaponry:recipes/copper_bolt": {
    "criteria": {
      "has_heavy_crossbow": "2024-07-02 20:51:32 +0000"
    },
    "done": true
  },
  "spartanweaponry:recipes/iron_battle_hammer": {
    "criteria": {
      "has_iron_ingot": "2024-07-02 20:51:32 +0000"
    },
    "done": true
  },
  "spartanweaponry:recipes/stone_pike": {
    "criteria": {
      "has_cobblestone": "2024-07-02 20:51:32 +0000"
    },
    "done": true
  },
  "minecraft:recipes/tools/iron_axe": {
    "criteria": {
      "has_iron_ingot": "2024-07-02 20:51:32 +0000"
    },
    "done": true
  },
  "spartanweaponry:recipes/stone_warhammer": {
    "criteria": {
      "has_cobblestone": "2024-07-02 20:51:32 +0000"
    },
    "done": true
  },
  "minecraft:recipes/combat/crossbow": {
    "criteria": {
      "has_iron_ingot": "2024-07-02 20:51:32 +0000"
    },
    "done": true
  },
  "spartanweaponry:recipes/iron_scythe": {
    "criteria": {
      "has_iron_ingot": "2024-07-02 20:51:32 +0000"
    },
    "done": true
  },
  "spartanweaponry:recipes/iron_spear": {
    "criteria": {
      "has_iron_ingot": "2024-07-02 20:51:32 +0000"
    },
    "done": true
  },
  "minecraft:recipes/decorations/cobblestone_wall_from_cobblestone_stonecutting": {
    "criteria": {
      "has_cobblestone": "2024-07-02 20:51:32 +0000"
    },
    "done": true
  },
  "minecraft:recipes/building_blocks/cobblestone_stairs_from_cobblestone_stonecutting": {
    "criteria": {
      "has_cobblestone": "2024-07-02 20:51:32 +0000"
    },
    "done": true
  },
  "spartanweaponry:recipes/stone_dagger": {
    "criteria": {
      "has_cobblestone": "2024-07-02 20:51:32 +0000"
    },
    "done": true
  },
  "spartanweaponry:recipes/iron_saber": {
    "criteria": {
      "has_iron_ingot": "2024-07-02 20:51:32 +0000"
    },
    "done": true
  },
  "spartanweaponry:recipes/stone_rapier": {
    "criteria": {
      "has_cobblestone": "2024-07-02 20:51:32 +0000"
    },
    "done": true
  },
  "spartanweaponry:recipes/stone_halberd": {
    "criteria": {
      "has_cobblestone": "2024-07-02 20:51:32 +0000"
    },
    "done": true
  },
  "minecraft:recipes/building_blocks/cobblestone_stairs": {
    "criteria": {
      "has_cobblestone": "2024-07-02 20:51:32 +0000"
    },
    "done": true
  },
  "expanded_combat:recipes/combat/iron_katana_conditional_shaped": {
    "criteria": {
      "has_item": "2024-07-02 20:51:32 +0000"
    },
    "done": true
  },
  "minecraft:recipes/tools/stone_hoe": {
    "criteria": {
      "has_cobblestone": "2024-07-02 20:51:32 +0000"
    },
    "done": true
  },
  "minecraft:recipes/misc/nether_brick": {
    "criteria": {
      "has_netherrack": "2024-07-02 20:51:32 +0000"
    },
    "done": true
  },
  "minecraft:recipes/tools/stone_shovel": {
    "criteria": {
      "has_cobblestone": "2024-07-02 20:51:32 +0000"
    },
    "done": true
  },
  "expanded_combat:recipes/combat/iron_scythe_conditional_shaped": {
    "criteria": {
      "has_item": "2024-07-02 20:51:32 +0000"
    },
    "done": true
  },
  "minecraft:recipes/redstone/iron_door": {
    "criteria": {
      "has_iron_ingot": "2024-07-02 20:51:32 +0000"
    },
    "done": true
  },
  "minecraft:recipes/redstone/heavy_weighted_pressure_plate": {
    "criteria": {
      "has_iron_ingot": "2024-07-02 20:51:32 +0000"
    },
    "done": true
  },
  "minecraft:recipes/building_blocks/stone_stairs": {
    "criteria": {
      "has_stone": "2024-07-02 20:51:32 +0000"
    },
    "done": true
  },
  "minecraft:recipes/decorations/crafting_table": {
    "criteria": {
      "unlock_right_away": "2024-07-02 20:51:33 +0000"
    },
    "done": true
  },
  "minecraft:recipes/decorations/ladder": {
    "criteria": {
      "has_stick": "2024-07-02 20:53:22 +0000"
    },
    "done": true
  },
  "another_furniture:recipes/oak_drawer": {
    "criteria": {
      "has_planks": "2024-07-02 20:53:22 +0000"
    },
    "done": true
  },
  "expanded_combat:recipes/combat/iron_stick_conditional_shaped": {
    "criteria": {
      "has_item": "2024-07-02 20:53:22 +0000"
    },
    "done": true
  },
  "minecraft:recipes/redstone/redstone_torch": {
    "criteria": {
      "has_redstone": "2024-07-02 20:53:22 +0000"
    },
    "done": true
  },
  "minecraft:recipes/tools/clock": {
    "criteria": {
      "has_redstone": "2024-07-02 20:53:22 +0000"
    },
    "done": true
  },
  "minecraft:recipes/tools/wooden_axe": {
    "criteria": {
      "has_stick": "2024-07-02 20:53:22 +0000"
    },
    "done": true
  },
  "spartanweaponry:recipes/combat/pole_from_leather": {
    "criteria": {
      "has_stick": "2024-07-02 20:53:22 +0000"
    },
    "done": true
  },
  "another_furniture:recipes/dark_oak_drawer": {
    "criteria": {
      "has_planks": "2024-07-02 20:53:22 +0000"
    },
    "done": true
  },
  "spartanweaponry:recipes/combat/pole_from_wool": {
    "criteria": {
      "has_stick": "2024-07-02 20:53:22 +0000"
    },
    "done": true
  },
  "another_furniture:recipes/warped_drawer": {
    "criteria": {
      "has_planks": "2024-07-02 20:53:22 +0000"
    },
    "done": true
  },
  "minecraft:recipes/redstone/note_block": {
    "criteria": {
      "has_redstone": "2024-07-02 20:53:22 +0000"
    },
    "done": true
  },
  "minecraft:recipes/redstone/target": {
    "criteria": {
      "has_redstone": "2024-07-02 20:53:22 +0000"
    },
    "done": true
  },
  "minecraft:recipes/tools/compass": {
    "criteria": {
      "has_redstone": "2024-07-02 20:53:22 +0000"
    },
    "done": true
  },
  "another_furniture:recipes/acacia_drawer": {
    "criteria": {
      "has_planks": "2024-07-02 20:53:22 +0000"
    },
    "done": true
  },
  "another_furniture:recipes/spruce_drawer": {
    "criteria": {
      "has_planks": "2024-07-02 20:53:22 +0000"
    },
    "done": true
  },
  "spartanweaponry:recipes/combat/handle_from_leather": {
    "criteria": {
      "has_stick": "2024-07-02 20:53:22 +0000"
    },
    "done": true
  },
  "another_furniture:recipes/jungle_drawer": {
    "criteria": {
      "has_planks": "2024-07-02 20:53:22 +0000"
    },
    "done": true
  },
  "spartanweaponry:recipes/combat/handle_from_wool": {
    "criteria": {
      "has_stick": "2024-07-02 20:53:22 +0000"
    },
    "done": true
  },
  "minecraft:recipes/decorations/campfire": {
    "criteria": {
      "has_stick": "2024-07-02 20:53:22 +0000"
    },
    "done": true
  },
  "minecraft:recipes/tools/wooden_hoe": {
    "criteria": {
      "has_stick": "2024-07-02 20:53:22 +0000"
    },
    "done": true
  },
  "another_furniture:recipes/crimson_drawer": {
    "criteria": {
      "has_planks": "2024-07-02 20:53:22 +0000"
    },
    "done": true
  },
  "minecraft:recipes/tools/wooden_pickaxe": {
    "criteria": {
      "has_stick": "2024-07-02 20:53:22 +0000"
    },
    "done": true
  },
  "minecraft:recipes/redstone/dropper": {
    "criteria": {
      "has_redstone": "2024-07-02 20:53:22 +0000"
    },
    "done": true
  },
  "minecraft:recipes/tools/wooden_shovel": {
    "criteria": {
      "has_stick": "2024-07-02 20:53:22 +0000"
    },
    "done": true
  },
  "another_furniture:recipes/cherry_drawer": {
    "criteria": {
      "has_planks": "2024-07-02 20:53:22 +0000"
    },
    "done": true
  },
  "another_furniture:recipes/bamboo_drawer": {
    "criteria": {
      "has_planks": "2024-07-02 20:53:22 +0000"
    },
    "done": true
  },
  "another_furniture:recipes/mangrove_drawer": {
    "criteria": {
      "has_planks": "2024-07-02 20:53:22 +0000"
    },
    "done": true
  },
  "minecraft:recipes/redstone/redstone_block": {
    "criteria": {
      "has_redstone": "2024-07-02 20:53:22 +0000"
    },
    "done": true
  },
  "spartanweaponry:recipes/combat/pole_from_string": {
    "criteria": {
      "has_stick": "2024-07-02 20:53:22 +0000"
    },
    "done": true
  },
  "minecraft:recipes/combat/wooden_sword": {
    "criteria": {
      "has_stick": "2024-07-02 20:53:22 +0000"
    },
    "done": true
  },
  "spartanweaponry:recipes/combat/simple_handle": {
    "criteria": {
      "has_stick": "2024-07-02 20:53:22 +0000"
    },
    "done": true
  },
  "another_furniture:recipes/furniture_hammer": {
    "criteria": {
      "has_stick": "2024-07-02 20:53:22 +0000"
    },
    "done": true
  },
  "another_furniture:recipes/birch_drawer": {
    "criteria": {
      "has_planks": "2024-07-02 20:53:22 +0000"
    },
    "done": true
  },
  "minecraft:recipes/redstone/piston": {
    "criteria": {
      "has_redstone": "2024-07-02 20:53:22 +0000"
    },
    "done": true
  },
  "spartanweaponry:recipes/explosive_charge": {
    "criteria": {
      "has_gunpowder": "2024-07-02 20:54:15 +0000"
    },
    "done": true
  },
  "minecraft:recipes/misc/firework_rocket_simple": {
    "criteria": {
      "has_gunpowder": "2024-07-02 20:54:15 +0000"
    },
    "done": true
  },
  "minecraft:recipes/redstone/tnt": {
    "criteria": {
      "has_gunpowder": "2024-07-02 20:54:15 +0000"
    },
    "done": true
  },
  "minecraft:recipes/misc/bone_meal": {
    "criteria": {
      "has_bone": "2024-07-02 20:54:18 +0000"
    },
    "done": true
  },
  "minecraft:recipes/decorations/deepslate_brick_wall_from_deepslate_bricks_stonecutting": {
    "criteria": {
      "has_deepslate_bricks": "2024-07-02 21:05:44 +0000"
    },
    "done": true
  },
  "minecraft:recipes/building_blocks/deepslate_tile_stairs_from_deepslate_bricks_stonecutting": {
    "criteria": {
      "has_deepslate_bricks": "2024-07-02 21:05:44 +0000"
    },
    "done": true
  },
  "minecraft:recipes/building_blocks/deepslate_brick_stairs": {
    "criteria": {
      "has_deepslate_bricks": "2024-07-02 21:05:44 +0000"
    },
    "done": true
  },
  "minecraft:recipes/decorations/deepslate_tile_wall_from_deepslate_bricks_stonecutting": {
    "criteria": {
      "has_deepslate_bricks": "2024-07-02 21:05:44 +0000"
    },
    "done": true
  },
  "minecraft:recipes/building_blocks/deepslate_tiles": {
    "criteria": {
      "has_deepslate_bricks": "2024-07-02 21:05:44 +0000"
    },
    "done": true
  },
  "minecraft:recipes/decorations/green_glazed_terracotta": {
    "criteria": {
      "has_green_terracotta": "2024-07-02 21:05:44 +0000"
    },
    "done": true
  },
  "minecraft:recipes/building_blocks/deepslate_brick_stairs_from_deepslate_bricks_stonecutting": {
    "criteria": {
      "has_deepslate_bricks": "2024-07-02 21:05:44 +0000"
    },
    "done": true
  },
  "minecraft:recipes/decorations/deepslate_brick_wall": {
    "criteria": {
      "has_deepslate_bricks": "2024-07-02 21:05:44 +0000"
    },
    "done": true
  },
  "minecraft:recipes/building_blocks/deepslate_tiles_from_deepslate_bricks_stonecutting": {
    "criteria": {
      "has_deepslate_bricks": "2024-07-02 21:05:44 +0000"
    },
    "done": true
  },
  "minecraft:recipes/building_blocks/deepslate_brick_slab": {
    "criteria": {
      "has_deepslate_bricks": "2024-07-02 21:05:44 +0000"
    },
    "done": true
  },
  "minecraft:recipes/building_blocks/cracked_deepslate_bricks": {
    "criteria": {
      "has_deepslate_bricks": "2024-07-02 21:05:44 +0000"
    },
    "done": true
  },
  "minecraft:recipes/building_blocks/deepslate_tile_slab_from_deepslate_bricks_stonecutting": {
    "criteria": {
      "has_deepslate_bricks": "2024-07-02 21:05:44 +0000"
    },
    "done": true
  },
  "minecraft:recipes/building_blocks/deepslate_brick_slab_from_deepslate_bricks_stonecutting": {
    "criteria": {
      "has_deepslate_bricks": "2024-07-02 21:05:44 +0000"
    },
    "done": true
  },
  "minecraft:recipes/building_blocks/polished_andesite_stairs_from_polished_andesite_stonecutting": {
    "criteria": {
      "has_polished_andesite": "2024-07-02 21:05:45 +0000"
    },
    "done": true
  },
  "minecraft:recipes/building_blocks/polished_andesite_stairs": {
    "criteria": {
      "has_polished_andesite": "2024-07-02 21:05:45 +0000"
    },
    "done": true
  },
  "minecraft:recipes/building_blocks/polished_andesite_slab": {
    "criteria": {
      "has_polished_andesite": "2024-07-02 21:05:45 +0000"
    },
    "done": true
  },
  "minecraft:recipes/building_blocks/polished_andesite_slab_from_polished_andesite_stonecutting": {
    "criteria": {
      "has_polished_andesite": "2024-07-02 21:05:45 +0000"
    },
    "done": true
  },
  "minecraft:recipes/building_blocks/polished_deepslate": {
    "criteria": {
      "has_cobbled_deepslate": "2024-07-02 21:05:53 +0000"
    },
    "done": true
  },
  "minecraft:recipes/building_blocks/deepslate_tile_stairs_from_cobbled_deepslate_stonecutting": {
    "criteria": {
      "has_cobbled_deepslate": "2024-07-02 21:05:53 +0000"
    },
    "done": true
  },
  "minecraft:recipes/building_blocks/deepslate_brick_stairs_from_cobbled_deepslate_stonecutting": {
    "criteria": {
      "has_cobbled_deepslate": "2024-07-02 21:05:53 +0000"
    },
    "done": true
  },
  "minecraft:recipes/building_blocks/chiseled_deepslate_from_cobbled_deepslate_stonecutting": {
    "criteria": {
      "has_cobbled_deepslate": "2024-07-02 21:05:53 +0000"
    },
    "done": true
  },
  "minecraft:recipes/building_blocks/cobbled_deepslate_slab": {
    "criteria": {
      "has_cobbled_deepslate": "2024-07-02 21:05:53 +0000"
    },
    "done": true
  },
  "minecraft:recipes/decorations/cobbled_deepslate_wall_from_cobbled_deepslate_stonecutting": {
    "criteria": {
      "has_cobbled_deepslate": "2024-07-02 21:05:53 +0000"
    },
    "done": true
  },
  "minecraft:recipes/decorations/cobbled_deepslate_wall": {
    "criteria": {
      "has_cobbled_deepslate": "2024-07-02 21:05:53 +0000"
    },
    "done": true
  },
  "minecraft:recipes/decorations/polished_deepslate_wall_from_cobbled_deepslate_stonecutting": {
    "criteria": {
      "has_cobbled_deepslate": "2024-07-02 21:05:53 +0000"
    },
    "done": true
  },
  "minecraft:recipes/building_blocks/cobbled_deepslate_stairs_from_cobbled_deepslate_stonecutting": {
    "criteria": {
      "has_cobbled_deepslate": "2024-07-02 21:05:53 +0000"
    },
    "done": true
  },
  "minecraft:recipes/building_blocks/deepslate": {
    "criteria": {
      "has_cobbled_deepslate": "2024-07-02 21:05:53 +0000"
    },
    "done": true
  },
  "minecraft:recipes/building_blocks/polished_deepslate_stairs_from_cobbled_deepslate_stonecutting": {
    "criteria": {
      "has_cobbled_deepslate": "2024-07-02 21:05:53 +0000"
    },
    "done": true
  },
  "minecraft:recipes/decorations/deepslate_brick_wall_from_cobbled_deepslate_stonecutting": {
    "criteria": {
      "has_cobbled_deepslate": "2024-07-02 21:05:53 +0000"
    },
    "done": true
  },
  "minecraft:recipes/building_blocks/polished_deepslate_from_cobbled_deepslate_stonecutting": {
    "criteria": {
      "has_cobbled_deepslate": "2024-07-02 21:05:53 +0000"
    },
    "done": true
  },
  "minecraft:recipes/building_blocks/polished_deepslate_slab_from_cobbled_deepslate_stonecutting": {
    "criteria": {
      "has_cobbled_deepslate": "2024-07-02 21:05:53 +0000"
    },
    "done": true
  },
  "minecraft:recipes/building_blocks/deepslate_brick_slab_from_cobbled_deepslate_stonecutting": {
    "criteria": {
      "has_cobbled_deepslate": "2024-07-02 21:05:53 +0000"
    },
    "done": true
  },
  "minecraft:recipes/building_blocks/cobbled_deepslate_slab_from_cobbled_deepslate_stonecutting": {
    "criteria": {
      "has_cobbled_deepslate": "2024-07-02 21:05:53 +0000"
    },
    "done": true
  },
  "minecraft:recipes/building_blocks/deepslate_tile_slab_from_cobbled_deepslate_stonecutting": {
    "criteria": {
      "has_cobbled_deepslate": "2024-07-02 21:05:53 +0000"
    },
    "done": true
  },
  "minecraft:recipes/building_blocks/cobbled_deepslate_stairs": {
    "criteria": {
      "has_cobbled_deepslate": "2024-07-02 21:05:53 +0000"
    },
    "done": true
  },
  "minecraft:recipes/decorations/deepslate_tile_wall_from_cobbled_deepslate_stonecutting": {
    "criteria": {
      "has_cobbled_deepslate": "2024-07-02 21:05:53 +0000"
    },
    "done": true
  },
  "minecraft:recipes/building_blocks/deepslate_bricks_from_cobbled_deepslate_stonecutting": {
    "criteria": {
      "has_cobbled_deepslate": "2024-07-02 21:05:53 +0000"
    },
    "done": true
  },
  "minecraft:recipes/building_blocks/deepslate_tiles_from_cobbled_deepslate_stonecutting": {
    "criteria": {
      "has_cobbled_deepslate": "2024-07-02 21:05:53 +0000"
    },
    "done": true
  },
  "minecraft:recipes/transportation/cherry_boat": {
    "criteria": {
      "in_water": "2024-07-02 21:06:08 +0000"
    },
    "done": true
  },
  "minecraft:recipes/transportation/bamboo_raft": {
    "criteria": {
      "in_water": "2024-07-02 21:06:08 +0000"
    },
    "done": true
  },
  "minecraft:recipes/transportation/spruce_boat": {
    "criteria": {
      "in_water": "2024-07-02 21:06:08 +0000"
    },
    "done": true
  },
  "minecraft:recipes/transportation/birch_boat": {
    "criteria": {
      "in_water": "2024-07-02 21:06:08 +0000"
    },
    "done": true
  },
  "minecraft:recipes/transportation/oak_boat": {
    "criteria": {
      "in_water": "2024-07-02 21:06:08 +0000"
    },
    "done": true
  },
  "minecraft:recipes/transportation/mangrove_boat": {
    "criteria": {
      "in_water": "2024-07-02 21:06:08 +0000"
    },
    "done": true
  },
  "minecraft:recipes/transportation/acacia_boat": {
    "criteria": {
      "in_water": "2024-07-02 21:06:08 +0000"
    },
    "done": true
  },
  "minecraft:recipes/transportation/jungle_boat": {
    "criteria": {
      "in_water": "2024-07-02 21:06:08 +0000"
    },
    "done": true
  },
  "minecraft:recipes/transportation/dark_oak_boat": {
    "criteria": {
      "in_water": "2024-07-02 21:06:08 +0000"
    },
    "done": true
  },
  "minecraft:recipes/building_blocks/mossy_cobblestone_stairs_from_mossy_cobblestone_stonecutting": {
    "criteria": {
      "has_mossy_cobblestone": "2024-07-02 21:06:23 +0000"
    },
    "done": true
  },
  "minecraft:recipes/building_blocks/mossy_cobblestone_slab": {
    "criteria": {
      "has_mossy_cobblestone": "2024-07-02 21:06:23 +0000"
    },
    "done": true
  },
  "minecraft:recipes/building_blocks/mossy_cobblestone_stairs": {
    "criteria": {
      "has_mossy_cobblestone": "2024-07-02 21:06:23 +0000"
    },
    "done": true
  },
  "minecraft:recipes/decorations/mossy_cobblestone_wall": {
    "criteria": {
      "has_mossy_cobblestone": "2024-07-02 21:06:23 +0000"
    },
    "done": true
  },
  "minecraft:recipes/building_blocks/mossy_cobblestone_slab_from_mossy_cobblestone_stonecutting": {
    "criteria": {
      "has_mossy_cobblestone": "2024-07-02 21:06:23 +0000"
    },
    "done": true
  },
  "minecraft:recipes/decorations/mossy_cobblestone_wall_from_mossy_cobblestone_stonecutting": {
    "criteria": {
      "has_mossy_cobblestone": "2024-07-02 21:06:23 +0000"
    },
    "done": true
  },
  "minecraft:recipes/decorations/stone_brick_wall": {
    "criteria": {
      "has_stone_bricks": "2024-07-02 21:06:24 +0000"
    },
    "done": true
  },
  "minecraft:recipes/building_blocks/cracked_stone_bricks": {
    "criteria": {
      "has_stone_bricks": "2024-07-02 21:06:24 +0000"
    },
    "done": true
  },
  "minecraft:recipes/building_blocks/stone_brick_stairs_from_stone_bricks_stonecutting": {
    "criteria": {
      "has_stone_bricks": "2024-07-02 21:06:24 +0000"
    },
    "done": true
  },
  "minecraft:recipes/decorations/stone_brick_wall_from_stone_bricks_stonecutting": {
    "criteria": {
      "has_stone_bricks": "2024-07-02 21:06:24 +0000"
    },
    "done": true
  },
  "minecraft:recipes/building_blocks/stone_brick_slab_from_stone_bricks_stonecutting": {
    "criteria": {
      "has_stone_bricks": "2024-07-02 21:06:24 +0000"
    },
    "done": true
  },
  "minecraft:recipes/building_blocks/chiseled_stone_bricks_from_stone_bricks_stonecutting": {
    "criteria": {
      "has_stone_bricks": "2024-07-02 21:06:24 +0000"
    },
    "done": true
  },
  "minecraft:recipes/decorations/lime_glazed_terracotta": {
    "criteria": {
      "has_lime_terracotta": "2024-07-02 21:06:25 +0000"
    },
    "done": true
  },
  "minecraft:recipes/building_blocks/deepslate_tile_stairs_from_deepslate_tiles_stonecutting": {
    "criteria": {
      "has_deepslate_tiles": "2024-07-02 21:06:30 +0000"
    },
    "done": true
  },
  "minecraft:recipes/decorations/deepslate_tile_wall_from_deepslate_tiles_stonecutting": {
    "criteria": {
      "has_deepslate_tiles": "2024-07-02 21:06:30 +0000"
    },
    "done": true
  },
  "minecraft:recipes/decorations/deepslate_tile_wall": {
    "criteria": {
      "has_deepslate_tiles": "2024-07-02 21:06:30 +0000"
    },
    "done": true
  },
  "minecraft:recipes/building_blocks/cracked_deepslate_tiles": {
    "criteria": {
      "has_deepslate_tiles": "2024-07-02 21:06:30 +0000"
    },
    "done": true
  },
  "minecraft:recipes/building_blocks/deepslate_tile_slab_from_deepslate_tiles_stonecutting": {
    "criteria": {
      "has_deepslate_tiles": "2024-07-02 21:06:30 +0000"
    },
    "done": true
  },
  "minecraft:recipes/building_blocks/deepslate_tile_stairs": {
    "criteria": {
      "has_deepslate_tiles": "2024-07-02 21:06:30 +0000"
    },
    "done": true
  },
  "minecraft:recipes/building_blocks/deepslate_tile_slab": {
    "criteria": {
      "has_deepslate_tiles": "2024-07-02 21:06:30 +0000"
    },
    "done": true
  },
  "minecraft:recipes/combat/bow": {
    "criteria": {
      "has_string": "2024-07-02 21:10:22 +0000"
    },
    "done": true
  },
  "minecraft:recipes/tools/fishing_rod": {
    "criteria": {
      "has_string": "2024-07-02 21:10:22 +0000"
    },
    "done": true
  },
  "minecraft:recipes/redstone/tripwire_hook": {
    "criteria": {
      "has_string": "2024-07-02 21:10:22 +0000"
    },
    "done": true
  },
  "minecraft:recipes/decorations/candle": {
    "criteria": {
      "has_string": "2024-07-02 21:10:22 +0000"
    },
    "done": true
  },
  "spartanweaponry:recipes/combat/handle_from_string": {
    "criteria": {
      "has_string": "2024-07-02 21:10:22 +0000"
    },
    "done": true
  },
  "minecraft:recipes/building_blocks/white_wool_from_string": {
    "criteria": {
      "has_string": "2024-07-02 21:10:22 +0000"
    },
    "done": true
  },
  "minecraft:recipes/decorations/loom": {
    "criteria": {
      "has_string": "2024-07-02 21:10:22 +0000"
    },
    "done": true
  },
  "minecraft:recipes/brewing/fermented_spider_eye": {
    "criteria": {
      "has_spider_eye": "2024-07-02 21:10:23 +0000"
    },
    "done": true
  },
  "minecraft:recipes/decorations/fletching_table": {
    "criteria": {
      "has_flint": "2024-07-02 21:10:58 +0000"
    },
    "done": true
  },
  "minecraft:recipes/combat/arrow": {
    "criteria": {
      "has_flint": "2024-07-02 21:10:58 +0000"
    },
    "done": true
  },
  "minecraft:recipes/tools/flint_and_steel": {
    "criteria": {
      "has_flint": "2024-07-02 21:10:58 +0000"
    },
    "done": true
  },
  "minecraft:recipes/decorations/mossy_stone_brick_wall": {
    "criteria": {
      "has_mossy_stone_bricks": "2024-07-02 21:11:45 +0000"
    },
    "done": true
  },
  "minecraft:recipes/building_blocks/mossy_stone_brick_slab": {
    "criteria": {
      "has_mossy_stone_bricks": "2024-07-02 21:11:45 +0000"
    },
    "done": true
  },
  "minecraft:recipes/building_blocks/mossy_stone_brick_stairs": {
    "criteria": {
      "has_mossy_stone_bricks": "2024-07-02 21:11:45 +0000"
    },
    "done": true
  },
  "minecraft:recipes/building_blocks/mossy_stone_brick_stairs_from_mossy_stone_brick_stonecutting": {
    "criteria": {
      "has_mossy_stone_bricks": "2024-07-02 21:11:45 +0000"
    },
    "done": true
  },
  "minecraft:recipes/decorations/mossy_stone_brick_wall_from_mossy_stone_brick_stonecutting": {
    "criteria": {
      "has_mossy_stone_bricks": "2024-07-02 21:11:45 +0000"
    },
    "done": true
  },
  "minecraft:recipes/building_blocks/mossy_stone_brick_slab_from_mossy_stone_brick_stonecutting": {
    "criteria": {
      "has_mossy_stone_bricks": "2024-07-02 21:11:45 +0000"
    },
    "done": true
  },
  "ironchest:recipes/decorations/chests/vanilla_dirt_chest": {
    "criteria": {
      "has_iron_ingot": "2024-07-02 21:16:52 +0000"
    },
    "done": true
  },
  "minecraft:recipes/building_blocks/terracotta": {
    "criteria": {
      "has_clay_block": "2024-07-02 21:23:56 +0000"
    },
    "done": true
  },
  "minecraft:recipes/decorations/blast_furnace": {
    "criteria": {
      "has_smooth_stone": "2024-07-02 21:23:59 +0000"
    },
    "done": true
  },
  "minecraft:recipes/building_blocks/smooth_stone_slab": {
    "criteria": {
      "has_smooth_stone": "2024-07-02 21:23:59 +0000"
    },
    "done": true
  },
  "minecraft:recipes/building_blocks/smooth_stone_slab_from_smooth_stone_stonecutting": {
    "criteria": {
      "has_smooth_stone": "2024-07-02 21:23:59 +0000"
    },
    "done": true
  },
  "minecraft:recipes/decorations/yellow_candle": {
    "criteria": {
      "has_yellow_dye": "2024-07-02 21:24:03 +0000"
    },
    "done": true
  },
  "minecraft:recipes/building_blocks/dye_yellow_wool": {
    "criteria": {
      "has_needed_dye": "2024-07-02 21:24:03 +0000"
    },
    "done": true
  },
  "minecraft:recipes/building_blocks/clay": {
    "criteria": {
      "has_clay_ball": "2024-07-02 21:24:03 +0000"
    },
    "done": true
  },
  "minecraft:recipes/misc/orange_dye_from_red_yellow": {
    "criteria": {
      "has_yellow_dye": "2024-07-02 21:24:03 +0000"
    },
    "done": true
  },
  "minecraft:recipes/building_blocks/dye_yellow_carpet": {
    "criteria": {
      "has_needed_dye": "2024-07-02 21:24:03 +0000"
    },
    "done": true
  },
  "minecraft:recipes/decorations/yellow_stained_glass_pane_from_glass_pane": {
    "criteria": {
      "has_yellow_dye": "2024-07-02 21:24:03 +0000"
    },
    "done": true
  },
  "minecraft:recipes/misc/brick": {
    "criteria": {
      "has_clay_ball": "2024-07-02 21:24:03 +0000"
    },
    "done": true
  },
  "minecraft:recipes/building_blocks/dye_yellow_bed": {
    "criteria": {
      "has_needed_dye": "2024-07-02 21:24:03 +0000"
    },
    "done": true
  },
  "spartanweaponry:recipes/wooden_club": {
    "criteria": {
      "has_wood_log": "2024-07-02 21:24:38 +0000"
    },
    "done": true
  },
  "minecraft:recipes/misc/charcoal": {
    "criteria": {
      "has_log": "2024-07-02 21:24:38 +0000"
    },
    "done": true
  },
  "minecraft:recipes/building_blocks/acacia_planks": {
    "criteria": {
      "has_log": "2024-07-02 21:24:38 +0000"
    },
    "done": true
  },
  "minecraft:recipes/building_blocks/oak_planks": {
    "criteria": {
      "has_logs": "2024-07-02 21:31:22 +0000"
    },
    "done": true
  },
  "minecraft:recipes/building_blocks/oak_wood": {
    "criteria": {
      "has_log": "2024-07-02 21:31:22 +0000"
    },
    "done": true
  },
  "minecraft:recipes/decorations/polished_blackstone_brick_wall_from_blackstone_stonecutting": {
    "criteria": {
      "has_blackstone": "2024-07-02 21:31:35 +0000"
    },
    "done": true
  },
  "minecraft:recipes/decorations/blackstone_wall": {
    "criteria": {
      "has_blackstone": "2024-07-02 21:31:35 +0000"
    },
    "done": true
  },
  "minecraft:recipes/building_blocks/polished_blackstone_brick_stairs_from_blackstone_stonecutting": {
    "criteria": {
      "has_blackstone": "2024-07-02 21:31:35 +0000"
    },
    "done": true
  },
  "minecraft:recipes/building_blocks/polished_blackstone_bricks_from_blackstone_stonecutting": {
    "criteria": {
      "has_blackstone": "2024-07-02 21:31:35 +0000"
    },
    "done": true
  },
  "minecraft:recipes/building_blocks/polished_blackstone_stairs_from_blackstone_stonecutting": {
    "criteria": {
      "has_blackstone": "2024-07-02 21:31:35 +0000"
    },
    "done": true
  },
  "minecraft:recipes/decorations/polished_blackstone_wall_from_blackstone_stonecutting": {
    "criteria": {
      "has_blackstone": "2024-07-02 21:31:35 +0000"
    },
    "done": true
  },
  "minecraft:recipes/building_blocks/chiseled_polished_blackstone_from_blackstone_stonecutting": {
    "criteria": {
      "has_blackstone": "2024-07-02 21:31:35 +0000"
    },
    "done": true
  },
  "minecraft:recipes/building_blocks/blackstone_stairs": {
    "criteria": {
      "has_blackstone": "2024-07-02 21:31:35 +0000"
    },
    "done": true
  },
  "minecraft:recipes/building_blocks/blackstone_slab_from_blackstone_stonecutting": {
    "criteria": {
      "has_blackstone": "2024-07-02 21:31:35 +0000"
    },
    "done": true
  },
  "minecraft:recipes/building_blocks/polished_blackstone_slab_from_blackstone_stonecutting": {
    "criteria": {
      "has_blackstone": "2024-07-02 21:31:35 +0000"
    },
    "done": true
  },
  "minecraft:recipes/building_blocks/polished_blackstone": {
    "criteria": {
      "has_blackstone": "2024-07-02 21:31:35 +0000"
    },
    "done": true
  },
  "minecraft:recipes/building_blocks/blackstone_slab": {
    "criteria": {
      "has_blackstone": "2024-07-02 21:31:35 +0000"
    },
    "done": true
  },
  "minecraft:recipes/building_blocks/polished_blackstone_brick_slab_from_blackstone_stonecutting": {
    "criteria": {
      "has_blackstone": "2024-07-02 21:31:35 +0000"
    },
    "done": true
  },
  "minecraft:recipes/building_blocks/polished_blackstone_from_blackstone_stonecutting": {
    "criteria": {
      "has_blackstone": "2024-07-02 21:31:35 +0000"
    },
    "done": true
  },
  "minecraft:recipes/decorations/blackstone_wall_from_blackstone_stonecutting": {
    "criteria": {
      "has_blackstone": "2024-07-02 21:31:35 +0000"
    },
    "done": true
  },
  "minecraft:recipes/building_blocks/blackstone_stairs_from_blackstone_stonecutting": {
    "criteria": {
      "has_blackstone": "2024-07-02 21:31:35 +0000"
    },
    "done": true
  },
  "minecraft:recipes/building_blocks/polished_blackstone_brick_slab": {
    "criteria": {
      "has_polished_blackstone_bricks": "2024-07-02 21:33:02 +0000"
    },
    "done": true
  },
  "minecraft:recipes/building_blocks/polished_blackstone_brick_stairs": {
    "criteria": {
      "has_polished_blackstone_bricks": "2024-07-02 21:33:02 +0000"
    },
    "done": true
  },
  "minecraft:recipes/building_blocks/cracked_polished_blackstone_bricks": {
    "criteria": {
      "has_polished_blackstone_bricks": "2024-07-02 21:33:02 +0000"
    },
    "done": true
  },
  "minecraft:recipes/building_blocks/polished_blackstone_brick_stairs_from_polished_blackstone_bricks_stonecutting": {
    "criteria": {
      "has_polished_blackstone_bricks": "2024-07-02 21:33:02 +0000"
    },
    "done": true
  },
  "minecraft:recipes/decorations/polished_blackstone_brick_wall_from_polished_blackstone_bricks_stonecutting": {
    "criteria": {
      "has_polished_blackstone_bricks": "2024-07-02 21:33:02 +0000"
    },
    "done": true
  },
  "minecraft:recipes/building_blocks/polished_blackstone_brick_slab_from_polished_blackstone_bricks_stonecutting": {
    "criteria": {
      "has_polished_blackstone_bricks": "2024-07-02 21:33:02 +0000"
    },
    "done": true
  },
  "minecraft:recipes/decorations/polished_blackstone_brick_wall": {
    "criteria": {
      "has_polished_blackstone_bricks": "2024-07-02 21:33:02 +0000"
    },
    "done": true
  },
  "minecraft:recipes/building_blocks/polished_blackstone_stairs": {
    "criteria": {
      "has_polished_blackstone": "2024-07-02 21:33:08 +0000"
    },
    "done": true
  },
  "minecraft:recipes/building_blocks/polished_blackstone_brick_stairs_from_polished_blackstone_stonecutting": {
    "criteria": {
      "has_polished_blackstone": "2024-07-02 21:33:08 +0000"
    },
    "done": true
  },
  "minecraft:recipes/redstone/polished_blackstone_button": {
    "criteria": {
      "has_polished_blackstone": "2024-07-02 21:33:08 +0000"
    },
    "done": true
  },
  "minecraft:recipes/building_blocks/polished_blackstone_slab": {
    "criteria": {
      "has_polished_blackstone": "2024-07-02 21:33:08 +0000"
    },
    "done": true
  },
  "minecraft:recipes/building_blocks/polished_blackstone_bricks_from_polished_blackstone_stonecutting": {
    "criteria": {
      "has_polished_blackstone": "2024-07-02 21:33:08 +0000"
    },
    "done": true
  },
  "minecraft:recipes/building_blocks/chiseled_polished_blackstone_from_polished_blackstone_stonecutting": {
    "criteria": {
      "has_polished_blackstone": "2024-07-02 21:33:08 +0000"
    },
    "done": true
  },
  "minecraft:recipes/building_blocks/polished_blackstone_stairs_from_polished_blackstone_stonecutting": {
    "criteria": {
      "has_polished_blackstone": "2024-07-02 21:33:08 +0000"
    },
    "done": true
  },
  "minecraft:recipes/building_blocks/polished_blackstone_slab_from_polished_blackstone_stonecutting": {
    "criteria": {
      "has_polished_blackstone": "2024-07-02 21:33:08 +0000"
    },
    "done": true
  },
  "minecraft:recipes/decorations/polished_blackstone_wall_from_polished_blackstone_stonecutting": {
    "criteria": {
      "has_polished_blackstone": "2024-07-02 21:33:08 +0000"
    },
    "done": true
  },
  "minecraft:recipes/redstone/polished_blackstone_pressure_plate": {
    "criteria": {
      "has_polished_blackstone": "2024-07-02 21:33:08 +0000"
    },
    "done": true
  },
  "minecraft:recipes/building_blocks/polished_blackstone_brick_slab_from_polished_blackstone_stonecutting": {
    "criteria": {
      "has_polished_blackstone": "2024-07-02 21:33:08 +0000"
    },
    "done": true
  },
  "minecraft:recipes/building_blocks/polished_blackstone_bricks": {
    "criteria": {
      "has_polished_blackstone": "2024-07-02 21:33:08 +0000"
    },
    "done": true
  },
  "minecraft:recipes/decorations/polished_blackstone_wall": {
    "criteria": {
      "has_polished_blackstone": "2024-07-02 21:33:08 +0000"
    },
    "done": true
  },
  "minecraft:recipes/decorations/polished_blackstone_brick_wall_from_polished_blackstone_stonecutting": {
    "criteria": {
      "has_polished_blackstone": "2024-07-02 21:33:08 +0000"
    },
    "done": true
  },
  "minecraft:recipes/building_blocks/smooth_basalt": {
    "criteria": {
      "has_basalt": "2024-07-02 21:38:05 +0000"
    },
    "done": true
  },
  "minecraft:recipes/building_blocks/polished_basalt_from_basalt_stonecutting": {
    "criteria": {
      "has_basalt": "2024-07-02 21:38:05 +0000"
    },
    "done": true
  },
  "minecraft:recipes/building_blocks/polished_basalt": {
    "criteria": {
      "has_basalt": "2024-07-02 21:38:05 +0000"
    },
    "done": true
  },
  "expanded_combat:recipes/combat/stone_claymore_conditional_shaped": {
    "criteria": {
      "has_item": "2024-07-02 21:38:11 +0000"
    },
    "done": true
  },
  "expanded_combat:recipes/combat/stone_spear_conditional_shaped": {
    "criteria": {
      "has_item": "2024-07-02 21:38:11 +0000"
    },
    "done": true
  },
  "expanded_combat:recipes/combat/stone_sickle_conditional_shaped": {
    "criteria": {
      "has_item": "2024-07-02 21:38:11 +0000"
    },
    "done": true
  },
  "expanded_combat:recipes/combat/stone_dancer_s_sword_conditional_shaped": {
    "criteria": {
      "has_item": "2024-07-02 21:38:11 +0000"
    },
    "done": true
  },
  "expanded_combat:recipes/combat/stone_broad_sword_conditional_shaped": {
    "criteria": {
      "has_item": "2024-07-02 21:38:11 +0000"
    },
    "done": true
  },
  "expanded_combat:recipes/combat/stone_dagger_conditional_shaped": {
    "criteria": {
      "has_item": "2024-07-02 21:38:11 +0000"
    },
    "done": true
  },
  "expanded_combat:recipes/combat/stone_cutlass_conditional_shaped": {
    "criteria": {
      "has_item": "2024-07-02 21:38:11 +0000"
    },
    "done": true
  },
  "expanded_combat:recipes/combat/stone_battle_staff_conditional_shaped": {
    "criteria": {
      "has_item": "2024-07-02 21:38:11 +0000"
    },
    "done": true
  },
  "expanded_combat:recipes/combat/stone_katana_conditional_shaped": {
    "criteria": {
      "has_item": "2024-07-02 21:38:11 +0000"
    },
    "done": true
  },
  "expanded_combat:recipes/combat/stone_glaive_conditional_shaped": {
    "criteria": {
      "has_item": "2024-07-02 21:38:11 +0000"
    },
    "done": true
  },
  "expanded_combat:recipes/combat/stone_flail_conditional_shaped": {
    "criteria": {
      "has_item": "2024-07-02 21:38:11 +0000"
    },
    "done": true
  },
  "expanded_combat:recipes/combat/stone_great_hammer_conditional_shaped": {
    "criteria": {
      "has_item": "2024-07-02 21:38:11 +0000"
    },
    "done": true
  },
  "expanded_combat:recipes/combat/stone_mace_conditional_shaped": {
    "criteria": {
      "has_item": "2024-07-02 21:38:11 +0000"
    },
    "done": true
  },
  "expanded_combat:recipes/combat/stone_scythe_conditional_shaped": {
    "criteria": {
      "has_item": "2024-07-02 21:38:11 +0000"
    },
    "done": true
  },
  "minecraft:recipes/building_blocks/quartz_slab": {
    "criteria": {
      "has_quartz_block": "2024-07-02 21:38:23 +0000"
    },
    "done": true
  },
  "minecraft:recipes/building_blocks/quartz_bricks": {
    "criteria": {
      "has_quartz_block": "2024-07-02 21:38:23 +0000"
    },
    "done": true
  },
  "minecraft:recipes/building_blocks/quartz_pillar_from_quartz_block_stonecutting": {
    "criteria": {
      "has_quartz_block": "2024-07-02 21:38:23 +0000"
    },
    "done": true
  },
  "minecraft:recipes/building_blocks/quartz_pillar": {
    "criteria": {
      "has_quartz_block": "2024-07-02 21:38:23 +0000"
    },
    "done": true
  },
  "minecraft:recipes/building_blocks/quartz_stairs_from_quartz_block_stonecutting": {
    "criteria": {
      "has_quartz_block": "2024-07-02 21:38:23 +0000"
    },
    "done": true
  },
  "minecraft:recipes/building_blocks/quartz_stairs": {
    "criteria": {
      "has_quartz_block": "2024-07-02 21:38:23 +0000"
    },
    "done": true
  },
  "minecraft:recipes/building_blocks/smooth_quartz": {
    "criteria": {
      "has_quartz_block": "2024-07-02 21:38:23 +0000"
    },
    "done": true
  },
  "minecraft:recipes/building_blocks/chiseled_quartz_block": {
    "criteria": {
      "has_quartz_block": "2024-07-02 21:38:23 +0000"
    },
    "done": true
  },
  "minecraft:recipes/building_blocks/quartz_bricks_from_quartz_block_stonecutting": {
    "criteria": {
      "has_quartz_block": "2024-07-02 21:38:23 +0000"
    },
    "done": true
  },
  "minecraft:recipes/building_blocks/chiseled_quartz_block_from_quartz_block_stonecutting": {
    "criteria": {
      "has_quartz_block": "2024-07-02 21:38:23 +0000"
    },
    "done": true
  },
  "minecraft:recipes/building_blocks/quartz_slab_from_stonecutting": {
    "criteria": {
      "has_quartz_block": "2024-07-02 21:38:23 +0000"
    },
    "done": true
  },
  "minecraft:recipes/building_blocks/warped_hyphae": {
    "criteria": {
      "has_log": "2024-07-02 21:40:23 +0000"
    },
    "done": true
  },
  "minecraft:recipes/building_blocks/warped_planks": {
    "criteria": {
      "has_logs": "2024-07-02 21:40:23 +0000"
    },
    "done": true
  },
  "spartanweaponry:recipes/wooden_scythe": {
    "criteria": {
      "has_wood": "2024-07-02 21:40:26 +0000"
    },
    "done": true
  },
  "spartanweaponry:recipes/wooden_glaive": {
    "criteria": {
      "has_wood": "2024-07-02 21:40:26 +0000"
    },
    "done": true
  },
  "spartanweaponry:recipes/wooden_lance": {
    "criteria": {
      "has_wood": "2024-07-02 21:40:26 +0000"
    },
    "done": true
  },
  "spartanweaponry:recipes/wooden_spear": {
    "criteria": {
      "has_wood": "2024-07-02 21:40:26 +0000"
    },
    "done": true
  },
  "expanded_combat:recipes/combat/warped_plank_spear_conditional_shaped": {
    "criteria": {
      "has_item": "2024-07-02 21:40:26 +0000"
    },
    "done": true
  },
  "expanded_combat:recipes/combat/warped_plank_dancer_s_sword_conditional_shaped": {
    "criteria": {
      "has_item": "2024-07-02 21:40:26 +0000"
    },
    "done": true
  },
  "spartanweaponry:recipes/wooden_longsword": {
    "criteria": {
      "has_wood": "2024-07-02 21:40:26 +0000"
    },
    "done": true
  },
  "expanded_combat:recipes/combat/warped_plank_claymore_conditional_shaped": {
    "criteria": {
      "has_item": "2024-07-02 21:40:26 +0000"
    },
    "done": true
  },
  "minecraft:recipes/misc/stick": {
    "criteria": {
      "has_planks": "2024-07-02 21:40:26 +0000"
    },
    "done": true
  },
  "spartanweaponry:recipes/wooden_pike": {
    "criteria": {
      "has_wood": "2024-07-02 21:40:26 +0000"
    },
    "done": true
  },
  "expanded_combat:recipes/combat/warped_plank_dagger_conditional_shaped": {
    "criteria": {
      "has_item": "2024-07-02 21:40:26 +0000"
    },
    "done": true
  },
  "minecraft:recipes/redstone/warped_fence_gate": {
    "criteria": {
      "has_planks": "2024-07-02 21:40:26 +0000"
    },
    "done": true
  },
  "expanded_combat:recipes/combat/warped_plank_broad_sword_conditional_shaped": {
    "criteria": {
      "has_item": "2024-07-02 21:40:26 +0000"
    },
    "done": true
  },
  "spartanweaponry:recipes/wooden_halberd": {
    "criteria": {
      "has_wood": "2024-07-02 21:40:26 +0000"
    },
    "done": true
  },
  "another_furniture:recipes/warped_chair": {
    "criteria": {
      "has_planks": "2024-07-02 21:40:26 +0000"
    },
    "done": true
  },
  "spartanweaponry:recipes/wooden_saber": {
    "criteria": {
      "has_wood": "2024-07-02 21:40:26 +0000"
    },
    "done": true
  },
  "spartanweaponry:recipes/wooden_javelin": {
    "criteria": {
      "has_wood": "2024-07-02 21:40:26 +0000"
    },
    "done": true
  },
  "spartanweaponry:recipes/wooden_katana": {
    "criteria": {
      "has_wood": "2024-07-02 21:40:26 +0000"
    },
    "done": true
  },
  "minecraft:recipes/redstone/warped_button": {
    "criteria": {
      "has_planks": "2024-07-02 21:40:26 +0000"
    },
    "done": true
  },
  "spartanweaponry:recipes/wooden_quarterstaff": {
    "criteria": {
      "has_wood": "2024-07-02 21:40:26 +0000"
    },
    "done": true
  },
  "minecraft:recipes/building_blocks/warped_stairs": {
    "criteria": {
      "has_planks": "2024-07-02 21:40:26 +0000"
    },
    "done": true
  },
  "minecraft:recipes/redstone/warped_trapdoor": {
    "criteria": {
      "has_planks": "2024-07-02 21:40:26 +0000"
    },
    "done": true
  },
  "spartanweaponry:recipes/wooden_battleaxe": {
    "criteria": {
      "has_wood": "2024-07-02 21:40:26 +0000"
    },
    "done": true
  },
  "minecraft:recipes/decorations/warped_sign": {
    "criteria": {
      "has_planks": "2024-07-02 21:40:26 +0000"
    },
    "done": true
  },
  "expanded_combat:recipes/combat/warped_plank_flail_conditional_shaped": {
    "criteria": {
      "has_item": "2024-07-02 21:40:26 +0000"
    },
    "done": true
  },
  "minecraft:recipes/redstone/warped_door": {
    "criteria": {
      "has_planks": "2024-07-02 21:40:26 +0000"
    },
    "done": true
  },
  "spartanweaponry:recipes/wooden_battle_hammer": {
    "criteria": {
      "has_wood": "2024-07-02 21:40:26 +0000"
    },
    "done": true
  },
  "spartanweaponry:recipes/wooden_warhammer": {
    "criteria": {
      "has_wood": "2024-07-02 21:40:26 +0000"
    },
    "done": true
  },
  "expanded_combat:recipes/combat/warped_plank_cutlass_conditional_shaped": {
    "criteria": {
      "has_item": "2024-07-02 21:40:26 +0000"
    },
    "done": true
  },
  "expanded_combat:recipes/combat/warped_plank_scythe_conditional_shaped": {
    "criteria": {
      "has_item": "2024-07-02 21:40:26 +0000"
    },
    "done": true
  },
  "spartanweaponry:recipes/wooden_dagger": {
    "criteria": {
      "has_wood": "2024-07-02 21:40:26 +0000"
    },
    "done": true
  },
  "spartanweaponry:recipes/wooden_greatsword": {
    "criteria": {
      "has_wood": "2024-07-02 21:40:26 +0000"
    },
    "done": true
  },
  "expanded_combat:recipes/combat/warped_plank_great_hammer_conditional_shaped": {
    "criteria": {
      "has_item": "2024-07-02 21:40:26 +0000"
    },
    "done": true
  },
  "minecraft:recipes/redstone/warped_pressure_plate": {
    "criteria": {
      "has_planks": "2024-07-02 21:40:26 +0000"
    },
    "done": true
  },
  "spartanweaponry:recipes/wooden_parrying_dagger": {
    "criteria": {
      "has_wood": "2024-07-02 21:40:26 +0000"
    },
    "done": true
  },
  "spartanweaponry:recipes/wooden_rapier": {
    "criteria": {
      "has_wood": "2024-07-02 21:40:26 +0000"
    },
    "done": true
  },
  "expanded_combat:recipes/combat/warped_plank_katana_conditional_shaped": {
    "criteria": {
      "has_item": "2024-07-02 21:40:26 +0000"
    },
    "done": true
  },
  "spartanweaponry:recipes/wooden_boomerang": {
    "criteria": {
      "has_wood": "2024-07-02 21:40:26 +0000"
    },
    "done": true
  },
  "minecraft:recipes/building_blocks/warped_slab": {
    "criteria": {
      "has_planks": "2024-07-02 21:40:26 +0000"
    },
    "done": true
  },
  "spartanweaponry:recipes/wooden_throwing_knife": {
    "criteria": {
      "has_wood": "2024-07-02 21:40:26 +0000"
    },
    "done": true
  },
  "spartanweaponry:recipes/wooden_heavy_crossbow": {
    "criteria": {
      "has_wood": "2024-07-02 21:40:26 +0000"
    },
    "done": true
  },
  "expanded_combat:recipes/combat/warped_plank_glaive_conditional_shaped": {
    "criteria": {
      "has_item": "2024-07-02 21:40:26 +0000"
    },
    "done": true
  },
  "spartanweaponry:recipes/wooden_flanged_mace": {
    "criteria": {
      "has_wood": "2024-07-02 21:40:26 +0000"
    },
    "done": true
  },
  "minecraft:recipes/decorations/warped_fence": {
    "criteria": {
      "has_planks": "2024-07-02 21:40:26 +0000"
    },
    "done": true
  },
  "spartanweaponry:recipes/wooden_tomahawk": {
    "criteria": {
      "has_wood": "2024-07-02 21:40:26 +0000"
    },
    "done": true
  },
  "minecraft:recipes/decorations/barrel": {
    "criteria": {
      "has_planks": "2024-07-02 21:40:26 +0000"
    },
    "done": true
  },
  "another_furniture:recipes/warped_shelf": {
    "criteria": {
      "has_planks": "2024-07-02 21:40:26 +0000"
    },
    "done": true
  },
  "another_furniture:recipes/warped_table": {
    "criteria": {
      "has_planks": "2024-07-02 21:40:26 +0000"
    },
    "done": true
  },
  "expanded_combat:recipes/combat/warped_plank_sickle_conditional_shaped": {
    "criteria": {
      "has_item": "2024-07-02 21:40:26 +0000"
    },
    "done": true
  },
  "expanded_combat:recipes/combat/warped_plank_mace_conditional_shaped": {
    "criteria": {
      "has_item": "2024-07-02 21:40:26 +0000"
    },
    "done": true
  },
  "expanded_combat:recipes/combat/warped_plank_battle_staff_conditional_shaped": {
    "criteria": {
      "has_item": "2024-07-02 21:40:26 +0000"
    },
    "done": true
  },
  "spartanweaponry:recipes/wooden_longbow": {
    "criteria": {
      "has_wood": "2024-07-02 21:40:26 +0000"
    },
    "done": true
  },
  "minecraft:recipes/building_blocks/diorite": {
    "criteria": {
      "has_quartz": "2024-07-02 21:41:03 +0000"
    },
    "done": true
  },
  "minecraft:recipes/building_blocks/granite": {
    "criteria": {
      "has_quartz": "2024-07-02 21:41:03 +0000"
    },
    "done": true
  },
  "minecraft:recipes/building_blocks/quartz_block": {
    "criteria": {
      "has_quartz": "2024-07-02 21:41:03 +0000"
    },
    "done": true
  },
  "minecraft:recipes/redstone/daylight_detector": {
    "criteria": {
      "has_quartz": "2024-07-02 21:41:03 +0000"
    },
    "done": true
  },
  "minecraft:recipes/redstone/observer": {
    "criteria": {
      "has_quartz": "2024-07-02 21:41:03 +0000"
    },
    "done": true
  },
  "minecraft:recipes/redstone/comparator": {
    "criteria": {
      "has_quartz": "2024-07-02 21:41:03 +0000"
    },
    "done": true
  },
  "spartanweaponry:rapier": {
    "criteria": {
      "has_rapier": "2024-07-03 21:01:10 +0000"
    },
    "done": true
  },
  "minecraft:recipes/food/baked_potato_from_campfire_cooking": {
    "criteria": {
      "has_potato": "2024-07-03 21:06:06 +0000"
    },
    "done": true
  },
  "minecraft:recipes/food/baked_potato": {
    "criteria": {
      "has_potato": "2024-07-03 21:06:06 +0000"
    },
    "done": true
  },
  "minecraft:recipes/food/baked_potato_from_smoking": {
    "criteria": {
      "has_potato": "2024-07-03 21:06:06 +0000"
    },
    "done": true
  },
  "minecraft:recipes/transportation/carrot_on_a_stick": {
    "criteria": {
      "has_carrot": "2024-07-03 21:10:10 +0000"
    },
    "done": true
  },
  "spartanweaponry:flanged_mace": {
    "criteria": {
      "has_flanged_mace": "2024-07-03 21:14:43 +0000"
    },
    "done": true
  },
  "spartanweaponry:saber": {
    "criteria": {
      "has_saber": "2024-07-03 21:16:16 +0000"
    },
    "done": true
  },
  "spartanweaponry:recipes/iron_arrow": {
    "criteria": {
      "has_feather": "2024-07-03 21:17:41 +0000"
    },
    "done": true
  },
  "spartanweaponry:recipes/wooden_arrow": {
    "criteria": {
      "has_feather": "2024-07-03 21:17:41 +0000"
    },
    "done": true
  },
  "spartanweaponry:recipes/diamond_arrow": {
    "criteria": {
      "has_feather": "2024-07-03 21:17:41 +0000"
    },
    "done": true
  },
  "spartanweaponry:recipes/copper_arrow": {
    "criteria": {
      "has_feather": "2024-07-03 21:17:41 +0000"
    },
    "done": true
  },
  "minecraft:recipes/building_blocks/light_gray_concrete_powder": {
    "criteria": {
      "has_sand": "2024-07-03 23:30:19 +0000"
    },
    "done": true
  },
  "minecraft:recipes/building_blocks/pink_concrete_powder": {
    "criteria": {
      "has_sand": "2024-07-03 23:30:19 +0000"
    },
    "done": true
  },
  "minecraft:recipes/food/cooked_chicken_from_campfire_cooking": {
    "criteria": {
      "has_chicken": "2024-07-03 23:54:00 +0000"
    },
    "done": true
  },
  "minecraft:recipes/building_blocks/light_blue_stained_glass": {
    "criteria": {
      "has_glass": "2024-07-03 23:35:54 +0000"
    },
    "done": true
  },
  "minecraft:recipes/building_blocks/green_stained_glass": {
    "criteria": {
      "has_glass": "2024-07-03 23:35:54 +0000"
    },
    "done": true
  },
  "minecraft:recipes/building_blocks/red_concrete_powder": {
    "criteria": {
      "has_sand": "2024-07-03 23:30:19 +0000"
    },
    "done": true
  },
  "minecraft:recipes/building_blocks/brown_stained_glass": {
    "criteria": {
      "has_glass": "2024-07-03 23:35:54 +0000"
    },
    "done": true
  },
  "minecraft:recipes/food/cooked_chicken": {
    "criteria": {
      "has_chicken": "2024-07-03 23:54:00 +0000"
    },
    "done": true
  },
  "minecraft:recipes/building_blocks/brown_concrete_powder": {
    "criteria": {
      "has_sand": "2024-07-03 23:30:19 +0000"
    },
    "done": true
  },
  "minecraft:recipes/building_blocks/blue_stained_glass": {
    "criteria": {
      "has_glass": "2024-07-03 23:35:54 +0000"
    },
    "done": true
  },
  "minecraft:recipes/building_blocks/light_blue_concrete_powder": {
    "criteria": {
      "has_sand": "2024-07-03 23:30:19 +0000"
    },
    "done": true
  },
  "minecraft:recipes/building_blocks/glass": {
    "criteria": {
      "has_smelts_to_glass": "2024-07-03 23:30:19 +0000"
    },
    "done": true
  },
  "spartanweaponry:recipes/grease_ball": {
    "criteria": {
      "has_meat": "2024-07-03 23:54:00 +0000"
    },
    "done": true
  },
  "minecraft:recipes/building_blocks/green_concrete_powder": {
    "criteria": {
      "has_sand": "2024-07-03 23:30:19 +0000"
    },
    "done": true
  },
  "minecraft:recipes/building_blocks/orange_stained_glass": {
    "criteria": {
      "has_glass": "2024-07-03 23:35:54 +0000"
    },
    "done": true
  },
  "minecraft:recipes/decorations/end_crystal": {
    "criteria": {
      "has_ender_eye": "2024-07-03 23:54:32 +0000"
    },
    "done": true
  },
  "minecraft:recipes/building_blocks/blue_concrete_powder": {
    "criteria": {
      "has_sand": "2024-07-03 23:30:19 +0000"
    },
    "done": true
  },
  "minecraft:recipes/misc/coal": {
    "criteria": {
      "has_coal_block": "2024-07-03 23:33:35 +0000"
    },
    "done": true
  },
  "ironchest:recipes/decorations/upgrades/gold_to_diamond_chest_upgrade": {
    "criteria": {
      "has_glass": "2024-07-03 23:35:54 +0000"
    },
    "done": true
  },
  "minecraft:recipes/building_blocks/pink_stained_glass": {
    "criteria": {
      "has_glass": "2024-07-03 23:35:54 +0000"
    },
    "done": true
  },
  "minecraft:recipes/building_blocks/black_stained_glass": {
    "criteria": {
      "has_glass": "2024-07-03 23:35:54 +0000"
    },
    "done": true
  },
  "minecraft:recipes/building_blocks/gray_stained_glass": {
    "criteria": {
      "has_glass": "2024-07-03 23:35:54 +0000"
    },
    "done": true
  },
  "minecraft:recipes/building_blocks/white_concrete_powder": {
    "criteria": {
      "has_sand": "2024-07-03 23:30:19 +0000"
    },
    "done": true
  },
  "minecraft:recipes/building_blocks/lime_stained_glass": {
    "criteria": {
      "has_glass": "2024-07-03 23:35:54 +0000"
    },
    "done": true
  },
  "ironchest:recipes/decorations/upgrades/diamond_to_obsidian_chest_upgrade": {
    "criteria": {
      "has_glass": "2024-07-03 23:35:54 +0000"
    },
    "done": true
  },
  "minecraft:recipes/decorations/glass_pane": {
    "criteria": {
      "has_glass": "2024-07-03 23:35:54 +0000"
    },
    "done": true
  },
  "minecraft:recipes/building_blocks/magenta_stained_glass": {
    "criteria": {
      "has_glass": "2024-07-03 23:35:54 +0000"
    },
    "done": true
  },
  "minecraft:recipes/building_blocks/white_stained_glass": {
    "criteria": {
      "has_glass": "2024-07-03 23:35:54 +0000"
    },
    "done": true
  },
  "ironchest:recipes/decorations/upgrades/diamond_to_crystal_chest_upgrade": {
    "criteria": {
      "has_glass": "2024-07-03 23:35:54 +0000"
    },
    "done": true
  },
  "minecraft:recipes/building_blocks/lime_concrete_powder": {
    "criteria": {
      "has_sand": "2024-07-03 23:30:19 +0000"
    },
    "done": true
  },
  "minecraft:recipes/building_blocks/red_stained_glass": {
    "criteria": {
      "has_glass": "2024-07-03 23:35:54 +0000"
    },
    "done": true
  },
  "minecraft:recipes/building_blocks/orange_concrete_powder": {
    "criteria": {
      "has_sand": "2024-07-03 23:30:19 +0000"
    },
    "done": true
  },
  "minecraft:recipes/brewing/glass_bottle": {
    "criteria": {
      "has_glass": "2024-07-03 23:35:54 +0000"
    },
    "done": true
  },
  "minecraft:recipes/building_blocks/light_gray_stained_glass": {
    "criteria": {
      "has_glass": "2024-07-03 23:35:54 +0000"
    },
    "done": true
  },
  "minecraft:recipes/building_blocks/magenta_concrete_powder": {
    "criteria": {
      "has_sand": "2024-07-03 23:30:19 +0000"
    },
    "done": true
  },
  "minecraft:recipes/food/cooked_chicken_from_smoking": {
    "criteria": {
      "has_chicken": "2024-07-03 23:54:00 +0000"
    },
    "done": true
  },
  "minecraft:recipes/building_blocks/cyan_stained_glass": {
    "criteria": {
      "has_glass": "2024-07-03 23:35:54 +0000"
    },
    "done": true
  },
  "minecraft:recipes/building_blocks/yellow_concrete_powder": {
    "criteria": {
      "has_sand": "2024-07-03 23:30:19 +0000"
    },
    "done": true
  },
  "minecraft:recipes/building_blocks/purple_stained_glass": {
    "criteria": {
      "has_glass": "2024-07-03 23:35:54 +0000"
    },
    "done": true
  },
  "minecraft:recipes/building_blocks/yellow_stained_glass": {
    "criteria": {
      "has_glass": "2024-07-03 23:35:54 +0000"
    },
    "done": true
  },
  "minecraft:recipes/building_blocks/sandstone": {
    "criteria": {
      "has_sand": "2024-07-03 23:30:19 +0000"
    },
    "done": true
  },
  "minecraft:story/follow_ender_eye": {
    "criteria": {
      "in_stronghold": "2024-07-04 00:00:34 +0000"
    },
    "done": true
  },
  "minecraft:recipes/building_blocks/gray_concrete_powder": {
    "criteria": {
      "has_sand": "2024-07-03 23:30:19 +0000"
    },
    "done": true
  },
  "minecraft:recipes/building_blocks/black_concrete_powder": {
    "criteria": {
      "has_sand": "2024-07-03 23:30:19 +0000"
    },
    "done": true
  },
  "ironchest:recipes/decorations/chests/diamond_crystal_chest": {
    "criteria": {
      "has_glass": "2024-07-03 23:35:54 +0000"
    },
    "done": true
  },
  "minecraft:recipes/building_blocks/purple_concrete_powder": {
    "criteria": {
      "has_sand": "2024-07-03 23:30:19 +0000"
    },
    "done": true
  },
  "minecraft:recipes/decorations/ender_chest": {
    "criteria": {
      "has_ender_eye": "2024-07-03 23:54:32 +0000"
    },
    "done": true
  },
  "minecraft:recipes/building_blocks/cyan_concrete_powder": {
    "criteria": {
      "has_sand": "2024-07-03 23:30:19 +0000"
    },
    "done": true
  },
  "endrem:main/eyes_recipe": {
    "criteria": {
      "eyes": "2024-07-03 23:54:32 +0000"
    },
    "done": true
  },
  "DataVersion": 3465
}