{
  "cataclysm:root": {
    "criteria": {
      "custom_test_name": "2024-06-26 20:14:28 +0000"
    },
    "done": true
  },
  "incendium:technical/new_player": {
    "criteria": {
      "requirement": "2024-06-26 20:14:28 +0000"
    },
    "done": true
  },
  "ironfurnaces:coal": {
    "criteria": {
      "rainbowcoal": "2024-06-26 20:14:28 +0000"
    },
    "done": true
  },
  "incendium:technical/using/trailblazer": {
    "criteria": {
      "log_spam_fixer": "2024-06-26 20:14:29 +0000"
    },
    "done": false
  },
  "incendium:technical/scroll_of_returning": {
    "criteria": {
      "log_spam_fixer": "2024-06-26 20:14:29 +0000"
    },
    "done": false
  },
  "incendium:technical/using/ragnarok": {
    "criteria": {
      "log_spam_fixer": "2024-06-26 20:14:29 +0000"
    },
    "done": false
  },
  "incendium:technical/using/shield": {
    "criteria": {
      "log_spam_fixer": "2024-06-26 20:14:29 +0000"
    },
    "done": false
  },
  "minecraft:adventure/root": {
    "criteria": {
      "killed_by_something": "2024-06-26 20:20:27 +0000"
    },
    "done": true
  },
  "minecraft:adventure/adventuring_time": {
    "criteria": {
      "minecraft:snowy_slopes": "2024-06-26 20:56:33 +0000",
      "minecraft:cherry_grove": "2024-06-26 20:36:34 +0000",
      "minecraft:river": "2024-06-26 20:32:21 +0000",
      "minecraft:jagged_peaks": "2024-06-26 20:56:57 +0000",
      "minecraft:forest": "2024-06-26 21:50:32 +0000",
      "minecraft:lush_caves": "2024-06-29 19:19:04 +0000",
      "minecraft:deep_dark": "2024-06-26 22:43:41 +0000",
      "minecraft:meadow": "2024-06-26 20:30:45 +0000",
      "minecraft:savanna": "2024-06-26 21:53:48 +0000",
      "minecraft:plains": "2024-06-26 20:32:26 +0000"
    },
    "done": false
  },
  "expanded_combat:root": {
    "criteria": {
      "crafting_table": "2024-06-26 20:32:34 +0000"
    },
    "done": true
  },
  "minecraft:story/mine_stone": {
    "criteria": {
      "get_stone": "2024-06-26 20:32:34 +0000"
    },
    "done": true
  },
  "minecraft:story/upgrade_tools": {
    "criteria": {
      "stone_pickaxe": "2024-06-26 20:32:34 +0000"
    },
    "done": true
  },
  "minecraft:story/root": {
    "criteria": {
      "crafting_table": "2024-06-26 20:32:34 +0000"
    },
    "done": true
  },
  "minecraft:story/smelt_iron": {
    "criteria": {
      "iron": "2024-06-26 20:32:34 +0000"
    },
    "done": true
  },
  "minecraft:adventure/sleep_in_bed": {
    "criteria": {
      "slept_in_bed": "2024-06-26 20:35:07 +0000"
    },
    "done": true
  },
  "minecraft:husbandry/balanced_diet": {
    "criteria": {
      "cooked_porkchop": "2024-06-26 21:33:08 +0000",
      "cooked_beef": "2024-06-26 22:45:53 +0000",
      "apple": "2024-06-26 20:38:23 +0000",
      "mutton": "2024-06-26 23:45:23 +0000",
      "bread": "2024-06-26 20:37:26 +0000",
      "golden_apple": "2024-06-26 22:18:19 +0000",
      "rotten_flesh": "2024-06-27 00:12:02 +0000",
      "salmon": "2024-06-27 11:39:43 +0000",
      "melon_slice": "2024-06-28 00:56:25 +0000",
      "cod": "2024-06-26 22:51:06 +0000"
    },
    "done": false
  },
  "minecraft:husbandry/root": {
    "criteria": {
      "consumed_item": "2024-06-26 20:37:26 +0000"
    },
    "done": true
  },
  "minecraft:husbandry/plant_seed": {
    "criteria": {
      "wheat": "2024-06-26 20:39:05 +0000"
    },
    "done": true
  },
  "minecraft:adventure/kill_all_mobs": {
    "criteria": {
      "minecraft:blaze": "2024-06-27 21:40:10 +0000",
      "minecraft:skeleton": "2024-06-26 20:47:08 +0000",
      "minecraft:ghast": "2024-06-29 18:54:03 +0000",
      "minecraft:magma_cube": "2024-06-27 22:44:34 +0000",
      "minecraft:spider": "2024-06-26 21:18:12 +0000",
      "minecraft:piglin_brute": "2024-06-27 22:17:28 +0000",
      "minecraft:creeper": "2024-06-26 23:20:59 +0000",
      "minecraft:slime": "2024-06-27 21:27:30 +0000",
      "quark:forgotten": "2024-06-27 20:01:56 +0000",
      "minecraft:phantom": "2024-06-27 12:56:30 +0000",
      "minecraft:wither_skeleton": "2024-06-27 21:17:17 +0000",
      "minecraft:cave_spider": "2024-06-29 18:10:58 +0000",
      "quark:wraith": "2024-06-29 20:02:12 +0000",
      "minecraft:piglin": "2024-06-27 22:19:12 +0000",
      "minecraft:enderman": "2024-06-26 23:38:21 +0000",
      "minecraft:vex": "2024-06-27 21:21:47 +0000",
      "minecraft:zombie": "2024-06-26 21:18:07 +0000",
      "quark:foxhound": "2024-06-27 22:16:22 +0000",
      "minecraft:zombie_villager": "2024-06-27 16:35:14 +0000"
    },
    "done": false
  },
  "minecraft:adventure/kill_a_mob": {
    "criteria": {
      "minecraft:skeleton": "2024-06-26 20:47:08 +0000"
    },
    "done": true
  },
  "minecraft:story/iron_tools": {
    "criteria": {
      "iron_pickaxe": "2024-06-26 20:54:20 +0000"
    },
    "done": true
  },
  "minecraft:story/obtain_armor": {
    "criteria": {
      "iron_helmet": "2024-06-26 21:23:05 +0000"
    },
    "done": true
  },
  "minecraft:adventure/shoot_arrow": {
    "criteria": {
      "shot_arrow": "2024-06-26 21:35:47 +0000"
    },
    "done": true
  },
  "minecraft:story/form_obsidian": {
    "criteria": {
      "obsidian": "2024-06-26 21:39:54 +0000"
    },
    "done": true
  },
  "minecraft:story/mine_diamond": {
    "criteria": {
      "diamond": "2024-06-26 22:00:24 +0000"
    },
    "done": true
  },
  "alexscaves:alexscaves/root": {
    "criteria": {
      "underground_cabin": "2024-06-26 22:22:11 +0000"
    },
    "done": true
  },
  "minecraft:story/lava_bucket": {
    "criteria": {
      "lava_bucket": "2024-06-26 22:31:02 +0000"
    },
    "done": true
  },
  "minecraft:adventure/avoid_vibration": {
    "criteria": {
      "avoid_vibration": "2024-06-26 22:41:10 +0000"
    },
    "done": true
  },
  "spartanweaponry:root": {
    "criteria": {
      "has_pole": "2024-06-26 23:06:59 +0000"
    },
    "done": true
  },
  "spartanweaponry:battleaxe": {
    "criteria": {
      "has_battleaxe": "2024-06-26 23:07:10 +0000"
    },
    "done": true
  },
  "minecraft:story/shiny_gear": {
    "criteria": {
      "diamond_chestplate": "2024-06-26 23:17:51 +0000"
    },
    "done": true
  },
  "artifacts:amateur_archaeologist": {
    "criteria": {
      "find_artifact": "2024-06-27 00:21:44 +0000"
    },
    "done": true
  },
  "spartanweaponry:katana": {
    "criteria": {
      "has_katana": "2024-06-27 11:18:54 +0000"
    },
    "done": true
  },
  "spartanweaponry:dagger": {
    "criteria": {
      "has_dagger": "2024-06-27 11:20:09 +0000"
    },
    "done": true
  },
  "alexsmobs:alexsmobs/grizzly_bear": {
    "criteria": {
      "killed_by": "2024-06-27 13:37:22 +0000"
    },
    "done": true
  },
  "minecraft:adventure/trade": {
    "criteria": {
      "traded": "2024-06-27 13:55:44 +0000"
    },
    "done": true
  },
  "minecraft:adventure/sniper_duel": {
    "criteria": {
      "killed_skeleton": "2024-06-27 16:00:52 +0000"
    },
    "done": true
  },
  "quark:get_forgotten_hat": {
    "criteria": {
      "get_forgotten_hat": "2024-06-27 20:01:57 +0000"
    },
    "done": true
  },
  "incendium:root": {
    "criteria": {
      "requirement": "2024-06-27 21:15:40 +0000"
    },
    "done": true
  },
  "minecraft:nether/root": {
    "criteria": {
      "entered_nether": "2024-06-27 21:15:40 +0000"
    },
    "done": true
  },
  "minecraft:story/enter_the_nether": {
    "criteria": {
      "entered_nether": "2024-06-27 21:15:40 +0000"
    },
    "done": true
  },
  "incendium:misc/soul_searcher": {
    "criteria": {
      "incendium:ash_barrens": "2024-06-29 19:16:21 +0000",
      "incendium:infernal_dunes": "2024-06-29 20:03:59 +0000",
      "incendium:quartz_flats": "2024-06-27 21:52:40 +0000",
      "incendium:inverted_forest": "2024-06-27 22:34:41 +0000",
      "incendium:volcanic_deltas": "2024-06-29 18:54:24 +0000",
      "incendium:toxic_heap": "2024-06-27 21:25:11 +0000",
      "incendium:withered_forest": "2024-06-27 21:15:51 +0000"
    },
    "done": false
  },
  "incendium:misc/root": {
    "criteria": {
      "incendium:withered_forest": "2024-06-27 21:15:51 +0000"
    },
    "done": true
  },
  "incendium:withered_forest/root": {
    "criteria": {
      "requirement": "2024-06-27 21:15:51 +0000"
    },
    "done": true
  },
  "alexsmobs:alexsmobs/straddler": {
    "criteria": {
      "killed_by": "2024-06-27 21:16:18 +0000"
    },
    "done": true
  },
  "incendium:withered_forest/kill_spirit": {
    "criteria": {
      "requirement": "2024-06-27 21:21:47 +0000"
    },
    "done": true
  },
  "minecraft:nether/explore_nether": {
    "criteria": {
      "minecraft:crimson_forest": "2024-06-27 21:46:35 +0000",
      "minecraft:nether_wastes": "2024-06-27 21:24:57 +0000",
      "minecraft:soul_sand_valley": "2024-06-27 21:50:37 +0000",
      "minecraft:warped_forest": "2024-06-29 20:09:20 +0000"
    },
    "done": false
  },
  "incendium:toxic_heap/root": {
    "criteria": {
      "requirement": "2024-06-27 21:25:11 +0000"
    },
    "done": true
  },
  "incendium:toxic_heap/slime_poison": {
    "criteria": {
      "poison": "2024-06-27 21:27:29 +0000"
    },
    "done": true
  },
  "minecraft:nether/find_fortress": {
    "criteria": {
      "fortress": "2024-06-27 21:29:07 +0000"
    },
    "done": true
  },
  "endrem:main/nether_eye": {
    "criteria": {
      "nether_eye": "2024-06-27 21:37:55 +0000"
    },
    "done": true
  },
  "endrem:main/root": {
    "criteria": {
      "nether_eye": "2024-06-27 21:37:55 +0000"
    },
    "done": true
  },
  "minecraft:nether/obtain_blaze_rod": {
    "criteria": {
      "blaze_rod": "2024-06-27 21:42:36 +0000"
    },
    "done": true
  },
  "incendium:infernal_dunes/pipeline/root": {
    "criteria": {
      "requirement": "2024-06-27 21:46:45 +0000"
    },
    "done": true
  },
  "incendium:infernal_dunes/pipeline/unlimited_power": {
    "criteria": {
      "requirement": "2024-06-27 21:47:23 +0000"
    },
    "done": true
  },
  "incendium:infernal_dunes/pipeline/kill_sentry": {
    "criteria": {
      "requirement": "2024-06-27 21:48:16 +0000"
    },
    "done": true
  },
  "incendium:quartz_flats/root": {
    "criteria": {
      "requirement": "2024-06-27 21:52:40 +0000"
    },
    "done": true
  },
  "incendium:infernal_dunes/pipeline/pipeline_treasure": {
    "criteria": {
      "requirement": "2024-06-27 21:54:48 +0000"
    },
    "done": true
  },
  "minecraft:nether/obtain_ancient_debris": {
    "criteria": {
      "ancient_debris": "2024-06-27 21:54:58 +0000"
    },
    "done": true
  },
  "incendium:quartz_flats/floor_is_tears": {
    "criteria": {
      "requirement": "2024-06-27 22:06:52 +0000"
    },
    "done": true
  },
  "minecraft:nether/find_bastion": {
    "criteria": {
      "bastion": "2024-06-27 22:16:50 +0000"
    },
    "done": true
  },
  "minecraft:nether/loot_bastion": {
    "criteria": {
      "loot_bastion_other": "2024-06-27 22:21:16 +0000"
    },
    "done": true
  },
  "endrem:main/cursed_eye": {
    "criteria": {
      "cursed_eye": "2024-06-27 22:28:55 +0000"
    },
    "done": true
  },
  "alexscaves:alexscaves/cave_tablet": {
    "criteria": {
      "cave_tablet": "2024-06-27 22:29:02 +0000"
    },
    "done": true
  },
  "minecraft:nether/get_wither_skull": {
    "criteria": {
      "wither_skull": "2024-06-27 23:05:02 +0000"
    },
    "done": true
  },
  "spartanweaponry:collect_heads": {
    "criteria": {
      "wither_skeleton_skull": "2024-06-27 23:05:02 +0000"
    },
    "done": false
  },
  "minecraft:husbandry/tame_an_animal": {
    "criteria": {
      "tamed_animal": "2024-06-27 23:26:30 +0000"
    },
    "done": true
  },
  "spartanweaponry:longbow": {
    "criteria": {
      "has_longbow": "2024-06-27 23:34:46 +0000"
    },
    "done": true
  },
  "spartanweaponry:heavy_crossbow": {
    "criteria": {
      "has_heavy_crossbow": "2024-06-27 23:38:05 +0000"
    },
    "done": true
  },
  "incendium:toxic_heap/nuclear_fusion": {
    "criteria": {
      "incendium:treasure": "2024-06-29 18:47:20 +0000"
    },
    "done": true
  },
  "incendium:toxic_heap/mystic_wisdom": {
    "criteria": {
      "waste": "2024-06-29 18:49:55 +0000",
      "junk": "2024-06-29 18:54:33 +0000",
      "treasure": "2024-06-29 18:47:20 +0000"
    },
    "done": false
  },
  "incendium:volcanic_deltas/root": {
    "criteria": {
      "incendium:volcanic_deltas": "2024-06-29 18:54:24 +0000"
    },
    "done": true
  },
  "incendium:ash_barrens/root": {
    "criteria": {
      "requirement": "2024-06-29 19:16:21 +0000"
    },
    "done": true
  },
  "incendium:technical/sentrys_wrath": {
    "criteria": {
      "log_spam_fixer": "2024-06-29 20:12:01 +0000"
    },
    "done": false
  },
  "incendium:technical/inventory/sentrys_wrath": {
    "criteria": {
      "log_spam_fixer": "2024-06-29 20:12:01 +0000"
    },
    "done": false
  },
  "incendium:technical/multiplex_crossbow": {
    "criteria": {
      "log_spam_fixer": "2024-06-29 20:12:01 +0000"
    },
    "done": false
  },
  "incendium:technical/firestorm": {
    "criteria": {
      "log_spam_fixer": "2024-06-29 20:12:01 +0000"
    },
    "done": false
  },
  "incendium:technical/holy_wrath": {
    "criteria": {
      "log_spam_fixer": "2024-06-29 20:12:01 +0000"
    },
    "done": false
  },
  "incendium:technical/on_block": {
    "criteria": {
      "log_spam_fixer": "2024-06-29 20:12:01 +0000"
    },
    "done": false
  },
  "incendium:technical/inventory/firestorm": {
    "criteria": {
      "log_spam_fixer": "2024-06-29 20:12:01 +0000"
    },
    "done": false
  },
  "incendium:technical/feed_ghastling": {
    "criteria": {
      "log_spam_fixer": "2024-06-29 20:12:01 +0000"
    },
    "done": false
  },
  "incendium:technical/on_inventory_change": {
    "criteria": {
      "log_spam_fixer": "2024-06-29 20:12:01 +0000"
    },
    "done": false
  },
  "incendium:technical/give_ghastling": {
    "criteria": {
      "log_spam_fixer": "2024-06-29 20:12:01 +0000"
    },
    "done": false
  },
  "incendium:technical/on_kill": {
    "criteria": {
      "log_spam_fixer": "2024-06-29 20:12:01 +0000"
    },
    "done": false
  },
  "incendium:technical/on_player_hurt": {
    "criteria": {
      "log_spam_fixer": "2024-06-29 20:12:01 +0000"
    },
    "done": false
  },
  "incendium:infernal_dunes/root": {
    "criteria": {
      "incendium:infernal_dunes": "2024-06-29 20:03:59 +0000"
    },
    "done": true
  },
  "alexsmobs:alexsmobs/crimson_mosquito": {
    "criteria": {
      "killed_by": "2024-06-29 20:04:41 +0000"
    },
    "done": true
  },
  "incendium:infernal_dunes/dune_blaze": {
    "criteria": {
      "requirement": "2024-06-29 20:04:03 +0000"
    },
    "done": true
  },
  "DataVersion": 3465
}