{
  "ironfurnaces:coal": {
    "criteria": {
      "rainbowcoal": "2024-06-26 20:14:39 +0000"
    },
    "done": true
  },
  "cataclysm:root": {
    "criteria": {
      "custom_test_name": "2024-06-26 20:14:40 +0000"
    },
    "done": true
  },
  "incendium:technical/new_player": {
    "criteria": {
      "requirement": "2024-06-26 20:14:40 +0000"
    },
    "done": true
  },
  "incendium:technical/using/trailblazer": {
    "criteria": {
      "log_spam_fixer": "2024-06-26 20:14:41 +0000"
    },
    "done": false
  },
  "incendium:technical/scroll_of_returning": {
    "criteria": {
      "log_spam_fixer": "2024-06-26 20:14:41 +0000"
    },
    "done": false
  },
  "incendium:technical/using/ragnarok": {
    "criteria": {
      "log_spam_fixer": "2024-06-26 20:14:41 +0000"
    },
    "done": false
  },
  "incendium:technical/using/shield": {
    "criteria": {
      "log_spam_fixer": "2024-06-26 20:14:41 +0000"
    },
    "done": false
  },
  "minecraft:husbandry/root": {
    "criteria": {
      "consumed_item": "2024-06-26 20:28:31 +0000"
    },
    "done": true
  },
  "alexsmobs:alexsmobs/root": {
    "criteria": {
      "useitem": "2024-06-26 20:28:31 +0000"
    },
    "done": true
  },
  "minecraft:adventure/adventuring_time": {
    "criteria": {
      "minecraft:snowy_slopes": "2024-06-27 00:34:49 +0000",
      "minecraft:cherry_grove": "2024-06-26 20:34:38 +0000",
      "minecraft:sunflower_plains": "2024-06-27 00:33:15 +0000",
      "minecraft:river": "2024-06-26 20:31:38 +0000",
      "minecraft:jagged_peaks": "2024-06-27 14:54:34 +0000",
      "minecraft:forest": "2024-06-26 21:46:39 +0000",
      "minecraft:ocean": "2024-06-27 00:38:43 +0000",
      "minecraft:frozen_peaks": "2024-06-27 00:35:06 +0000",
      "minecraft:deep_dark": "2024-06-27 14:47:37 +0000",
      "minecraft:meadow": "2024-06-26 20:28:55 +0000",
      "minecraft:savanna": "2024-06-26 20:47:08 +0000",
      "minecraft:plains": "2024-06-26 20:31:47 +0000"
    },
    "done": false
  },
  "minecraft:story/obtain_armor": {
    "criteria": {
      "iron_boots": "2024-06-26 20:30:15 +0000"
    },
    "done": true
  },
  "expanded_combat:root": {
    "criteria": {
      "crafting_table": "2024-06-26 20:32:06 +0000"
    },
    "done": true
  },
  "minecraft:story/root": {
    "criteria": {
      "crafting_table": "2024-06-26 20:32:06 +0000"
    },
    "done": true
  },
  "minecraft:husbandry/balanced_diet": {
    "criteria": {
      "cooked_porkchop": "2024-06-27 14:25:20 +0000",
      "cooked_mutton": "2024-06-27 14:06:48 +0000",
      "cooked_beef": "2024-06-26 20:43:48 +0000",
      "apple": "2024-06-27 14:18:51 +0000",
      "bread": "2024-06-26 20:32:13 +0000",
      "golden_apple": "2024-06-26 20:37:02 +0000",
      "melon_slice": "2024-06-27 20:37:28 +0000",
      "cooked_chicken": "2024-06-26 21:04:29 +0000",
      "cooked_salmon": "2024-06-26 22:27:50 +0000"
    },
    "done": false
  },
  "minecraft:husbandry/plant_seed": {
    "criteria": {
      "wheat": "2024-06-26 20:34:04 +0000"
    },
    "done": true
  },
  "minecraft:adventure/sleep_in_bed": {
    "criteria": {
      "slept_in_bed": "2024-06-26 20:34:51 +0000"
    },
    "done": true
  },
  "minecraft:story/upgrade_tools": {
    "criteria": {
      "stone_pickaxe": "2024-06-26 20:38:07 +0000"
    },
    "done": true
  },
  "minecraft:story/mine_stone": {
    "criteria": {
      "get_stone": "2024-06-26 20:39:00 +0000"
    },
    "done": true
  },
  "minecraft:story/smelt_iron": {
    "criteria": {
      "iron": "2024-06-26 20:43:11 +0000"
    },
    "done": true
  },
  "minecraft:story/iron_tools": {
    "criteria": {
      "iron_pickaxe": "2024-06-26 20:45:59 +0000"
    },
    "done": true
  },
  "minecraft:adventure/root": {
    "criteria": {
      "killed_something": "2024-06-26 21:03:57 +0000"
    },
    "done": true
  },
  "minecraft:adventure/kill_all_mobs": {
    "criteria": {
      "minecraft:skeleton": "2024-06-26 21:03:57 +0000",
      "minecraft:spider": "2024-06-26 21:12:34 +0000",
      "minecraft:creeper": "2024-06-26 23:20:28 +0000",
      "minecraft:phantom": "2024-06-26 23:23:06 +0000",
      "minecraft:witch": "2024-06-26 21:11:20 +0000",
      "minecraft:cave_spider": "2024-06-26 21:06:38 +0000",
      "minecraft:enderman": "2024-06-26 21:33:20 +0000",
      "minecraft:zombie": "2024-06-26 21:07:06 +0000",
      "minecraft:zombie_villager": "2024-06-27 19:36:48 +0000"
    },
    "done": false
  },
  "minecraft:adventure/kill_a_mob": {
    "criteria": {
      "minecraft:skeleton": "2024-06-26 21:03:57 +0000"
    },
    "done": true
  },
  "alexsmobs:alexsmobs/rocky_roller": {
    "criteria": {
      "killed_by": "2024-06-26 21:06:50 +0000"
    },
    "done": true
  },
  "minecraft:husbandry/axolotl_in_a_bucket": {
    "criteria": {
      "axolotl_bucket": "2024-06-26 21:07:21 +0000"
    },
    "done": true
  },
  "minecraft:story/mine_diamond": {
    "criteria": {
      "diamond": "2024-06-26 21:09:21 +0000"
    },
    "done": true
  },
  "spartanweaponry:collect_heads": {
    "criteria": {
      "zombie_head": "2024-06-26 21:11:16 +0000"
    },
    "done": false
  },
  "minecraft:story/form_obsidian": {
    "criteria": {
      "obsidian": "2024-06-26 21:20:47 +0000"
    },
    "done": true
  },
  "minecraft:story/shiny_gear": {
    "criteria": {
      "diamond_chestplate": "2024-06-26 21:54:54 +0000"
    },
    "done": true
  },
  "minecraft:husbandry/tame_an_animal": {
    "criteria": {
      "tamed_animal": "2024-06-27 00:32:05 +0000"
    },
    "done": true
  },
  "minecraft:husbandry/complete_catalogue": {
    "criteria": {
      "minecraft:siamese": "2024-06-27 14:04:46 +0000"
    },
    "done": false
  },
  "minecraft:adventure/shoot_arrow": {
    "criteria": {
      "shot_arrow": "2024-06-27 14:08:06 +0000"
    },
    "done": true
  },
  "artifacts:amateur_archaeologist": {
    "criteria": {
      "find_artifact": "2024-06-27 14:18:28 +0000"
    },
    "done": true
  },
  "spartanweaponry:dagger": {
    "criteria": {
      "has_dagger": "2024-06-27 14:23:00 +0000"
    },
    "done": true
  },
  "spartanweaponry:battleaxe": {
    "criteria": {
      "has_battleaxe": "2024-06-27 14:23:32 +0000"
    },
    "done": true
  },
  "minecraft:adventure/avoid_vibration": {
    "criteria": {
      "avoid_vibration": "2024-06-27 15:04:35 +0000"
    },
    "done": true
  },
  "spartanweaponry:root": {
    "criteria": {
      "has_handle": "2024-06-27 15:33:04 +0000"
    },
    "done": true
  },
  "DataVersion": 3465
}