{
  "cataclysm:root": {
    "criteria": {
      "custom_test_name": "2024-06-26 18:36:20 +0000"
    },
    "done": true
  },
  "incendium:technical/new_player": {
    "criteria": {
      "requirement": "2024-06-26 18:36:20 +0000"
    },
    "done": true
  },
  "ironfurnaces:coal": {
    "criteria": {
      "rainbowcoal": "2024-06-26 18:36:20 +0000"
    },
    "done": true
  },
  "incendium:technical/using/trailblazer": {
    "criteria": {
      "log_spam_fixer": "2024-06-26 18:36:21 +0000"
    },
    "done": false
  },
  "incendium:technical/scroll_of_returning": {
    "criteria": {
      "log_spam_fixer": "2024-06-26 18:36:21 +0000"
    },
    "done": false
  },
  "incendium:technical/using/ragnarok": {
    "criteria": {
      "log_spam_fixer": "2024-06-26 18:36:21 +0000"
    },
    "done": false
  },
  "incendium:technical/using/shield": {
    "criteria": {
      "log_spam_fixer": "2024-06-26 18:36:21 +0000"
    },
    "done": false
  },
  "minecraft:story/mine_stone": {
    "criteria": {
      "get_stone": "2024-06-26 18:37:25 +0000"
    },
    "done": true
  },
  "minecraft:adventure/adventuring_time": {
    "criteria": {
      "minecraft:snowy_slopes": "2024-06-26 18:52:18 +0000",
      "minecraft:old_growth_pine_taiga": "2024-06-26 19:14:39 +0000",
      "minecraft:taiga": "2024-06-26 19:15:16 +0000",
      "minecraft:sunflower_plains": "2024-06-26 18:46:41 +0000",
      "minecraft:beach": "2024-06-26 18:46:26 +0000",
      "minecraft:forest": "2024-06-26 19:08:30 +0000",
      "minecraft:lush_caves": "2024-06-26 19:11:39 +0000",
      "minecraft:flower_forest": "2024-06-26 18:38:49 +0000",
      "minecraft:old_growth_birch_forest": "2024-06-26 19:09:08 +0000",
      "minecraft:plains": "2024-06-26 18:51:50 +0000"
    },
    "done": false
  },
  "expanded_combat:root": {
    "criteria": {
      "crafting_table": "2024-06-26 18:46:58 +0000"
    },
    "done": true
  },
  "minecraft:adventure/root": {
    "criteria": {
      "killed_something": "2024-06-26 18:46:21 +0000"
    },
    "done": true
  },
  "minecraft:adventure/kill_all_mobs": {
    "criteria": {
      "minecraft:skeleton": "2024-06-26 19:02:53 +0000",
      "minecraft:spider": "2024-06-26 18:58:27 +0000",
      "minecraft:witch": "2024-06-26 19:14:24 +0000",
      "minecraft:zombie": "2024-06-26 19:03:21 +0000"
    },
    "done": false
  },
  "minecraft:story/iron_tools": {
    "criteria": {
      "iron_pickaxe": "2024-06-26 19:12:48 +0000"
    },
    "done": true
  },
  "minecraft:adventure/kill_a_mob": {
    "criteria": {
      "minecraft:spider": "2024-06-26 18:58:27 +0000"
    },
    "done": true
  },
  "alexsmobs:alexsmobs/seagull_steal": {
    "criteria": {
      "ex": "2024-06-26 18:51:28 +0000"
    },
    "done": true
  },
  "minecraft:husbandry/balanced_diet": {
    "criteria": {
      "sweet_berries": "2024-06-26 18:50:57 +0000",
      "cooked_chicken": "2024-06-26 18:57:58 +0000"
    },
    "done": false
  },
  "minecraft:husbandry/root": {
    "criteria": {
      "consumed_item": "2024-06-26 18:50:57 +0000"
    },
    "done": true
  },
  "minecraft:story/upgrade_tools": {
    "criteria": {
      "stone_pickaxe": "2024-06-26 18:49:30 +0000"
    },
    "done": true
  },
  "minecraft:story/root": {
    "criteria": {
      "crafting_table": "2024-06-26 18:46:58 +0000"
    },
    "done": true
  },
  "minecraft:story/smelt_iron": {
    "criteria": {
      "iron": "2024-06-26 19:12:31 +0000"
    },
    "done": true
  },
  "DataVersion": 3465
}