{
  "ironfurnaces:coal": {
    "criteria": {
      "rainbowcoal": "2024-06-26 20:14:39 +0000"
    },
    "done": true
  },
  "cataclysm:root": {
    "criteria": {
      "custom_test_name": "2024-06-26 20:14:40 +0000"
    },
    "done": true
  },
  "incendium:technical/new_player": {
    "criteria": {
      "requirement": "2024-06-26 20:14:40 +0000"
    },
    "done": true
  },
  "incendium:technical/using/trailblazer": {
    "criteria": {
      "log_spam_fixer": "2024-06-26 20:14:41 +0000"
    },
    "done": false
  },
  "incendium:technical/scroll_of_returning": {
    "criteria": {
      "log_spam_fixer": "2024-06-26 20:14:41 +0000"
    },
    "done": false
  },
  "incendium:technical/using/ragnarok": {
    "criteria": {
      "log_spam_fixer": "2024-06-26 20:14:41 +0000"
    },
    "done": false
  },
  "incendium:technical/using/shield": {
    "criteria": {
      "log_spam_fixer": "2024-06-26 20:14:41 +0000"
    },
    "done": false
  },
  "minecraft:husbandry/root": {
    "criteria": {
      "consumed_item": "2024-06-26 20:28:31 +0000"
    },
    "done": true
  },
  "alexsmobs:alexsmobs/root": {
    "criteria": {
      "useitem": "2024-06-26 20:28:31 +0000"
    },
    "done": true
  },
  "minecraft:adventure/adventuring_time": {
    "criteria": {
      "minecraft:snowy_slopes": "2024-06-27 00:34:49 +0000",
      "minecraft:old_growth_pine_taiga": "2024-06-27 21:14:20 +0000",
      "minecraft:cherry_grove": "2024-06-26 20:34:38 +0000",
      "minecraft:sunflower_plains": "2024-06-27 00:33:15 +0000",
      "minecraft:river": "2024-06-26 20:31:38 +0000",
      "minecraft:jagged_peaks": "2024-06-27 14:54:34 +0000",
      "minecraft:forest": "2024-06-26 21:46:39 +0000",
      "minecraft:ocean": "2024-06-27 00:38:43 +0000",
      "minecraft:frozen_peaks": "2024-06-27 00:35:06 +0000",
      "minecraft:deep_dark": "2024-06-27 14:47:37 +0000",
      "minecraft:meadow": "2024-06-26 20:28:55 +0000",
      "minecraft:savanna": "2024-06-26 20:47:08 +0000",
      "minecraft:plains": "2024-06-26 20:31:47 +0000"
    },
    "done": false
  },
  "minecraft:story/obtain_armor": {
    "criteria": {
      "iron_boots": "2024-06-26 20:30:15 +0000"
    },
    "done": true
  },
  "expanded_combat:root": {
    "criteria": {
      "crafting_table": "2024-06-26 20:32:06 +0000"
    },
    "done": true
  },
  "minecraft:story/root": {
    "criteria": {
      "crafting_table": "2024-06-26 20:32:06 +0000"
    },
    "done": true
  },
  "minecraft:husbandry/balanced_diet": {
    "criteria": {
      "cooked_porkchop": "2024-06-27 14:25:20 +0000",
      "cooked_mutton": "2024-06-27 14:06:48 +0000",
      "cooked_beef": "2024-06-26 20:43:48 +0000",
      "baked_potato": "2024-06-27 23:07:44 +0000",
      "apple": "2024-06-27 14:18:51 +0000",
      "potato": "2024-06-29 23:45:42 +0000",
      "bread": "2024-06-26 20:32:13 +0000",
      "golden_apple": "2024-06-26 20:37:02 +0000",
      "rotten_flesh": "2024-06-29 23:16:26 +0000",
      "melon_slice": "2024-06-27 20:37:28 +0000",
      "cooked_chicken": "2024-06-26 21:04:29 +0000",
      "cooked_salmon": "2024-06-26 22:27:50 +0000"
    },
    "done": false
  },
  "minecraft:husbandry/plant_seed": {
    "criteria": {
      "wheat": "2024-06-26 20:34:04 +0000"
    },
    "done": true
  },
  "minecraft:adventure/sleep_in_bed": {
    "criteria": {
      "slept_in_bed": "2024-06-26 20:34:51 +0000"
    },
    "done": true
  },
  "minecraft:story/upgrade_tools": {
    "criteria": {
      "stone_pickaxe": "2024-06-26 20:38:07 +0000"
    },
    "done": true
  },
  "minecraft:story/mine_stone": {
    "criteria": {
      "get_stone": "2024-06-26 20:39:00 +0000"
    },
    "done": true
  },
  "minecraft:story/smelt_iron": {
    "criteria": {
      "iron": "2024-06-26 20:43:11 +0000"
    },
    "done": true
  },
  "minecraft:story/iron_tools": {
    "criteria": {
      "iron_pickaxe": "2024-06-26 20:45:59 +0000"
    },
    "done": true
  },
  "minecraft:adventure/root": {
    "criteria": {
      "killed_something": "2024-06-26 21:03:57 +0000"
    },
    "done": true
  },
  "minecraft:adventure/kill_all_mobs": {
    "criteria": {
      "minecraft:blaze": "2024-06-27 21:30:28 +0000",
      "minecraft:skeleton": "2024-06-26 21:03:57 +0000",
      "minecraft:hoglin": "2024-06-27 22:15:40 +0000",
      "minecraft:magma_cube": "2024-06-27 21:34:11 +0000",
      "minecraft:spider": "2024-06-26 21:12:34 +0000",
      "minecraft:piglin_brute": "2024-06-27 22:28:26 +0000",
      "minecraft:creeper": "2024-06-26 23:20:28 +0000",
      "minecraft:slime": "2024-06-27 21:04:26 +0000",
      "minecraft:phantom": "2024-06-26 23:23:06 +0000",
      "minecraft:zombified_piglin": "2024-06-27 23:00:41 +0000",
      "minecraft:witch": "2024-06-26 21:11:20 +0000",
      "minecraft:wither_skeleton": "2024-06-27 21:40:28 +0000",
      "minecraft:cave_spider": "2024-06-26 21:06:38 +0000",
      "minecraft:piglin": "2024-06-27 21:44:37 +0000",
      "minecraft:enderman": "2024-06-26 21:33:20 +0000",
      "minecraft:silverfish": "2024-06-30 01:26:24 +0000",
      "minecraft:vex": "2024-06-27 22:07:09 +0000",
      "minecraft:zombie": "2024-06-26 21:07:06 +0000",
      "minecraft:zombie_villager": "2024-06-27 19:36:48 +0000"
    },
    "done": false
  },
  "minecraft:adventure/kill_a_mob": {
    "criteria": {
      "minecraft:skeleton": "2024-06-26 21:03:57 +0000"
    },
    "done": true
  },
  "alexsmobs:alexsmobs/rocky_roller": {
    "criteria": {
      "killed_by": "2024-06-26 21:06:50 +0000"
    },
    "done": true
  },
  "minecraft:husbandry/axolotl_in_a_bucket": {
    "criteria": {
      "axolotl_bucket": "2024-06-26 21:07:21 +0000"
    },
    "done": true
  },
  "minecraft:story/mine_diamond": {
    "criteria": {
      "diamond": "2024-06-26 21:09:21 +0000"
    },
    "done": true
  },
  "spartanweaponry:collect_heads": {
    "criteria": {
      "zombie_head": "2024-06-26 21:11:16 +0000",
      "wither_skeleton_skull": "2024-06-27 21:54:42 +0000"
    },
    "done": false
  },
  "minecraft:story/form_obsidian": {
    "criteria": {
      "obsidian": "2024-06-26 21:20:47 +0000"
    },
    "done": true
  },
  "minecraft:story/shiny_gear": {
    "criteria": {
      "diamond_chestplate": "2024-06-26 21:54:54 +0000"
    },
    "done": true
  },
  "minecraft:husbandry/tame_an_animal": {
    "criteria": {
      "tamed_animal": "2024-06-27 00:32:05 +0000"
    },
    "done": true
  },
  "minecraft:husbandry/complete_catalogue": {
    "criteria": {
      "minecraft:siamese": "2024-06-27 14:04:46 +0000"
    },
    "done": false
  },
  "minecraft:adventure/shoot_arrow": {
    "criteria": {
      "shot_arrow": "2024-06-27 14:08:06 +0000"
    },
    "done": true
  },
  "artifacts:amateur_archaeologist": {
    "criteria": {
      "find_artifact": "2024-06-27 14:18:28 +0000"
    },
    "done": true
  },
  "spartanweaponry:dagger": {
    "criteria": {
      "has_dagger": "2024-06-27 14:23:00 +0000"
    },
    "done": true
  },
  "spartanweaponry:battleaxe": {
    "criteria": {
      "has_battleaxe": "2024-06-27 14:23:32 +0000"
    },
    "done": true
  },
  "minecraft:adventure/avoid_vibration": {
    "criteria": {
      "avoid_vibration": "2024-06-27 15:04:35 +0000"
    },
    "done": true
  },
  "spartanweaponry:root": {
    "criteria": {
      "has_handle": "2024-06-27 15:33:04 +0000"
    },
    "done": true
  },
  "artifacts:chest_slayer": {
    "criteria": {
      "kill_mimic": "2024-06-27 21:06:31 +0000"
    },
    "done": true
  },
  "incendium:root": {
    "criteria": {
      "requirement": "2024-06-27 21:28:17 +0000"
    },
    "done": true
  },
  "minecraft:nether/root": {
    "criteria": {
      "entered_nether": "2024-06-27 21:28:17 +0000"
    },
    "done": true
  },
  "minecraft:story/enter_the_nether": {
    "criteria": {
      "entered_nether": "2024-06-27 21:28:17 +0000"
    },
    "done": true
  },
  "incendium:misc/soul_searcher": {
    "criteria": {
      "incendium:inverted_forest": "2024-06-27 22:23:42 +0000",
      "incendium:volcanic_deltas": "2024-06-27 21:29:29 +0000",
      "incendium:withered_forest": "2024-06-27 21:28:19 +0000"
    },
    "done": false
  },
  "incendium:misc/root": {
    "criteria": {
      "incendium:withered_forest": "2024-06-27 21:28:19 +0000"
    },
    "done": true
  },
  "incendium:withered_forest/root": {
    "criteria": {
      "requirement": "2024-06-27 21:28:19 +0000"
    },
    "done": true
  },
  "alexsmobs:alexsmobs/straddler": {
    "criteria": {
      "killed_by": "2024-06-27 21:28:47 +0000"
    },
    "done": true
  },
  "incendium:volcanic_deltas/root": {
    "criteria": {
      "incendium:volcanic_deltas": "2024-06-27 21:29:29 +0000"
    },
    "done": true
  },
  "incendium:misc/ruined_lab": {
    "criteria": {
      "requirement": "2024-06-27 21:42:52 +0000"
    },
    "done": true
  },
  "minecraft:nether/obtain_crying_obsidian": {
    "criteria": {
      "crying_obsidian": "2024-06-27 21:43:26 +0000"
    },
    "done": true
  },
  "minecraft:adventure/ol_betsy": {
    "criteria": {
      "shot_crossbow": "2024-06-27 21:48:38 +0000"
    },
    "done": true
  },
  "alexsmobs:alexsmobs/crimson_mosquito": {
    "criteria": {
      "killed_by": "2024-06-27 21:51:29 +0000"
    },
    "done": true
  },
  "minecraft:nether/get_wither_skull": {
    "criteria": {
      "wither_skull": "2024-06-27 21:54:42 +0000"
    },
    "done": true
  },
  "incendium:withered_forest/kill_spirit": {
    "criteria": {
      "requirement": "2024-06-27 22:07:09 +0000"
    },
    "done": true
  },
  "minecraft:nether/explore_nether": {
    "criteria": {
      "minecraft:crimson_forest": "2024-06-27 22:10:30 +0000",
      "minecraft:nether_wastes": "2024-06-27 22:56:15 +0000"
    },
    "done": false
  },
  "incendium:misc/loot_piglin_village": {
    "criteria": {
      "incendium:butcher": "2024-06-27 22:18:47 +0000"
    },
    "done": true
  },
  "minecraft:nether/find_bastion": {
    "criteria": {
      "bastion": "2024-06-27 22:24:20 +0000"
    },
    "done": true
  },
  "minecraft:nether/loot_bastion": {
    "criteria": {
      "loot_bastion_treasure": "2024-06-27 22:44:53 +0000"
    },
    "done": true
  },
  "minecraft:nether/find_fortress": {
    "criteria": {
      "fortress": "2024-06-27 22:58:48 +0000"
    },
    "done": true
  },
  "minecraft:nether/obtain_blaze_rod": {
    "criteria": {
      "blaze_rod": "2024-06-27 23:00:03 +0000"
    },
    "done": true
  },
  "alexsmobs:alexsmobs/rocky_shell": {
    "criteria": {
      "soul_heart": "2024-06-27 23:35:19 +0000"
    },
    "done": true
  },
  "spartanweaponry:greatsword": {
    "criteria": {
      "has_greatsword": "2024-06-27 23:37:32 +0000"
    },
    "done": true
  },
  "minecraft:adventure/trade": {
    "criteria": {
      "traded": "2024-06-27 23:48:51 +0000"
    },
    "done": true
  },
  "spartanweaponry:longbow": {
    "criteria": {
      "has_longbow": "2024-06-29 22:40:26 +0000"
    },
    "done": true
  },
  "spartanweaponry:heavy_crossbow": {
    "criteria": {
      "has_heavy_crossbow": "2024-06-29 22:40:27 +0000"
    },
    "done": true
  },
  "alexsmobs:alexsmobs/kangaroo": {
    "criteria": {
      "killed_by": "2024-06-30 19:01:39 +0000"
    },
    "done": true
  },
  "spartanweaponry:battle_hammer": {
    "criteria": {
      "has_battle_hammer": "2024-06-30 19:08:48 +0000"
    },
    "done": true
  },
  "DataVersion": 3465
}