{
  "cataclysm:root": {
    "criteria": {
      "custom_test_name": "2024-06-26 20:14:20 +0000"
    },
    "done": true
  },
  "incendium:technical/new_player": {
    "criteria": {
      "requirement": "2024-06-26 20:14:20 +0000"
    },
    "done": true
  },
  "ironfurnaces:coal": {
    "criteria": {
      "rainbowcoal": "2024-06-26 20:14:20 +0000"
    },
    "done": true
  },
  "incendium:technical/using/trailblazer": {
    "criteria": {
      "log_spam_fixer": "2024-06-26 20:14:22 +0000"
    },
    "done": false
  },
  "incendium:technical/scroll_of_returning": {
    "criteria": {
      "log_spam_fixer": "2024-06-26 20:14:22 +0000"
    },
    "done": false
  },
  "incendium:technical/using/ragnarok": {
    "criteria": {
      "log_spam_fixer": "2024-06-26 20:14:22 +0000"
    },
    "done": false
  },
  "incendium:technical/using/shield": {
    "criteria": {
      "log_spam_fixer": "2024-06-26 20:14:22 +0000"
    },
    "done": false
  },
  "expanded_combat:root": {
    "criteria": {
      "crafting_table": "2024-06-26 20:14:58 +0000"
    },
    "done": true
  },
  "minecraft:story/root": {
    "criteria": {
      "crafting_table": "2024-06-26 20:14:58 +0000"
    },
    "done": true
  },
  "minecraft:story/mine_stone": {
    "criteria": {
      "get_stone": "2024-06-26 20:15:33 +0000"
    },
    "done": true
  },
  "minecraft:story/upgrade_tools": {
    "criteria": {
      "stone_pickaxe": "2024-06-26 20:18:25 +0000"
    },
    "done": true
  },
  "minecraft:adventure/adventuring_time": {
    "criteria": {
      "minecraft:cherry_grove": "2024-06-27 10:14:16 +0000",
      "minecraft:river": "2024-06-26 20:31:08 +0000",
      "minecraft:forest": "2024-06-26 20:26:57 +0000",
      "minecraft:meadow": "2024-06-26 20:29:16 +0000",
      "minecraft:savanna": "2024-06-26 20:53:51 +0000",
      "minecraft:plains": "2024-06-26 20:33:45 +0000"
    },
    "done": false
  },
  "minecraft:husbandry/balanced_diet": {
    "criteria": {
      "cooked_porkchop": "2024-06-26 20:59:18 +0000",
      "cooked_mutton": "2024-06-26 21:19:22 +0000",
      "cooked_beef": "2024-06-26 23:29:37 +0000",
      "baked_potato": "2024-06-27 21:43:57 +0000",
      "porkchop": "2024-06-26 20:42:34 +0000",
      "apple": "2024-06-26 20:28:13 +0000",
      "bread": "2024-06-26 21:59:18 +0000",
      "salmon": "2024-06-26 20:45:42 +0000",
      "cooked_chicken": "2024-06-26 21:38:11 +0000",
      "cooked_salmon": "2024-06-26 21:33:52 +0000",
      "carrot": "2024-06-26 20:33:41 +0000"
    },
    "done": false
  },
  "minecraft:husbandry/root": {
    "criteria": {
      "consumed_item": "2024-06-26 20:28:13 +0000"
    },
    "done": true
  },
  "minecraft:story/smelt_iron": {
    "criteria": {
      "iron": "2024-06-26 20:30:36 +0000"
    },
    "done": true
  },
  "minecraft:husbandry/plant_seed": {
    "criteria": {
      "wheat": "2024-06-26 20:31:24 +0000"
    },
    "done": true
  },
  "minecraft:adventure/root": {
    "criteria": {
      "killed_by_something": "2024-06-26 20:32:16 +0000"
    },
    "done": true
  },
  "minecraft:adventure/sleep_in_bed": {
    "criteria": {
      "slept_in_bed": "2024-06-26 20:34:30 +0000"
    },
    "done": true
  },
  "minecraft:story/mine_diamond": {
    "criteria": {
      "diamond": "2024-06-26 20:44:20 +0000"
    },
    "done": true
  },
  "minecraft:adventure/kill_all_mobs": {
    "criteria": {
      "minecraft:skeleton": "2024-06-26 21:07:01 +0000",
      "minecraft:spider": "2024-06-26 23:24:29 +0000",
      "minecraft:creeper": "2024-06-26 21:18:42 +0000",
      "minecraft:phantom": "2024-06-27 23:27:12 +0000",
      "minecraft:cave_spider": "2024-06-29 18:41:34 +0000",
      "minecraft:enderman": "2024-06-27 10:21:34 +0000",
      "minecraft:zombie": "2024-06-26 21:02:09 +0000",
      "minecraft:drowned": "2024-06-29 19:57:16 +0000",
      "minecraft:zombie_villager": "2024-06-27 11:02:20 +0000"
    },
    "done": false
  },
  "minecraft:adventure/kill_a_mob": {
    "criteria": {
      "minecraft:zombie": "2024-06-26 21:02:09 +0000"
    },
    "done": true
  },
  "minecraft:adventure/shoot_arrow": {
    "criteria": {
      "shot_arrow": "2024-06-26 21:06:33 +0000"
    },
    "done": true
  },
  "minecraft:story/iron_tools": {
    "criteria": {
      "iron_pickaxe": "2024-06-26 22:38:31 +0000"
    },
    "done": true
  },
  "minecraft:story/form_obsidian": {
    "criteria": {
      "obsidian": "2024-06-26 22:58:40 +0000"
    },
    "done": true
  },
  "minecraft:story/lava_bucket": {
    "criteria": {
      "lava_bucket": "2024-06-26 23:21:45 +0000"
    },
    "done": true
  },
  "artifacts:amateur_archaeologist": {
    "criteria": {
      "find_artifact": "2024-06-27 00:17:10 +0000"
    },
    "done": true
  },
  "minecraft:story/deflect_arrow": {
    "criteria": {
      "deflected_projectile": "2024-06-27 10:15:38 +0000"
    },
    "done": true
  },
  "spartanweaponry:battle_hammer": {
    "criteria": {
      "has_battle_hammer": "2024-06-27 10:20:46 +0000"
    },
    "done": true
  },
  "spartanweaponry:saber": {
    "criteria": {
      "has_saber": "2024-06-27 10:39:10 +0000"
    },
    "done": true
  },
  "minecraft:story/obtain_armor": {
    "criteria": {
      "iron_chestplate": "2024-06-27 10:47:22 +0000"
    },
    "done": true
  },
  "spartanweaponry:flanged_mace": {
    "criteria": {
      "has_flanged_mace": "2024-06-27 10:51:27 +0000"
    },
    "done": true
  },
  "minecraft:adventure/ol_betsy": {
    "criteria": {
      "shot_crossbow": "2024-06-27 10:57:07 +0000"
    },
    "done": true
  },
  "spartanweaponry:longsword": {
    "criteria": {
      "has_longsword": "2024-06-27 10:58:17 +0000"
    },
    "done": true
  },
  "spartanweaponry:root": {
    "criteria": {
      "has_handle": "2024-06-27 11:35:08 +0000"
    },
    "done": true
  },
  "spartanweaponry:longbow": {
    "criteria": {
      "has_longbow": "2024-06-27 11:35:14 +0000"
    },
    "done": true
  },
  "spartanweaponry:boomerang": {
    "criteria": {
      "has_boomerang": "2024-06-27 11:38:50 +0000"
    },
    "done": true
  },
  "minecraft:adventure/trade": {
    "criteria": {
      "traded": "2024-06-27 12:42:50 +0000"
    },
    "done": true
  },
  "minecraft:story/shiny_gear": {
    "criteria": {
      "diamond_leggings": "2024-06-27 21:15:21 +0000"
    },
    "done": true
  },
  "alexsmobs:alexsmobs/emu_dodge": {
    "criteria": {
      "ex": "2024-06-27 22:23:30 +0000"
    },
    "done": true
  },
  "spartanweaponry:dagger": {
    "criteria": {
      "has_dagger": "2024-06-27 22:29:14 +0000"
    },
    "done": true
  },
  "incendium:root": {
    "criteria": {
      "requirement": "2024-06-27 22:49:36 +0000"
    },
    "done": true
  },
  "minecraft:nether/root": {
    "criteria": {
      "entered_nether": "2024-06-27 22:49:36 +0000"
    },
    "done": true
  },
  "incendium:misc/soul_searcher": {
    "criteria": {
      "incendium:withered_forest": "2024-06-27 22:49:36 +0000"
    },
    "done": false
  },
  "incendium:misc/root": {
    "criteria": {
      "incendium:withered_forest": "2024-06-27 22:49:36 +0000"
    },
    "done": true
  },
  "minecraft:story/enter_the_nether": {
    "criteria": {
      "entered_nether": "2024-06-27 22:49:36 +0000"
    },
    "done": true
  },
  "incendium:withered_forest/root": {
    "criteria": {
      "requirement": "2024-06-27 22:49:36 +0000"
    },
    "done": true
  },
  "spartanweaponry:heavy_crossbow": {
    "criteria": {
      "has_heavy_crossbow": "2024-06-27 23:38:21 +0000"
    },
    "done": true
  },
  "alexsmobs:alexsmobs/straddler": {
    "criteria": {
      "killed_by": "2024-06-29 18:52:57 +0000"
    },
    "done": true
  },
  "alexsmobs:alexsmobs/murmur": {
    "criteria": {
      "killed_by": "2024-06-29 19:03:23 +0000"
    },
    "done": true
  },
  "spartanweaponry:warhammer": {
    "criteria": {
      "has_warhammer": "2024-06-29 19:18:05 +0000"
    },
    "done": true
  },
  "spartanweaponry:katana": {
    "criteria": {
      "has_katana": "2024-06-29 19:20:39 +0000"
    },
    "done": true
  },
  "minecraft:story/enchant_item": {
    "criteria": {
      "enchanted_item": "2024-06-29 19:44:49 +0000"
    },
    "done": true
  },
  "DataVersion": 3465
}