{
  "cataclysm:root": {
    "criteria": {
      "custom_test_name": "2024-06-26 20:05:27 +0000"
    },
    "done": true
  },
  "incendium:technical/new_player": {
    "criteria": {
      "requirement": "2024-06-26 20:05:27 +0000"
    },
    "done": true
  },
  "ironfurnaces:coal": {
    "criteria": {
      "rainbowcoal": "2024-06-26 20:05:27 +0000"
    },
    "done": true
  },
  "incendium:technical/using/trailblazer": {
    "criteria": {
      "log_spam_fixer": "2024-06-26 20:05:29 +0000"
    },
    "done": false
  },
  "incendium:technical/scroll_of_returning": {
    "criteria": {
      "log_spam_fixer": "2024-06-26 20:05:29 +0000"
    },
    "done": false
  },
  "incendium:technical/using/ragnarok": {
    "criteria": {
      "log_spam_fixer": "2024-06-26 20:05:29 +0000"
    },
    "done": false
  },
  "incendium:technical/using/shield": {
    "criteria": {
      "log_spam_fixer": "2024-06-26 20:05:29 +0000"
    },
    "done": false
  },
  "minecraft:adventure/adventuring_time": {
    "criteria": {
      "minecraft:old_growth_pine_taiga": "2024-06-26 22:05:27 +0000",
      "minecraft:taiga": "2024-06-26 22:08:09 +0000",
      "minecraft:cherry_grove": "2024-06-26 20:41:15 +0000",
      "minecraft:birch_forest": "2024-06-27 00:27:07 +0000",
      "minecraft:beach": "2024-06-27 00:29:26 +0000",
      "minecraft:dark_forest": "2024-06-26 22:13:32 +0000",
      "minecraft:river": "2024-06-26 20:13:08 +0000",
      "minecraft:cold_ocean": "2024-06-27 00:29:30 +0000",
      "minecraft:forest": "2024-06-26 20:13:02 +0000",
      "minecraft:old_growth_spruce_taiga": "2024-06-26 22:13:50 +0000",
      "minecraft:meadow": "2024-06-26 20:19:44 +0000",
      "minecraft:savanna": "2024-06-26 21:10:59 +0000",
      "minecraft:plains": "2024-06-26 20:43:32 +0000"
    },
    "done": false
  },
  "minecraft:husbandry/root": {
    "criteria": {
      "consumed_item": "2024-06-26 20:13:35 +0000"
    },
    "done": true
  },
  "alexsmobs:alexsmobs/root": {
    "criteria": {
      "useitem": "2024-06-26 20:13:35 +0000"
    },
    "done": true
  },
  "minecraft:adventure/root": {
    "criteria": {
      "killed_something": "2024-06-26 20:16:14 +0000"
    },
    "done": true
  },
  "minecraft:adventure/kill_all_mobs": {
    "criteria": {
      "minecraft:skeleton": "2024-06-26 22:00:33 +0000",
      "minecraft:spider": "2024-06-26 20:16:14 +0000",
      "minecraft:creeper": "2024-06-26 22:00:21 +0000",
      "minecraft:cave_spider": "2024-06-26 23:19:30 +0000",
      "minecraft:zombie": "2024-06-26 21:03:43 +0000"
    },
    "done": false
  },
  "minecraft:adventure/kill_a_mob": {
    "criteria": {
      "minecraft:spider": "2024-06-26 20:16:14 +0000"
    },
    "done": true
  },
  "expanded_combat:root": {
    "criteria": {
      "crafting_table": "2024-06-26 20:17:04 +0000"
    },
    "done": true
  },
  "minecraft:story/root": {
    "criteria": {
      "crafting_table": "2024-06-26 20:17:04 +0000"
    },
    "done": true
  },
  "minecraft:husbandry/balanced_diet": {
    "criteria": {
      "cooked_porkchop": "2024-06-26 22:50:27 +0000",
      "apple": "2024-06-26 20:17:53 +0000",
      "bread": "2024-06-26 20:27:54 +0000"
    },
    "done": false
  },
  "minecraft:story/smelt_iron": {
    "criteria": {
      "iron": "2024-06-26 20:33:04 +0000"
    },
    "done": true
  },
  "minecraft:adventure/sleep_in_bed": {
    "criteria": {
      "slept_in_bed": "2024-06-26 20:34:34 +0000"
    },
    "done": true
  },
  "minecraft:story/mine_stone": {
    "criteria": {
      "get_stone": "2024-06-26 20:59:16 +0000"
    },
    "done": true
  },
  "spartanweaponry:root": {
    "criteria": {
      "has_handle": "2024-06-26 21:17:06 +0000"
    },
    "done": true
  },
  "spartanweaponry:saber": {
    "criteria": {
      "has_saber": "2024-06-26 21:17:56 +0000"
    },
    "done": true
  },
  "minecraft:story/lava_bucket": {
    "criteria": {
      "lava_bucket": "2024-06-26 21:20:20 +0000"
    },
    "done": true
  },
  "minecraft:story/upgrade_tools": {
    "criteria": {
      "stone_pickaxe": "2024-06-26 21:24:42 +0000"
    },
    "done": true
  },
  "alexsmobs:alexsmobs/kangaroo": {
    "criteria": {
      "killed_by": "2024-06-26 22:01:14 +0000"
    },
    "done": true
  },
  "alexsmobs:alexsmobs/emu": {
    "criteria": {
      "killed_by": "2024-06-26 22:03:07 +0000"
    },
    "done": true
  },
  "alexsmobs:alexsmobs/banana_slug": {
    "criteria": {
      "killed_by": "2024-06-26 22:07:15 +0000"
    },
    "done": true
  },
  "artifacts:amateur_archaeologist": {
    "criteria": {
      "find_artifact": "2024-06-26 22:08:50 +0000"
    },
    "done": true
  },
  "minecraft:adventure/salvage_sherd": {
    "criteria": {
      "has_sherd": "2024-06-26 22:09:30 +0000"
    },
    "done": false
  },
  "alexsmobs:alexsmobs/grizzly_bear": {
    "criteria": {
      "killed_by": "2024-06-26 22:12:40 +0000"
    },
    "done": true
  },
  "minecraft:story/iron_tools": {
    "criteria": {
      "iron_pickaxe": "2024-06-26 22:52:48 +0000"
    },
    "done": true
  },
  "minecraft:story/mine_diamond": {
    "criteria": {
      "diamond": "2024-06-26 23:01:57 +0000"
    },
    "done": true
  },
  "minecraft:story/deflect_arrow": {
    "criteria": {
      "deflected_projectile": "2024-06-26 23:17:54 +0000"
    },
    "done": true
  },
  "spartanweaponry:collect_heads": {
    "criteria": {
      "zombie_head": "2024-06-26 23:19:40 +0000"
    },
    "done": false
  },
  "minecraft:story/obtain_armor": {
    "criteria": {
      "iron_helmet": "2024-06-26 23:31:36 +0000"
    },
    "done": true
  },
  "spartanweaponry:longbow": {
    "criteria": {
      "has_longbow": "2024-06-26 23:35:50 +0000"
    },
    "done": true
  },
  "minecraft:story/form_obsidian": {
    "criteria": {
      "obsidian": "2024-06-26 23:46:27 +0000"
    },
    "done": true
  },
  "minecraft:adventure/shoot_arrow": {
    "criteria": {
      "shot_arrow": "2024-06-26 23:50:53 +0000"
    },
    "done": true
  },
  "minecraft:husbandry/tame_an_animal": {
    "criteria": {
      "tamed_animal": "2024-06-27 00:10:33 +0000"
    },
    "done": true
  },
  "minecraft:husbandry/plant_seed": {
    "criteria": {
      "wheat": "2024-06-27 00:20:44 +0000"
    },
    "done": true
  },
  "spartanweaponry:katana": {
    "criteria": {
      "has_katana": "2024-06-27 10:14:47 +0000"
    },
    "done": true
  },
  "minecraft:husbandry/bred_all_animals": {
    "criteria": {
      "minecraft:wolf": "2024-06-27 10:21:48 +0000"
    },
    "done": false
  },
  "minecraft:husbandry/breed_an_animal": {
    "criteria": {
      "bred": "2024-06-27 10:21:48 +0000"
    },
    "done": true
  },
  "spartanweaponry:boomerang": {
    "criteria": {
      "has_boomerang": "2024-06-27 10:57:43 +0000"
    },
    "done": true
  },
  "minecraft:adventure/trade": {
    "criteria": {
      "traded": "2024-06-27 11:11:03 +0000"
    },
    "done": true
  },
  "DataVersion": 3465
}