{
  "ironfurnaces:coal": {
    "criteria": {
      "rainbowcoal": "2024-06-26 13:55:25 +0000"
    },
    "done": true
  },
  "cataclysm:root": {
    "criteria": {
      "custom_test_name": "2024-06-26 13:55:26 +0000"
    },
    "done": true
  },
  "incendium:technical/new_player": {
    "criteria": {
      "requirement": "2024-06-26 13:55:26 +0000"
    },
    "done": true
  },
  "incendium:technical/using/trailblazer": {
    "criteria": {
      "log_spam_fixer": "2024-06-26 13:55:27 +0000"
    },
    "done": false
  },
  "incendium:technical/scroll_of_returning": {
    "criteria": {
      "log_spam_fixer": "2024-06-26 13:55:27 +0000"
    },
    "done": false
  },
  "incendium:technical/using/ragnarok": {
    "criteria": {
      "log_spam_fixer": "2024-06-26 13:55:27 +0000"
    },
    "done": false
  },
  "incendium:technical/using/shield": {
    "criteria": {
      "log_spam_fixer": "2024-06-26 13:55:27 +0000"
    },
    "done": false
  },
  "minecraft:adventure/adventuring_time": {
    "criteria": {
      "minecraft:snowy_slopes": "2024-06-26 18:55:26 +0000",
      "minecraft:sunflower_plains": "2024-06-26 18:34:00 +0000",
      "minecraft:beach": "2024-06-26 18:40:38 +0000",
      "minecraft:flower_forest": "2024-06-26 18:38:17 +0000",
      "minecraft:plains": "2024-06-26 18:52:18 +0000"
    },
    "done": false
  },
  "minecraft:husbandry/balanced_diet": {
    "criteria": {
      "apple": "2024-06-26 18:53:01 +0000",
      "bread": "2024-06-26 18:36:21 +0000"
    },
    "done": false
  },
  "minecraft:husbandry/root": {
    "criteria": {
      "consumed_item": "2024-06-26 18:36:21 +0000"
    },
    "done": true
  },
  "expanded_combat:root": {
    "criteria": {
      "crafting_table": "2024-06-26 18:41:10 +0000"
    },
    "done": true
  },
  "minecraft:story/root": {
    "criteria": {
      "crafting_table": "2024-06-26 18:41:10 +0000"
    },
    "done": true
  },
  "minecraft:adventure/root": {
    "criteria": {
      "killed_something": "2024-06-26 18:50:46 +0000"
    },
    "done": true
  },
  "minecraft:adventure/kill_all_mobs": {
    "criteria": {
      "minecraft:zombie": "2024-06-26 18:50:46 +0000"
    },
    "done": false
  },
  "minecraft:adventure/kill_a_mob": {
    "criteria": {
      "minecraft:zombie": "2024-06-26 18:50:46 +0000"
    },
    "done": true
  },
  "minecraft:story/mine_stone": {
    "criteria": {
      "get_stone": "2024-06-26 18:49:42 +0000"
    },
    "done": true
  },
  "DataVersion": 3465
}