{
  "ironfurnaces:coal": {
    "criteria": {
      "rainbowcoal": "2024-06-26 13:55:25 +0000"
    },
    "done": true
  },
  "cataclysm:root": {
    "criteria": {
      "custom_test_name": "2024-06-26 13:55:26 +0000"
    },
    "done": true
  },
  "incendium:technical/new_player": {
    "criteria": {
      "requirement": "2024-06-26 13:55:26 +0000"
    },
    "done": true
  },
  "incendium:technical/using/trailblazer": {
    "criteria": {
      "log_spam_fixer": "2024-06-26 13:55:27 +0000"
    },
    "done": false
  },
  "incendium:technical/scroll_of_returning": {
    "criteria": {
      "log_spam_fixer": "2024-06-26 13:55:27 +0000"
    },
    "done": false
  },
  "incendium:technical/using/ragnarok": {
    "criteria": {
      "log_spam_fixer": "2024-06-26 13:55:27 +0000"
    },
    "done": false
  },
  "incendium:technical/using/shield": {
    "criteria": {
      "log_spam_fixer": "2024-06-26 13:55:27 +0000"
    },
    "done": false
  },
  "minecraft:adventure/adventuring_time": {
    "criteria": {
      "minecraft:snowy_slopes": "2024-06-26 18:55:26 +0000",
      "minecraft:old_growth_pine_taiga": "2024-06-26 19:12:40 +0000",
      "minecraft:taiga": "2024-06-26 19:10:41 +0000",
      "minecraft:sunflower_plains": "2024-06-26 18:34:00 +0000",
      "minecraft:beach": "2024-06-26 18:40:38 +0000",
      "minecraft:cold_ocean": "2024-06-26 19:22:00 +0000",
      "minecraft:forest": "2024-06-26 19:08:18 +0000",
      "minecraft:lush_caves": "2024-06-26 19:27:42 +0000",
      "minecraft:old_growth_spruce_taiga": "2024-06-26 19:11:03 +0000",
      "minecraft:flower_forest": "2024-06-26 18:38:17 +0000",
      "minecraft:old_growth_birch_forest": "2024-06-26 19:09:06 +0000",
      "minecraft:plains": "2024-06-26 18:52:18 +0000"
    },
    "done": false
  },
  "minecraft:husbandry/balanced_diet": {
    "criteria": {
      "cooked_porkchop": "2024-06-26 19:20:02 +0000",
      "cooked_mutton": "2024-06-26 18:58:58 +0000",
      "cooked_beef": "2024-06-26 19:09:30 +0000",
      "apple": "2024-06-26 18:53:01 +0000",
      "mutton": "2024-06-26 18:57:00 +0000",
      "bread": "2024-06-26 18:36:21 +0000",
      "cooked_chicken": "2024-06-26 18:58:05 +0000"
    },
    "done": false
  },
  "minecraft:husbandry/root": {
    "criteria": {
      "consumed_item": "2024-06-26 18:36:21 +0000"
    },
    "done": true
  },
  "expanded_combat:root": {
    "criteria": {
      "crafting_table": "2024-06-26 18:41:10 +0000"
    },
    "done": true
  },
  "minecraft:story/root": {
    "criteria": {
      "crafting_table": "2024-06-26 18:41:10 +0000"
    },
    "done": true
  },
  "spartanweaponry:longsword": {
    "criteria": {
      "has_longsword": "2024-06-26 19:05:42 +0000"
    },
    "done": true
  },
  "minecraft:adventure/root": {
    "criteria": {
      "killed_something": "2024-06-26 18:50:46 +0000"
    },
    "done": true
  },
  "minecraft:adventure/kill_all_mobs": {
    "criteria": {
      "minecraft:spider": "2024-06-26 18:57:20 +0000",
      "minecraft:zombie": "2024-06-26 18:50:46 +0000"
    },
    "done": false
  },
  "minecraft:adventure/kill_a_mob": {
    "criteria": {
      "minecraft:zombie": "2024-06-26 18:50:46 +0000"
    },
    "done": true
  },
  "alexsmobs:alexsmobs/seagull_steal": {
    "criteria": {
      "ex": "2024-06-26 19:07:59 +0000"
    },
    "done": true
  },
  "minecraft:story/mine_stone": {
    "criteria": {
      "get_stone": "2024-06-26 18:49:42 +0000"
    },
    "done": true
  },
  "minecraft:story/upgrade_tools": {
    "criteria": {
      "stone_pickaxe": "2024-06-26 19:04:13 +0000"
    },
    "done": true
  },
  "minecraft:adventure/walk_on_powder_snow_with_leather_boots": {
    "criteria": {
      "walk_on_powder_snow_with_leather_boots": "2024-06-26 19:00:02 +0000"
    },
    "done": true
  },
  "minecraft:adventure/salvage_sherd": {
    "criteria": {
      "has_sherd": "2024-06-26 19:09:12 +0000"
    },
    "done": false
  },
  "minecraft:story/smelt_iron": {
    "criteria": {
      "iron": "2024-06-26 19:17:58 +0000"
    },
    "done": true
  },
  "DataVersion": 3465
}